userId,작성일,평균기온(°C),옷 조합,온도
1,2024-04-24,13.2,"구두/로퍼, 반바지, 반팔 티, 셔츠/블라우스, 액세서리 없음, 재킷","[10, 15)"
1,2024-04-19,17.6,"기타 모자, 반바지, 반팔 티, 운동화, 재킷","[15, 20)"
1,2024-04-15,16.0,"구두/로퍼, 반바지, 반팔 티, 장목양말, 재킷","[15, 20)"
1,2024-04-09,15.3,"구두/로퍼, 나일론 팬츠, 반팔 티, 아우터 없음, 액세서리 없음","[15, 20)"
1,2024-04-05,14.0,"구두/로퍼, 면바지, 반팔 티, 액세서리 없음, 집업","[10, 15)"
1,2024-04-02,15.4,"구두/로퍼, 기타 모자, 긴팔 티, 데님팬츠, 집업","[15, 20)"
1,2024-03-26,7.4,"구두/로퍼, 기타 모자, 긴팔 티, 데님팬츠, 재킷","[5, 10)"
1,2024-03-22,10.4,"데님팬츠, 반팔 티, 액세서리 없음, 운동화, 재킷","[10, 15)"
1,2024-03-21,5.0,"기타 모자, 긴팔 티, 데님팬츠, 레더부츠, 재킷","[5, 10)"
1,2024-03-20,4.4,"기타 모자, 긴팔 티, 나일론 팬츠, 운동화, 재킷, 집업","[0, 5)"
1,2024-03-17,8.8,"기타 모자, 레더부츠, 반팔 티, 재킷, 트레이닝/조거 팬츠","[5, 10)"
1,2024-03-13,6.5,"기타 모자, 긴팔 티, 데님팬츠, 운동화, 재킷","[5, 10)"
1,2024-03-12,6.6,"기타 모자, 긴팔 티, 데님팬츠, 바람막이, 운동화","[5, 10)"
1,2024-03-11,6.2,"기타 모자, 운동화, 재킷, 트레이닝/조거 팬츠, 후드티","[5, 10)"
1,2024-03-07,3.9,"구두/로퍼, 면바지, 반팔 티, 액세서리 없음, 재킷","[0, 5)"
1,2024-03-04,5.4,"기타 모자, 긴팔 티, 데님팬츠, 스니커즈/캔버스, 점퍼","[5, 10)"
1,2024-02-29,4.8,"기타 모자, 니트, 데님팬츠, 반팔 티, 운동화, 재킷","[0, 5)"
1,2024-02-26,3.8,"구두/로퍼, 긴팔 티, 데님팬츠, 액세서리 없음, 재킷","[0, 5)"
1,2024-02-26,3.8,"기타 모자, 긴팔 티, 면바지, 스니커즈/캔버스, 점퍼","[0, 5)"
1,2024-02-22,0.2,"기타 모자, 긴팔 티, 운동화, 트레이닝/조거 팬츠, 패딩","[0, 5)"
1,2024-02-20,4.3,"긴팔 티, 데님팬츠, 레더부츠, 액세서리 없음, 재킷, 집업","[0, 5)"
1,2024-02-18,6.2,"구두/로퍼, 데님팬츠, 셔츠/블라우스, 양말, 재킷, 후드티","[5, 10)"
1,2024-02-16,2.3,"기타 모자, 데님팬츠, 운동화, 점퍼, 후드티","[0, 5)"
1,2024-02-13,8.2,"구두/로퍼, 니트, 면바지, 바람막이, 비니, 조끼","[5, 10)"
1,2024-02-08,0.6,"긴팔 티, 데님팬츠, 바람막이, 액세서리 없음, 운동화","[0, 5)"
1,2024-02-07,0.6,"기타 모자, 데님팬츠, 운동화, 패딩, 후드티","[0, 5)"
1,2024-02-06,1.2,"기타 모자, 맨투맨, 면바지, 스니커즈/캔버스, 점퍼","[0, 5)"
1,2024-01-24,-8.0,"기타 모자, 데님팬츠, 운동화, 패딩, 후드티","[-10, -5)"
1,2024-01-23,-11.7,"긴팔 티, 데님팬츠, 스니커즈/캔버스, 털 모자, 패딩",
1,2024-01-12,0.9,"스니커즈/캔버스, 액세서리 없음, 재킷, 카고바지, 후드티","[0, 5)"
1,2024-01-04,1.4,"구두/로퍼, 긴팔 티, 데님팬츠, 액세서리 없음, 코트","[0, 5)"
1,2024-01-03,1.8,"기타 모자, 데님팬츠, 반팔 티, 셔츠/블라우스, 운동화, 재킷","[0, 5)"
1,2024-01-02,2.9,"기타 모자, 데님팬츠, 레더부츠, 맨투맨, 점퍼","[0, 5)"
1,2023-12-31,2.1,"구두/로퍼, 니트, 데님팬츠, 반팔 티, 액세서리 없음, 점퍼","[0, 5)"
1,2023-12-13,6.8,"구두/로퍼, 기타 모자, 긴팔 티, 면바지, 재킷","[5, 10)"
1,2023-12-12,5.4,"가디건, 구두/로퍼, 니트, 면바지, 비니","[5, 10)"
1,2023-12-08,11.2,"긴팔 티, 액세서리 없음, 운동화, 재킷, 카고바지","[10, 15)"
1,2023-12-04,2.7,"긴팔 티, 데님팬츠, 스니커즈/캔버스, 재킷, 털 모자","[0, 5)"
1,2023-11-24,-1.5,"구두/로퍼, 긴팔 티, 데님팬츠, 액세서리 없음, 패딩","[-5, 0)"
1,2023-11-21,7.4,"구두/로퍼, 긴팔 티, 면바지, 액세서리 없음, 재킷","[5, 10)"
1,2023-11-14,5.0,"니트, 반팔 티, 비니, 운동화, 재킷, 카고바지","[5, 10)"
1,2023-10-30,15.1,"구두/로퍼, 기타 모자, 니트, 면바지, 반팔 티, 재킷","[15, 20)"
1,2023-10-30,15.1,"가디건, 긴팔 티, 면바지, 운동화, 장목양말","[15, 20)"
1,2023-10-20,11.6,"가디건, 구두/로퍼, 데님팬츠, 반팔 티, 셔츠/블라우스, 액세서리 없음","[10, 15)"
1,2023-10-05,14.2,"면바지, 반팔 티, 셔츠/블라우스, 스니커즈/캔버스, 아우터 없음, 액세서리 없음","[10, 15)"
1,2023-08-30,22.8,"반바지, 반팔 셔츠/블라우스, 반팔 티, 스니커즈/캔버스, 아우터 없음, 장목양말","[20, 25)"
1,2023-08-27,26.1,"데님팬츠, 반팔 티, 액세서리 없음, 운동화, 조끼","[25, 30)"
1,2023-08-14,28.1,"데님팬츠, 반팔 티, 스니커즈/캔버스, 아우터 없음, 액세서리 없음","[25, 30)"
1,2023-08-08,30.9,"반바지, 반팔 티, 아우터 없음, 운동화, 장목양말","[30, 35)"
1,2023-08-03,29.5,"면바지, 반팔 셔츠/블라우스, 반팔 티, 스니커즈/캔버스, 아우터 없음, 액세서리 없음","[25, 30)"
1,2023-07-26,27.6,"기타 모자, 반바지, 반팔 셔츠/블라우스, 반팔 티, 아우터 없음, 운동화, 장목양말","[25, 30)"
1,2023-07-23,25.2,"반바지, 반팔 셔츠/블라우스, 반팔 티, 스니커즈/캔버스, 아우터 없음, 장목양말","[25, 30)"
1,2023-07-20,27.9,"구두/로퍼, 반바지, 반팔 티, 셔츠/블라우스, 아우터 없음, 장목양말","[25, 30)"
1,2023-07-12,25.8,"반바지, 반팔 티, 스니커즈/캔버스, 아우터 없음, 장목양말","[25, 30)"
1,2023-07-06,27.3,"반바지, 반팔 티, 스니커즈/캔버스, 아우터 없음, 장목양말","[25, 30)"
1,2023-07-05,24.5,"데님팬츠, 반팔 티, 스니커즈/캔버스, 아우터 없음, 액세서리 없음","[20, 25)"
1,2023-06-21,20.5,"반바지, 반팔 티, 아우터 없음, 운동화, 장목양말","[20, 25)"
1,2023-06-13,22.0,"반바지, 반팔 티, 스니커즈/캔버스, 아우터 없음, 장목양말","[20, 25)"
1,2023-06-05,21.5,"데님팬츠, 반팔 셔츠/블라우스, 반팔 티, 스니커즈/캔버스, 아우터 없음, 액세서리 없음","[20, 25)"
1,2023-06-01,22.8,"데님팬츠, 반팔 티, 스니커즈/캔버스, 액세서리 없음, 조끼","[20, 25)"
1,2023-05-25,21.2,"데님팬츠, 반팔 티, 스니커즈/캔버스, 액세서리 없음, 조끼","[20, 25)"
1,2023-05-22,20.3,"면바지, 반팔 티, 스니커즈/캔버스, 아우터 없음, 액세서리 없음","[20, 25)"
1,2023-05-21,17.8,"기타 모자, 긴팔 티, 반바지, 스니커즈/캔버스, 아우터 없음","[15, 20)"
1,2023-05-15,20.6,"반바지, 반팔 티, 샌들/슬리퍼, 액세서리 없음, 재킷","[20, 25)"
1,2023-05-11,19.5,"반바지, 반팔 티, 셔츠/블라우스, 아우터 없음, 액세서리 없음, 운동화","[15, 20)"
1,2023-05-10,18.4,"가디건, 기타 모자, 반바지, 반팔 티, 스니커즈/캔버스, 장목양말","[15, 20)"
1,2023-05-07,14.4,"구두/로퍼, 데님팬츠, 반팔 티, 액세서리 없음, 재킷","[10, 15)"
1,2023-05-04,21.4,"가디건, 반팔 티, 액세서리 없음, 운동화, 카고바지","[20, 25)"
1,2023-04-30,12.7,"면바지, 아우터 없음, 액세서리 없음, 운동화, 후드티","[10, 15)"
1,2023-04-27,12.9,"긴팔 티, 면바지, 액세서리 없음, 운동화, 재킷","[10, 15)"
1,2023-04-26,10.2,"구두/로퍼, 긴팔 티, 면바지, 액세서리 없음, 재킷","[10, 15)"
1,2023-04-25,10.9,"데님팬츠, 반팔 티, 셔츠/블라우스, 아우터 없음, 액세서리 없음, 운동화","[10, 15)"
1,2023-04-23,16.1,"맨투맨, 반바지, 샌들/슬리퍼, 아우터 없음, 액세서리 없음","[15, 20)"
1,2023-04-21,16.7,"긴팔 티, 데님팬츠, 스니커즈/캔버스, 액세서리 없음, 재킷","[15, 20)"
1,2023-04-20,15.8,"데님팬츠, 반팔 티, 셔츠/블라우스, 액세서리 없음, 운동화, 재킷","[15, 20)"
1,2023-04-19,19.1,"구두/로퍼, 니트, 면바지, 반팔 티, 아우터 없음, 액세서리 없음","[15, 20)"
1,2023-04-18,14.0,"긴팔 티, 데님팬츠, 액세서리 없음, 운동화, 재킷","[10, 15)"
1,2023-04-14,16.2,"긴팔 티, 데님팬츠, 스니커즈/캔버스, 액세서리 없음, 재킷","[15, 20)"
1,2023-04-13,11.9,"구두/로퍼, 데님팬츠, 반팔 티, 셔츠/블라우스, 액세서리 없음, 재킷","[10, 15)"
1,2023-04-12,10.1,"기타 모자, 긴팔 티, 데님팬츠, 운동화, 재킷","[10, 15)"
1,2023-04-11,13.1,"맨투맨, 면바지, 반팔 티, 스니커즈/캔버스, 아우터 없음, 액세서리 없음","[10, 15)"
1,2023-04-10,13.2,"데님팬츠, 반팔 티, 셔츠/블라우스, 스니커즈/캔버스, 액세서리 없음, 조끼","[10, 15)"
1,2023-04-06,8.8,"긴팔 티, 면바지, 스니커즈/캔버스, 아우터 없음, 액세서리 없음","[5, 10)"
1,2023-04-04,17.6,"데님팬츠, 액세서리 없음, 운동화, 재킷, 후드티","[15, 20)"
1,2023-04-03,19.0,"구두/로퍼, 데님팬츠, 반팔 티, 액세서리 없음, 재킷","[15, 20)"
1,2023-04-03,19.0,"데님팬츠, 반팔 티, 셔츠/블라우스, 아우터 없음, 액세서리 없음, 운동화","[15, 20)"
1,2023-03-31,15.0,"기타 모자, 데님팬츠, 민소매 티 , 민소매 티 , 반팔 티, 셔츠/블라우스, 스니커즈/캔버스, 재킷","[15, 20)"
1,2023-03-30,13.3,"데님팬츠, 반팔 티, 셔츠/블라우스, 스니커즈/캔버스, 아우터 없음, 액세서리 없음","[10, 15)"
1,2023-03-29,11.8,"데님팬츠, 반팔 티, 액세서리 없음, 운동화, 재킷","[10, 15)"
1,2023-03-28,9.2,"가디건, 반팔 티, 셔츠/블라우스, 액세서리 없음, 운동화, 트레이닝/조거 팬츠","[5, 10)"
1,2023-03-27,7.3,"구두/로퍼, 니트, 면바지, 반팔 티, 액세서리 없음, 재킷","[5, 10)"
1,2023-03-26,9.4,"니트, 데님팬츠, 반팔 티, 스니커즈/캔버스, 아우터 없음, 액세서리 없음","[5, 10)"
1,2023-03-24,12.5,"가디건, 데님팬츠, 반팔 티, 액세서리 없음, 운동화","[10, 15)"
1,2023-03-22,17.0,"기타 모자, 데님팬츠, 바람막이, 반팔 티, 셔츠/블라우스, 스니커즈/캔버스","[15, 20)"
1,2023-03-21,13.0,"데님팬츠, 레더부츠, 반팔 티, 셔츠/블라우스, 액세서리 없음, 재킷","[10, 15)"
1,2023-03-20,9.5,"면바지, 바람막이, 반팔 티, 스니커즈/캔버스, 액세서리 없음","[5, 10)"
1,2023-03-18,7.7,"데님팬츠, 반팔 티, 비니, 스니커즈/캔버스, 재킷","[5, 10)"
1,2023-03-17,7.2,"데님팬츠, 반팔 티, 스니커즈/캔버스, 액세서리 없음, 재킷, 코트","[5, 10)"
1,2023-03-14,9.2,"면바지, 반팔 티, 비니, 스니커즈/캔버스, 재킷","[5, 10)"
1,2023-03-13,2.9,"니트, 면바지, 반팔 티, 아우터 없음, 액세서리 없음, 운동화","[0, 5)"
1,2023-03-13,2.9,"데님팬츠, 맨투맨, 아우터 없음, 액세서리 없음, 운동화","[0, 5)"
1,2023-03-11,15.2,"구두/로퍼, 긴팔 티, 면바지, 장목양말, 재킷","[15, 20)"
1,2023-03-10,13.5,"긴팔 티, 데님팬츠, 스니커즈/캔버스, 액세서리 없음, 재킷","[10, 15)"
1,2023-03-08,12.5,"니트, 데님팬츠, 반팔 티, 스니커즈/캔버스, 액세서리 없음, 재킷","[10, 15)"
1,2023-03-07,11.7,"면바지, 반팔 티, 셔츠/블라우스, 스니커즈/캔버스, 액세서리 없음, 코트","[10, 15)"
1,2023-03-06,9.2,"구두/로퍼, 면바지, 반팔 티, 셔츠/블라우스, 액세서리 없음, 재킷","[5, 10)"
1,2023-03-06,9.2,"니트, 데님팬츠, 반팔 티, 스니커즈/캔버스, 액세서리 없음, 재킷","[5, 10)"
2,2024-04-16,13.3,"구두/로퍼, 반바지, 반팔 셔츠/블라우스, 반팔 티, 아우터 없음, 장목양말, 후드티","[10, 15)"
2,2024-04-04,15.5,"데님팬츠, 레더부츠, 반팔 티, 액세서리 없음, 재킷","[15, 20)"
2,2024-03-18,7.1,"비니, 셔츠/블라우스, 운동화, 집업, 트레이닝/조거 팬츠","[5, 10)"
2,2024-03-07,3.9,"가죽 바지, 구두/로퍼, 긴팔 티, 액세서리 없음, 재킷","[0, 5)"
2,2023-11-02,20.8,"데님팬츠, 셔츠/블라우스, 스니커즈/캔버스, 아우터 없음, 액세서리 없음, 후드티","[20, 25)"
2,2023-10-29,14.9,"기타 모자, 긴팔 티, 데님팬츠, 스니커즈/캔버스, 점퍼","[10, 15)"
2,2023-10-27,15.7,"구두/로퍼, 반팔 티, 셔츠/블라우스, 슬랙스, 아우터 없음, 액세서리 없음","[15, 20)"
2,2023-10-20,11.6,"구두/로퍼, 니트, 데님팬츠, 반팔 티, 아우터 없음, 액세서리 없음","[10, 15)"
2,2023-10-18,15.7,"나일론 팬츠, 바람막이, 반팔 티, 비니, 운동화","[15, 20)"
2,2023-10-16,14.7,"데님팬츠, 바람막이, 반팔 티, 액세서리 없음, 운동화","[10, 15)"
2,2023-10-14,14.7,"가디건, 데님팬츠, 스니커즈/캔버스, 액세서리 없음, 후드티","[10, 15)"
2,2023-10-13,17.5,"긴팔 티, 데님팬츠, 레더부츠, 비니, 재킷","[15, 20)"
2,2023-10-10,17.1,"가디건, 구두/로퍼, 데님팬츠, 반팔 티, 액세서리 없음","[15, 20)"
2,2023-10-09,17.4,"맨투맨, 반팔 티, 비니, 스니커즈/캔버스, 아우터 없음, 트레이닝/조거 팬츠","[15, 20)"
2,2023-10-08,17.1,"긴팔 티, 데님팬츠, 맨투맨, 아우터 없음, 액세서리 없음, 운동화","[15, 20)"
2,2023-10-02,18.2,"니트, 데님팬츠, 레더부츠, 반팔 티, 아우터 없음, 액세서리 없음","[15, 20)"
2,2023-10-01,18.4,"반팔 티, 스니커즈/캔버스, 액세서리 없음, 집업, 트레이닝/조거 팬츠","[15, 20)"
2,2023-09-24,21.8,"구두/로퍼, 면바지, 반팔 티, 액세서리 없음, 재킷","[20, 25)"
2,2023-09-23,21.8,"민소매 티, 반바지, 아우터 없음, 운동화, 장목양말","[20, 25)"
2,2023-09-12,25.7,"반바지, 반팔 티, 스니커즈/캔버스, 장목양말, 재킷","[25, 30)"
2,2023-09-09,25.8,"반바지, 반팔 티, 스니커즈/캔버스, 아우터 없음, 장목양말","[25, 30)"
2,2023-09-08,25.3,"구두/로퍼, 기타 모자, 나일론 팬츠, 민소매 티, 아우터 없음","[25, 30)"
2,2023-09-05,28.5,"기타 모자, 반바지, 반팔 티, 스니커즈/캔버스, 아우터 없음, 장목양말, 후드티","[25, 30)"
2,2023-09-01,24.5,"기타 모자, 반팔 티, 아우터 없음, 운동화, 카고바지","[20, 25)"
2,2023-08-27,26.1,"구두/로퍼, 반바지, 반팔 셔츠/블라우스, 반팔 티, 아우터 없음, 장목양말","[25, 30)"
2,2023-08-25,26.5,"기타 모자, 민소매 티, 반바지, 스니커즈/캔버스, 아우터 없음, 장목양말","[25, 30)"
2,2023-08-24,25.1,"구두/로퍼, 반바지, 반팔 티, 셔츠/블라우스, 아우터 없음, 액세서리 없음","[25, 30)"
2,2023-08-16,27.3,"민소매 티, 반바지, 스니커즈/캔버스, 아우터 없음, 장목양말","[25, 30)"
2,2023-08-14,28.1,"기타 모자, 반바지, 반팔 셔츠/블라우스, 반팔 티, 스니커즈/캔버스, 아우터 없음, 장목양말","[25, 30)"
2,2023-08-13,27.0,"구두/로퍼, 반바지, 반팔 티, 액세서리 없음, 재킷","[25, 30)"
2,2023-08-07,30.4,"반바지, 반팔 티, 샌들/슬리퍼, 아우터 없음, 액세서리 없음","[30, 35)"
2,2023-08-06,29.8,"기타 모자, 레더부츠, 반바지, 반팔 티, 아우터 없음, 장목양말","[25, 30)"
2,2023-08-04,30.0,"반바지, 반팔 티, 스니커즈/캔버스, 아우터 없음, 장목양말","[30, 35)"
2,2023-08-03,29.5,"구두/로퍼, 반바지, 반팔 티, 아우터 없음, 액세서리 없음","[25, 30)"
2,2023-08-03,29.5,"기타 모자, 반바지, 반팔 티, 아우터 없음, 운동화","[25, 30)"
2,2023-07-30,28.8,"반바지, 반팔 티, 샌들/슬리퍼, 아우터 없음, 장목양말","[25, 30)"
2,2023-07-30,28.8,"반바지, 반팔 티, 스니커즈/캔버스, 아우터 없음, 액세서리 없음","[25, 30)"
2,2023-07-29,29.1,"구두/로퍼, 반바지, 반팔 티, 아우터 없음, 액세서리 없음","[25, 30)"
2,2023-07-28,29.5,"반팔 티, 스니커즈/캔버스, 아우터 없음, 액세서리 없음, 트레이닝/조거 팬츠","[25, 30)"
2,2023-07-28,29.5,"반팔 티, 아우터 없음, 액세서리 없음, 운동화, 트레이닝/조거 팬츠","[25, 30)"
2,2023-07-27,28.4,"기타 모자, 면바지, 반팔 티, 아우터 없음, 운동화","[25, 30)"
2,2023-07-26,27.6,"데님팬츠, 반팔 티, 샌들/슬리퍼, 아우터 없음, 액세서리 없음","[25, 30)"
2,2023-07-24,26.9,"기타 모자, 나일론 팬츠, 반팔 티, 아우터 없음, 운동화","[25, 30)"
2,2023-07-23,25.2,"반팔 티, 아우터 없음, 액세서리 없음, 운동화, 트레이닝/조거 팬츠","[25, 30)"
2,2023-07-22,27.7,"기타 모자, 반바지, 반팔 티, 스니커즈/캔버스, 아우터 없음, 장목양말","[25, 30)"
2,2023-07-22,27.7,"기타 모자, 나일론 팬츠, 반팔 티, 스니커즈/캔버스, 아우터 없음, 장목양말","[25, 30)"
2,2023-07-22,27.7,"면바지, 반팔 티, 스니커즈/캔버스, 아우터 없음, 액세서리 없음","[25, 30)"
2,2023-07-21,29.5,"기타 모자, 반바지, 반팔 티, 스니커즈/캔버스, 아우터 없음, 장목양말","[25, 30)"
2,2023-07-14,24.6,"반바지, 반팔 티, 스니커즈/캔버스, 아우터 없음, 장목양말","[20, 25)"
2,2023-07-09,24.7,"기타 모자, 반바지, 반팔 티, 스니커즈/캔버스, 아우터 없음, 장목양말","[20, 25)"
2,2023-07-02,26.7,"반팔 티, 스니커즈/캔버스, 아우터 없음, 액세서리 없음, 트레이닝/조거 팬츠","[25, 30)"
2,2023-07-02,26.7,"기타 모자, 데님팬츠, 반팔 티, 스니커즈/캔버스, 아우터 없음","[25, 30)"
2,2023-07-01,27.7,"구두/로퍼, 민소매 티, 반바지, 아우터 없음, 액세서리 없음","[25, 30)"
2,2023-06-29,24.2,"기타 모자, 나일론 팬츠, 반팔 티, 샌들/슬리퍼, 아우터 없음","[20, 25)"
2,2023-06-27,25.3,"구두/로퍼, 면바지, 반팔 니트, 아우터 없음, 액세서리 없음","[25, 30)"
2,2023-06-24,26.4,"기타 모자, 데님팬츠, 반팔 티, 아우터 없음, 운동화","[25, 30)"
2,2023-06-23,24.4,"데님팬츠, 반팔 티, 아우터 없음, 액세서리 없음, 운동화","[20, 25)"
2,2023-06-22,22.5,"데님팬츠, 반팔 니트, 샌들/슬리퍼, 아우터 없음, 액세서리 없음","[20, 25)"
2,2023-06-20,24.7,"기타 모자, 반바지, 반팔 티, 샌들/슬리퍼, 셔츠/블라우스, 아우터 없음","[20, 25)"
2,2023-06-17,24.2,"구두/로퍼, 기타 모자, 데님팬츠, 반팔 티, 아우터 없음","[20, 25)"
2,2023-06-17,24.2,"반바지, 반팔 셔츠/블라우스, 반팔 티, 샌들/슬리퍼, 아우터 없음, 장목양말","[20, 25)"
2,2023-06-06,20.3,"구두/로퍼, 면바지, 반팔 셔츠/블라우스, 아우터 없음, 액세서리 없음","[20, 25)"
2,2023-05-02,16.7,"구두/로퍼, 니트, 데님팬츠, 액세서리 없음, 재킷","[15, 20)"
2,2023-05-01,14.6,"데님팬츠, 레더부츠, 반팔 티, 액세서리 없음, 재킷","[10, 15)"
2,2023-04-30,12.7,"가디건, 데님팬츠, 레더부츠, 반팔 티, 비니","[10, 15)"
2,2023-04-25,10.9,"가디건, 구두/로퍼, 데님팬츠, 반팔 티, 액세서리 없음","[10, 15)"
2,2023-04-24,15.8,"가디건, 구두/로퍼, 데님팬츠, 반팔 티, 액세서리 없음, 재킷","[15, 20)"
2,2023-04-23,16.1,"가디건, 반팔 티, 비니, 스니커즈/캔버스, 카고바지","[15, 20)"
2,2023-04-22,16.9,"가디건, 나일론 팬츠, 반팔 티, 액세서리 없음, 운동화","[15, 20)"
2,2023-04-03,19.0,"데님팬츠, 반팔 티, 스니커즈/캔버스, 액세서리 없음, 집업","[15, 20)"
2,2023-03-26,9.4,"데님팬츠, 레더부츠, 반팔 티, 액세서리 없음, 재킷","[5, 10)"
2,2023-03-25,12.5,"나일론 팬츠, 바람막이, 반팔 티, 액세서리 없음, 운동화","[10, 15)"
2,2023-03-20,9.5,"구두/로퍼, 기타 모자, 데님팬츠, 반팔 티, 재킷","[5, 10)"
2,2023-03-19,8.3,"니트, 데님팬츠, 레더부츠, 바람막이, 반팔 티, 액세서리 없음","[5, 10)"
2,2023-03-13,2.9,"기타 모자, 데님팬츠, 반팔 티, 스니커즈/캔버스, 아우터 없음, 후드티","[0, 5)"
2,2023-03-10,13.5,"가디건, 데님팬츠, 반팔 티, 셔츠/블라우스, 스니커즈/캔버스, 액세서리 없음","[10, 15)"
2,2023-03-01,6.0,"구두/로퍼, 데님팬츠, 반팔 티, 셔츠/블라우스, 아우터 없음, 액세서리 없음","[5, 10)"
2,2023-02-25,0.7,"가디건, 긴팔 티, 데님팬츠, 레더부츠, 액세서리 없음","[0, 5)"
2,2023-02-22,1.2,"데님팬츠, 반팔 티, 아우터 없음, 액세서리 없음, 운동화, 후드티","[0, 5)"
2,2023-02-21,-1.3,"구두/로퍼, 니트, 데님팬츠, 반팔 티, 액세서리 없음, 코트","[-5, 0)"
2,2023-02-20,-0.5,"긴팔 티, 나일론 팬츠, 바람막이, 비니, 운동화","[-5, 0)"
2,2023-02-15,3.2,"가디건, 구두/로퍼, 긴팔 티, 면바지, 액세서리 없음","[0, 5)"
2,2023-02-10,3.8,"데님팬츠, 머플러, 운동화, 코트, 후드티","[0, 5)"
2,2023-02-09,4.0,"긴팔 티, 데님팬츠, 액세서리 없음, 운동화, 재킷","[0, 5)"
2,2023-01-28,-6.0,"니트, 데님팬츠, 반팔 티, 셔츠/블라우스, 스니커즈/캔버스, 아우터 없음, 장목양말","[-10, -5)"
2,2023-01-05,-1.6,"가디건, 면바지, 반팔 티, 비니, 셔츠/블라우스, 스니커즈/캔버스","[-5, 0)"
2,2022-12-25,-5.4,"데님팬츠, 맨투맨, 반팔 티, 아우터 없음, 액세서리 없음, 운동화","[-10, -5)"
2,2022-12-24,-8.4,"니트, 데님팬츠, 반팔 티, 비니, 스니커즈/캔버스, 패딩","[-10, -5)"
2,2022-12-18,-9.5,"구두/로퍼, 니트, 데님팬츠, 머플러, 반팔 티, 코트","[-10, -5)"
2,2022-12-17,-7.0,"구두/로퍼, 니트, 데님팬츠, 반팔 티, 셔츠/블라우스, 아우터 없음, 액세서리 없음","[-10, -5)"
2,2022-12-13,0.0,"구두/로퍼, 니트, 데님팬츠, 반팔 티, 액세서리 없음, 재킷","[0, 5)"
2,2022-12-12,2.0,"니트, 데님팬츠, 레더부츠, 반팔 티, 액세서리 없음, 코트","[0, 5)"
2,2022-12-11,1.6,"기타 모자, 니트, 레더부츠, 반팔 티, 트레이닝/조거 팬츠, 패딩","[0, 5)"
2,2022-12-04,-3.5,"니트, 데님팬츠, 머플러, 반팔 티, 스니커즈/캔버스, 코트","[-5, 0)"
2,2022-12-03,2.1,"긴팔 티, 데님팬츠, 스니커즈/캔버스, 액세서리 없음, 재킷, 집업","[0, 5)"
2,2022-12-02,-2.5,"긴팔 티, 데님팬츠, 스니커즈/캔버스, 액세서리 없음, 재킷, 집업, 코트","[-5, 0)"
2,2022-11-27,5.4,"긴팔 티, 레더부츠, 액세서리 없음, 재킷, 트레이닝/조거 팬츠","[5, 10)"
2,2022-11-27,5.4,"면바지, 반팔 티, 스니커즈/캔버스, 아우터 없음, 액세서리 없음, 후드티","[5, 10)"
2,2022-11-25,12.3,"나일론 팬츠, 맨투맨, 반팔 티, 비니, 스니커즈/캔버스, 점퍼","[10, 15)"
2,2022-11-23,10.8,"긴팔 티, 니트, 데님팬츠, 레더부츠, 액세서리 없음, 재킷","[10, 15)"
2,2022-11-20,13.7,"구두/로퍼, 긴팔 티, 데님팬츠, 액세서리 없음, 재킷","[10, 15)"
2,2022-11-19,12.9,"긴팔 티, 나일론 팬츠, 비니, 스니커즈/캔버스, 집업","[10, 15)"
2,2022-11-13,10.3,"긴팔 티, 데님팬츠, 스니커즈/캔버스, 액세서리 없음, 재킷, 집업","[10, 15)"
2,2022-11-13,10.3,"구두/로퍼, 긴팔 티, 면바지, 액세서리 없음, 코트","[10, 15)"
2,2022-11-12,16.3,"기타 모자, 니트, 면바지, 반팔 티, 운동화, 재킷","[15, 20)"
2,2022-11-05,6.5,"기타 모자, 데님팬츠, 반팔 티, 스니커즈/캔버스, 재킷, 집업","[5, 10)"
2,2022-11-05,6.5,"구두/로퍼, 니트, 데님팬츠, 반팔 티, 액세서리 없음, 점퍼","[5, 10)"
2,2022-10-30,14.9,"데님팬츠, 레더부츠, 반팔 티, 액세서리 없음, 재킷","[10, 15)"
2,2022-10-30,14.9,"구두/로퍼, 데님팬츠, 반팔 티, 셔츠/블라우스, 액세서리 없음, 재킷","[10, 15)"
2,2022-10-30,14.9,"구두/로퍼, 니트, 데님팬츠, 반팔 티, 셔츠/블라우스, 아우터 없음, 액세서리 없음","[10, 15)"
2,2022-10-26,12.9,"데님팬츠, 레더부츠, 반팔 티, 액세서리 없음, 재킷","[10, 15)"
2,2022-10-22,15.1,"기타 모자, 데님팬츠, 반팔 티, 운동화, 재킷","[15, 20)"
2,2022-10-22,15.1,"나일론 팬츠, 바람막이, 반팔 티, 비니, 운동화","[15, 20)"
2,2022-10-22,15.1,"데님팬츠, 반팔 티, 스니커즈/캔버스, 아우터 없음, 액세서리 없음, 후드티","[15, 20)"
2,2022-10-18,9.4,"니트, 데님팬츠, 반팔 티, 스니커즈/캔버스, 아우터 없음, 액세서리 없음","[5, 10)"
2,2022-10-15,18.2,"나일론 팬츠, 반팔 티, 아우터 없음, 액세서리 없음, 운동화, 후드티","[15, 20)"
2,2022-10-15,18.2,"레더부츠, 면바지, 반팔 티, 셔츠/블라우스, 액세서리 없음, 재킷, 조끼","[15, 20)"
2,2022-10-14,17.1,"니트, 데님팬츠, 반팔 티, 스니커즈/캔버스, 아우터 없음, 액세서리 없음","[15, 20)"
2,2022-10-13,16.3,"레더부츠, 면바지, 반팔 티, 액세서리 없음, 재킷","[15, 20)"
2,2022-10-12,13.5,"긴팔 티, 데님팬츠, 맨투맨, 스니커즈/캔버스, 아우터 없음, 액세서리 없음","[10, 15)"
2,2022-10-09,13.1,"데님팬츠, 레더부츠, 반팔 티, 셔츠/블라우스, 아우터 없음, 액세서리 없음","[10, 15)"
2,2022-10-08,15.8,"기타 모자, 데님팬츠, 반팔 티, 스니커즈/캔버스, 점퍼, 집업","[15, 20)"
2,2022-10-08,15.8,"레더부츠, 면바지, 반팔 티, 셔츠/블라우스, 액세서리 없음, 재킷","[15, 20)"
2,2022-10-04,17.9,"데님팬츠, 바람막이, 반팔 티, 액세서리 없음, 운동화","[15, 20)"
2,2022-08-26,23.8,"구두/로퍼, 기타 모자, 데님팬츠, 마스크, 반팔 티, 아우터 없음","[20, 25)"
2,2022-08-26,23.8,"기타 모자, 반바지, 반팔 티, 아우터 없음, 운동화","[20, 25)"
3,2024-04-30,18.6,"기타 모자, 데님팬츠, 반팔, 셔츠/블라우스, 스니커즈/캔버스","[15, 20)"
3,2024-04-29,20.9,"데님팬츠, 반팔 티, 스니커즈/캔버스, 아우터 없음, 액세서리 없음","[20, 25)"
3,2024-04-27,18.2,"데님팬츠, 반팔 티, 비니, 셔츠/블라우스, 스니커즈/캔버스, 아우터 없음","[15, 20)"
3,2024-04-25,14.4,"기타 모자, 데님팬츠, 반팔 티, 아우터 없음, 운동화","[10, 15)"
3,2024-04-24,13.2,"가디건, 데님팬츠, 반팔 티, 스니커즈/캔버스, 액세서리 없음","[10, 15)"
3,2024-04-23,17.3,"기타 모자, 데님팬츠, 반팔 티, 스니커즈/캔버스, 아우터 없음","[15, 20)"
3,2024-04-22,18.8,"면바지, 반팔 니트, 반팔 티, 스니커즈/캔버스, 아우터 없음, 액세서리 없음","[15, 20)"
3,2024-04-21,17.2,"기타 모자, 긴팔 티, 반바지, 스니커즈/캔버스, 아우터 없음, 장목양말","[15, 20)"
3,2024-04-20,14.9,"구두/로퍼, 데님팬츠, 반팔 티, 셔츠/블라우스, 아우터 없음, 액세서리 없음","[10, 15)"
3,2024-04-19,17.6,"데님팬츠, 반팔 티, 비니, 스니커즈/캔버스, 아우터 없음","[15, 20)"
3,2024-04-18,17.3,"구두/로퍼, 데님팬츠, 반팔 티, 아우터 없음, 액세서리 없음","[15, 20)"
3,2024-04-17,15.0,"기타 모자, 데님팬츠, 반팔 티, 스니커즈/캔버스, 아우터 없음","[15, 20)"
3,2024-04-16,13.3,"니트, 데님팬츠, 반팔 티, 스니커즈/캔버스, 아우터 없음, 액세서리 없음","[10, 15)"
3,2024-04-15,16.0,"기타 모자, 맨투맨, 면바지, 반팔 티, 스니커즈/캔버스, 아우터 없음","[15, 20)"
3,2024-04-14,20.8,"기타 모자, 데님팬츠, 반팔 티, 스니커즈/캔버스, 집업","[20, 25)"
3,2024-04-13,19.1,"구두/로퍼, 데님팬츠, 반팔 티, 아우터 없음, 액세서리 없음","[15, 20)"
3,2024-04-12,17.2,"면바지, 반팔 티, 샌들/슬리퍼, 아우터 없음, 액세서리 없음","[15, 20)"
3,2024-04-11,15.5,"기타 모자, 데님팬츠, 반팔 티, 스니커즈/캔버스, 재킷","[15, 20)"
3,2024-04-10,13.8,"데님팬츠, 반팔 티, 스니커즈/캔버스, 액세서리 없음, 재킷","[10, 15)"
3,2024-04-09,15.3,"기타 모자, 데님팬츠, 반팔 티, 스니커즈/캔버스, 아우터 없음","[15, 20)"
3,2024-04-08,16.2,"기타 모자, 데님팬츠, 반팔 티, 스니커즈/캔버스, 아우터 없음, 후드티","[15, 20)"
3,2024-04-07,14.8,"데님팬츠, 반팔 티, 스니커즈/캔버스, 액세서리 없음, 재킷","[10, 15)"
3,2024-04-06,12.7,"기타 모자, 데님팬츠, 반팔 티, 스니커즈/캔버스, 집업","[10, 15)"
3,2024-04-05,14.0,"기타 모자, 데님팬츠, 맨투맨, 반팔 티, 스니커즈/캔버스, 재킷","[10, 15)"
3,2024-04-04,15.5,"면바지, 반팔 티, 스니커즈/캔버스, 액세서리 없음, 재킷","[15, 20)"
3,2024-04-01,12.2,"데님팬츠, 반팔 티, 셔츠/블라우스, 스니커즈/캔버스, 아우터 없음, 액세서리 없음","[10, 15)"
3,2024-03-31,10.6,"기타 모자, 데님팬츠, 반팔 티, 셔츠/블라우스, 스니커즈/캔버스, 아우터 없음","[10, 15)"
3,2024-03-31,10.6,"기타 모자, 데님팬츠, 반팔 티, 스니커즈/캔버스, 재킷, 집업","[10, 15)"
3,2024-03-28,10.3,"데님팬츠, 반팔 티, 셔츠/블라우스, 스니커즈/캔버스, 아우터 없음, 액세서리 없음","[10, 15)"
3,2024-03-25,10.6,"데님팬츠, 반팔 티, 셔츠/블라우스, 스니커즈/캔버스, 액세서리 없음, 점퍼","[10, 15)"
3,2024-03-22,10.4,"니트, 데님팬츠, 레더부츠, 반팔 티, 셔츠/블라우스, 아우터 없음, 액세서리 없음","[10, 15)"
3,2024-03-20,4.4,"맨투맨, 반팔 티, 비니, 스니커즈/캔버스, 아우터 없음, 카고바지","[0, 5)"
3,2024-03-18,7.1,"구두/로퍼, 니트, 면바지, 반팔 티, 액세서리 없음, 재킷","[5, 10)"
3,2024-03-17,8.8,"구두/로퍼, 데님팬츠, 맨투맨, 반팔 티, 아우터 없음, 액세서리 없음","[5, 10)"
3,2024-03-13,6.5,"긴팔 티, 데님팬츠, 바람막이, 스니커즈/캔버스, 액세서리 없음","[5, 10)"
3,2024-03-11,6.2,"면바지, 반팔 티, 스니커즈/캔버스, 아우터 없음, 액세서리 없음, 후드티","[5, 10)"
3,2024-03-08,2.1,"데님팬츠, 맨투맨, 반팔 티, 스니커즈/캔버스, 아우터 없음, 액세서리 없음","[0, 5)"
3,2024-03-06,6.2,"긴팔 티, 데님팬츠, 스니커즈/캔버스, 액세서리 없음, 재킷","[5, 10)"
3,2024-03-04,5.4,"데님팬츠, 레더부츠, 반팔 티, 셔츠/블라우스, 액세서리 없음, 재킷","[5, 10)"
3,2024-03-04,5.4,"긴팔 티, 데님팬츠, 셔츠/블라우스, 스니커즈/캔버스, 아우터 없음, 액세서리 없음","[5, 10)"
3,2024-02-25,2.8,"긴팔 티, 데님팬츠, 스니커즈/캔버스, 액세서리 없음, 재킷","[0, 5)"
3,2024-02-23,1.8,"가디건, 긴팔 티, 데님팬츠, 스니커즈/캔버스, 액세서리 없음","[0, 5)"
3,2024-02-21,1.9,"가디건, 긴팔 티, 데님팬츠, 스니커즈/캔버스, 액세서리 없음","[0, 5)"
3,2024-02-19,9.1,"긴팔 티, 데님팬츠, 바람막이, 비니, 스니커즈/캔버스","[5, 10)"
3,2024-02-16,2.3,"긴팔 티, 레더부츠, 액세서리 없음, 집업, 트레이닝/조거 팬츠, 패딩","[0, 5)"
3,2024-02-12,3.5,"긴팔 티, 데님팬츠, 스니커즈/캔버스, 액세서리 없음, 재킷","[0, 5)"
3,2024-02-08,0.6,"긴팔 티, 데님팬츠, 스니커즈/캔버스, 액세서리 없음, 재킷","[0, 5)"
3,2024-02-07,0.6,"구두/로퍼, 긴팔 티, 데님팬츠, 액세서리 없음, 재킷","[0, 5)"
3,2024-02-04,7.3,"데님팬츠, 맨투맨, 반팔 티, 스니커즈/캔버스, 아우터 없음, 액세서리 없음","[5, 10)"
3,2024-02-02,3.1,"데님팬츠, 맨투맨, 반팔 티, 스니커즈/캔버스, 아우터 없음, 액세서리 없음","[0, 5)"
3,2024-01-31,4.7,"데님팬츠, 반팔 티, 셔츠/블라우스, 스니커즈/캔버스, 아우터 없음, 액세서리 없음","[0, 5)"
3,2024-01-29,-0.4,"구두/로퍼, 긴팔 티, 니트, 면바지, 액세서리 없음, 코트","[-5, 0)"
3,2024-01-26,-1.7,"구두/로퍼, 니트, 반팔 티, 액세서리 없음, 트레이닝/조거 팬츠, 패딩","[-5, 0)"
3,2024-01-24,-8.0,"구두/로퍼, 긴팔 티, 데님팬츠, 머플러, 패딩","[-10, -5)"
3,2024-01-19,5.4,"맨투맨, 반팔 티, 액세서리 없음, 운동화, 코트, 트레이닝/조거 팬츠","[5, 10)"
3,2024-01-17,0.6,"맨투맨, 스니커즈/캔버스, 장목양말, 트레이닝/조거 팬츠, 패딩","[0, 5)"
3,2024-01-15,-3.7,"니트, 레더부츠, 면바지, 반팔 티, 액세서리 없음, 코트","[-5, 0)"
3,2024-01-09,-0.6,"구두/로퍼, 니트, 데님팬츠, 반팔 티, 액세서리 없음, 코트","[-5, 0)"
3,2024-01-08,-4.7,"구두/로퍼, 긴팔 티, 데님팬츠, 액세서리 없음, 집업, 패딩","[-5, 0)"
3,2024-01-06,0.7,"데님팬츠, 맨투맨, 반팔 티, 스니커즈/캔버스, 액세서리 없음, 코트","[0, 5)"
3,2024-01-05,5.0,"반팔 티, 운동화, 장목양말, 코트, 트레이닝/조거 팬츠, 후드티","[5, 10)"
3,2024-01-03,1.8,"맨투맨, 스니커즈/캔버스, 액세서리 없음, 트레이닝/조거 팬츠, 패딩","[0, 5)"
3,2024-01-02,2.9,"긴팔 티, 데님팬츠, 스니커즈/캔버스, 액세서리 없음, 집업","[0, 5)"
3,2023-12-31,2.1,"데님팬츠, 맨투맨, 반팔 티, 스니커즈/캔버스, 액세서리 없음, 코트","[0, 5)"
3,2023-12-29,1.3,"니트, 면바지, 반팔 티, 스니커즈/캔버스, 액세서리 없음, 코트","[0, 5)"
3,2023-12-23,-6.8,"구두/로퍼, 니트, 데님팬츠, 반팔 티, 액세서리 없음, 코트","[-10, -5)"
3,2023-12-22,-11.6,"데님팬츠, 맨투맨, 스니커즈/캔버스, 액세서리 없음, 점퍼, 후드티",
3,2023-12-21,-11.7,"데님팬츠, 맨투맨, 스니커즈/캔버스, 액세서리 없음, 패딩",
3,2023-12-20,-7.4,"긴팔 티, 데님팬츠, 스니커즈/캔버스, 액세서리 없음, 집업, 코트","[-10, -5)"
3,2023-12-18,-7.7,"니트, 머플러, 면바지, 반팔 티, 스니커즈/캔버스, 코트","[-10, -5)"
3,2023-12-17,-9.8,"가디건, 구두/로퍼, 니트, 데님팬츠, 머플러, 반팔 티, 코트","[-10, -5)"
3,2023-12-15,4.9,"데님팬츠, 맨투맨, 머플러, 스니커즈/캔버스, 패딩","[0, 5)"
3,2023-12-14,7.6,"데님팬츠, 반팔 티, 셔츠/블라우스, 스니커즈/캔버스, 액세서리 없음, 집업","[5, 10)"
3,2023-12-13,6.8,"구두/로퍼, 긴팔 티, 니트, 데님팬츠, 액세서리 없음, 패딩조끼","[5, 10)"
3,2023-12-11,8.9,"맨투맨, 반팔 티, 액세서리 없음, 운동화, 점퍼, 카고바지","[5, 10)"
3,2023-12-08,11.2,"긴팔 티, 맨투맨, 면바지, 스니커즈/캔버스, 아우터 없음, 액세서리 없음","[10, 15)"
3,2023-11-26,4.0,"긴팔 티, 데님팬츠, 머플러, 스니커즈/캔버스, 코트","[0, 5)"
3,2023-11-25,-1.3,"구두/로퍼, 니트, 데님팬츠, 반팔 티, 액세서리 없음, 패딩","[-5, 0)"
3,2023-11-24,-1.5,"긴팔 티, 데님팬츠, 스니커즈/캔버스, 액세서리 없음, 코트","[-5, 0)"
3,2023-11-22,9.5,"데님팬츠, 머플러, 스니커즈/캔버스, 코트, 후드티","[5, 10)"
3,2023-11-21,7.4,"면바지, 스니커즈/캔버스, 액세서리 없음, 점퍼, 후드티","[5, 10)"
3,2023-11-20,6.2,"구두/로퍼, 액세서리 없음, 코트, 트레이닝/조거 팬츠, 후드티","[5, 10)"
3,2023-11-18,0.6,"긴팔 티, 스니커즈/캔버스, 액세서리 없음, 점퍼, 트레이닝/조거 팬츠, 패딩조끼","[0, 5)"
3,2023-11-17,1.6,"긴팔 티, 니트, 스니커즈/캔버스, 아우터 없음, 액세서리 없음, 트레이닝/조거 팬츠","[0, 5)"
3,2023-11-17,1.6,"니트 , 니트 , 데님팬츠, 스니커즈/캔버스, 아우터 없음, 액세서리 없음","[0, 5)"
3,2023-11-16,6.6,"구두/로퍼, 긴팔 티, 니트, 데님팬츠, 아우터 없음, 액세서리 없음","[5, 10)"
3,2023-11-15,7.0,"데님팬츠, 맨투맨, 스니커즈/캔버스, 액세서리 없음, 패딩","[5, 10)"
3,2023-11-15,7.0,"니트, 반팔 티, 스니커즈/캔버스, 액세서리 없음, 재킷, 트레이닝/조거 팬츠","[5, 10)"
3,2023-11-14,5.0,"기타 모자, 니트, 반팔 티, 운동화, 집업, 트레이닝/조거 팬츠","[5, 10)"
3,2023-11-13,2.0,"긴팔 티, 데님팬츠, 레더부츠, 머플러, 코트","[0, 5)"
3,2023-11-11,1.7,"구두/로퍼, 니트, 면바지, 반팔 티, 아우터 없음, 액세서리 없음","[0, 5)"
3,2023-11-10,3.4,"구두/로퍼, 데님팬츠, 맨투맨, 반팔 티, 아우터 없음, 액세서리 없음","[0, 5)"
3,2023-11-09,11.4,"니트, 반팔 티, 스니커즈/캔버스, 아우터 없음, 액세서리 없음, 카고바지","[10, 15)"
3,2023-11-08,8.4,"맨투맨, 면바지, 스니커즈/캔버스, 아우터 없음, 액세서리 없음","[5, 10)"
3,2023-11-07,5.8,"니트, 면바지, 반팔 티, 스니커즈/캔버스, 액세서리 없음, 재킷","[5, 10)"
3,2023-11-06,13.3,"가디건, 데님팬츠, 반팔 티, 스니커즈/캔버스, 액세서리 없음","[10, 15)"
3,2023-11-06,13.3,"데님팬츠, 레더부츠, 반팔 티, 액세서리 없음, 재킷","[10, 15)"
3,2023-11-03,19.5,"구두/로퍼, 데님팬츠, 반팔 티, 액세서리 없음, 재킷","[15, 20)"
3,2023-11-02,20.8,"기타 모자, 데님팬츠, 스니커즈/캔버스, 패딩조끼, 후드티","[20, 25)"
3,2023-11-01,19.0,"구두/로퍼, 니트, 데님팬츠, 반팔 티, 아우터 없음, 액세서리 없음","[15, 20)"
3,2023-10-31,16.5,"맨투맨, 면바지, 스니커즈/캔버스, 아우터 없음, 액세서리 없음","[15, 20)"
3,2023-10-30,15.1,"니트, 데님팬츠, 머플러, 반팔 티, 스니커즈/캔버스, 아우터 없음","[15, 20)"
3,2023-10-28,14.2,"구두/로퍼, 니트, 데님팬츠, 반팔 티, 셔츠/블라우스, 아우터 없음, 액세서리 없음","[10, 15)"
3,2023-10-27,15.7,"구두/로퍼, 데님팬츠, 반팔 티, 액세서리 없음, 집업","[15, 20)"
3,2023-10-26,17.2,"긴팔 티, 데님팬츠, 스니커즈/캔버스, 액세서리 없음, 재킷","[15, 20)"
3,2023-10-25,16.6,"데님팬츠, 반팔 티, 스니커즈/캔버스, 액세서리 없음, 재킷","[15, 20)"
3,2023-10-24,15.6,"기타 모자, 데님팬츠, 반팔 티, 스니커즈/캔버스, 패딩조끼, 후드티","[15, 20)"
3,2023-10-23,15.2,"구두/로퍼, 데님팬츠, 맨투맨, 반팔 티, 아우터 없음, 액세서리 없음","[15, 20)"
3,2023-10-22,12.5,"맨투맨, 반팔 티, 아우터 없음, 액세서리 없음, 운동화, 카고바지","[10, 15)"
3,2023-10-19,17.0,"니트, 반팔 티, 아우터 없음, 액세서리 없음, 운동화, 트레이닝/조거 팬츠","[15, 20)"
3,2023-10-19,17.0,"긴팔 티, 데님팬츠, 액세서리 없음, 운동화, 집업","[15, 20)"
3,2023-10-19,17.0,"니트, 데님팬츠, 반팔 티, 스니커즈/캔버스, 아우터 없음, 액세서리 없음","[15, 20)"
3,2023-10-16,14.7,"구두/로퍼, 긴팔 티, 데님팬츠, 반팔 티, 아우터 없음, 액세서리 없음","[10, 15)"
3,2023-10-16,14.7,"데님팬츠, 반팔 티, 스니커즈/캔버스, 아우터 없음, 액세서리 없음, 후드티","[10, 15)"
3,2023-10-13,17.5,"데님팬츠, 맨투맨, 반팔 티, 스니커즈/캔버스, 아우터 없음, 액세서리 없음","[15, 20)"
3,2023-10-13,17.5,"구두/로퍼, 맨투맨, 면바지, 반팔 티, 아우터 없음, 액세서리 없음","[15, 20)"
3,2023-10-12,17.5,"데님팬츠, 맨투맨, 반팔 티, 스니커즈/캔버스, 아우터 없음, 액세서리 없음","[15, 20)"
3,2023-10-11,17.6,"맨투맨, 반팔 티, 아우터 없음, 액세서리 없음, 운동화, 트레이닝/조거 팬츠","[15, 20)"
3,2023-10-10,17.1,"구두/로퍼, 니트, 데님팬츠, 반팔 티, 아우터 없음, 액세서리 없음","[15, 20)"
3,2023-10-09,17.4,"데님팬츠, 맨투맨, 반팔 티, 스니커즈/캔버스, 아우터 없음, 액세서리 없음","[15, 20)"
3,2023-10-08,17.1,"기타 모자, 데님팬츠, 맨투맨, 반팔 티, 스니커즈/캔버스, 아우터 없음","[15, 20)"
3,2023-10-08,17.1,"맨투맨, 면바지, 반팔 티, 아우터 없음, 액세서리 없음, 운동화","[15, 20)"
3,2023-10-06,15.5,"데님팬츠, 레더부츠, 반팔 티, 액세서리 없음, 재킷","[15, 20)"
3,2023-10-05,14.2,"구두/로퍼, 니트, 데님팬츠, 반팔 티, 액세서리 없음, 재킷","[10, 15)"
3,2023-10-03,17.5,"구두/로퍼, 니트, 반바지, 반팔 티, 아우터 없음, 액세서리 없음","[15, 20)"
3,2023-10-02,18.2,"니트, 면바지, 반팔 티, 스니커즈/캔버스, 아우터 없음, 액세서리 없음","[15, 20)"
3,2023-10-01,18.4,"데님팬츠, 반팔 티, 스니커즈/캔버스, 액세서리 없음, 재킷","[15, 20)"
3,2023-09-30,19.7,"니트, 데님팬츠, 반팔 티, 스니커즈/캔버스, 아우터 없음, 액세서리 없음","[15, 20)"
3,2023-09-28,22.7,"면바지, 반팔 티, 셔츠/블라우스, 스니커즈/캔버스, 아우터 없음, 액세서리 없음","[20, 25)"
3,2023-09-27,21.5,"니트, 데님팬츠, 반팔 티, 스니커즈/캔버스, 아우터 없음, 액세서리 없음","[20, 25)"
3,2023-09-26,19.9,"니트, 반바지, 반팔 티, 스니커즈/캔버스, 아우터 없음, 장목양말","[15, 20)"
3,2023-09-25,21.6,"구두/로퍼, 데님팬츠, 반팔 티, 액세서리 없음, 재킷","[20, 25)"
3,2023-09-22,20.5,"데님팬츠, 맨투맨, 반팔 티, 스니커즈/캔버스, 아우터 없음, 액세서리 없음","[20, 25)"
3,2023-09-21,20.1,"구두/로퍼, 기타 모자, 긴팔 티, 반바지, 장목양말, 재킷","[20, 25)"
3,2023-09-20,20.6,"니트, 데님팬츠, 반팔 티, 스니커즈/캔버스, 아우터 없음, 액세서리 없음","[20, 25)"
3,2023-09-19,24.1,"구두/로퍼, 반바지, 아우터 없음, 액세서리 없음, 후드티","[20, 25)"
3,2023-09-18,24.7,"긴팔 티, 데님팬츠, 스니커즈/캔버스, 아우터 없음, 액세서리 없음","[20, 25)"
3,2023-09-16,23.9,"가디건, 면바지, 반팔 티, 스니커즈/캔버스, 액세서리 없음","[20, 25)"
3,2023-09-15,22.3,"구두/로퍼, 긴팔 티, 반바지, 아우터 없음, 장목양말","[20, 25)"
3,2023-09-14,23.4,"니트, 데님팬츠, 레더부츠, 반팔 티, 아우터 없음, 액세서리 없음","[20, 25)"
3,2023-09-13,22.1,"면바지, 반팔 티, 스니커즈/캔버스, 액세서리 없음, 재킷","[20, 25)"
3,2023-09-12,25.7,"구두/로퍼, 면바지, 반팔 티, 셔츠/블라우스, 아우터 없음, 액세서리 없음","[25, 30)"
3,2023-09-12,25.7,"데님팬츠, 반팔 티, 셔츠/블라우스, 아우터 없음, 액세서리 없음, 운동화","[25, 30)"
3,2023-09-09,25.8,"맨투맨, 반팔 티, 비니, 스니커즈/캔버스, 아우터 없음, 트레이닝/조거 팬츠","[25, 30)"
3,2023-09-09,25.8,"면바지, 반팔 티, 스니커즈/캔버스, 아우터 없음, 액세서리 없음","[25, 30)"
3,2023-09-07,26.3,"구두/로퍼, 반바지, 반팔 티, 셔츠/블라우스, 아우터 없음, 장목양말","[25, 30)"
3,2023-09-06,27.9,"맨투맨, 반팔 티, 스니커즈/캔버스, 아우터 없음, 액세서리 없음, 트레이닝/조거 팬츠","[25, 30)"
3,2023-09-05,28.5,"구두/로퍼, 데님팬츠, 반팔 티, 셔츠/블라우스, 아우터 없음, 액세서리 없음","[25, 30)"
3,2023-09-04,27.0,"데님팬츠, 반팔 티, 스니커즈/캔버스, 아우터 없음, 액세서리 없음","[25, 30)"
3,2023-09-02,25.4,"기타 모자, 바람막이, 반바지, 반팔 티, 운동화, 장목양말","[25, 30)"
3,2023-09-01,24.5,"반바지, 반팔 티, 스니커즈/캔버스, 아우터 없음, 액세서리 없음","[20, 25)"
3,2023-08-31,23.9,"반바지, 반팔 티, 셔츠/블라우스, 스니커즈/캔버스, 아우터 없음, 액세서리 없음","[20, 25)"
3,2023-08-30,22.8,"반바지, 반팔 티, 스니커즈/캔버스, 아우터 없음, 장목양말","[20, 25)"
3,2023-08-29,23.9,"반바지, 반팔 셔츠/블라우스, 반팔 티, 스니커즈/캔버스, 아우터 없음, 장목양말","[20, 25)"
3,2023-08-29,23.9,"구두/로퍼, 반바지, 반팔 티, 장목양말, 재킷","[20, 25)"
3,2023-08-28,22.7,"데님팬츠, 반팔 티, 셔츠/블라우스, 스니커즈/캔버스, 아우터 없음, 액세서리 없음","[20, 25)"
3,2023-08-27,26.1,"구두/로퍼, 반바지, 반팔 티, 셔츠/블라우스, 아우터 없음, 장목양말","[25, 30)"
3,2023-08-25,26.5,"면바지, 반팔 티, 스니커즈/캔버스, 아우터 없음, 액세서리 없음","[25, 30)"
3,2023-08-24,25.1,"긴팔 티, 데님팬츠, 스니커즈/캔버스, 아우터 없음, 액세서리 없음","[25, 30)"
3,2023-08-23,24.8,"구두/로퍼, 데님팬츠, 반팔 티, 아우터 없음, 액세서리 없음","[20, 25)"
3,2023-08-22,27.6,"반바지, 반팔 티, 샌들/슬리퍼, 아우터 없음, 액세서리 없음","[25, 30)"
3,2023-08-21,29.5,"구두/로퍼, 면바지, 반팔 셔츠/블라우스, 반팔 티, 아우터 없음, 액세서리 없음","[25, 30)"
3,2023-08-19,29.1,"면바지, 반팔 셔츠/블라우스, 반팔 티, 스니커즈/캔버스, 아우터 없음, 액세서리 없음","[25, 30)"
3,2023-08-19,29.1,"구두/로퍼, 반바지, 반팔 티, 셔츠/블라우스, 아우터 없음, 액세서리 없음","[25, 30)"
3,2023-08-17,28.2,"데님팬츠, 반팔 티, 스니커즈/캔버스, 아우터 없음, 액세서리 없음","[25, 30)"
3,2023-08-16,27.3,"반바지, 반팔 티, 스니커즈/캔버스, 아우터 없음, 장목양말","[25, 30)"
3,2023-08-16,27.3,"면바지, 반팔 티, 스니커즈/캔버스, 아우터 없음, 액세서리 없음","[25, 30)"
3,2023-08-14,28.1,"데님팬츠, 반팔 티, 셔츠/블라우스, 스니커즈/캔버스, 아우터 없음, 액세서리 없음","[25, 30)"
3,2023-08-11,23.5,"데님팬츠, 반팔 티, 아우터 없음, 액세서리 없음, 운동화","[20, 25)"
3,2023-08-10,22.2,"맨투맨, 반바지, 샌들/슬리퍼, 아우터 없음, 액세서리 없음","[20, 25)"
3,2023-08-09,28.3,"기타 모자, 반바지, 반팔 셔츠/블라우스, 반팔 티, 샌들/슬리퍼, 아우터 없음","[25, 30)"
3,2023-08-08,30.9,"데님팬츠, 반팔 티, 스니커즈/캔버스, 아우터 없음, 액세서리 없음","[30, 35)"
3,2023-08-07,30.4,"면바지, 반팔 티, 스니커즈/캔버스, 아우터 없음, 액세서리 없음","[30, 35)"
3,2023-08-04,30.0,"면바지, 반팔 티, 샌들/슬리퍼, 아우터 없음, 액세서리 없음","[30, 35)"
3,2023-08-03,29.5,"긴팔 티, 반바지, 샌들/슬리퍼, 아우터 없음, 액세서리 없음","[25, 30)"
3,2023-08-01,29.9,"반바지, 반팔 티, 아우터 없음, 운동화, 장목양말","[25, 30)"
3,2023-07-31,28.7,"데님팬츠, 반팔 셔츠/블라우스, 반팔 티, 샌들/슬리퍼, 아우터 없음, 액세서리 없음","[25, 30)"
3,2023-07-28,29.5,"데님팬츠, 반팔 티, 셔츠/블라우스, 아우터 없음, 액세서리 없음, 운동화","[25, 30)"
3,2023-07-27,28.4,"데님팬츠, 반팔 티, 아우터 없음, 액세서리 없음, 운동화","[25, 30)"
3,2023-07-26,27.6,"기타 모자, 반바지, 반팔 티, 샌들/슬리퍼, 아우터 없음","[25, 30)"
3,2023-07-25,27.8,"구두/로퍼, 데님팬츠, 반팔 티, 아우터 없음, 액세서리 없음","[25, 30)"
3,2023-07-24,26.9,"면바지, 반팔 티, 스니커즈/캔버스, 아우터 없음, 액세서리 없음","[25, 30)"
3,2023-07-21,29.5,"구두/로퍼, 데님팬츠, 반팔 티, 아우터 없음, 액세서리 없음","[25, 30)"
3,2023-07-20,27.9,"데님팬츠, 반팔 티, 샌들/슬리퍼, 아우터 없음, 액세서리 없음","[25, 30)"
3,2023-07-19,27.2,"반바지, 반팔 티, 스니커즈/캔버스, 아우터 없음, 장목양말","[25, 30)"
3,2023-07-18,25.2,"데님팬츠, 반팔 티, 스니커즈/캔버스, 아우터 없음, 액세서리 없음","[25, 30)"
3,2023-07-17,25.5,"반바지, 반팔 티, 샌들/슬리퍼, 아우터 없음, 액세서리 없음","[25, 30)"
3,2023-07-14,24.6,"반바지, 반팔 티, 아우터 없음, 운동화, 장목양말","[20, 25)"
3,2023-07-13,25.2,"데님팬츠, 반팔 티, 스니커즈/캔버스, 아우터 없음, 액세서리 없음","[25, 30)"
3,2023-07-12,25.8,"데님팬츠, 반팔 티, 스니커즈/캔버스, 아우터 없음, 액세서리 없음","[25, 30)"
3,2023-07-11,23.5,"데님팬츠, 반팔 티, 스니커즈/캔버스, 아우터 없음, 액세서리 없음","[20, 25)"
3,2023-07-10,26.3,"반바지, 반팔 티, 스니커즈/캔버스, 아우터 없음, 장목양말","[25, 30)"
3,2023-07-07,26.7,"반바지, 반팔 티, 샌들/슬리퍼, 아우터 없음, 액세서리 없음","[25, 30)"
3,2023-07-06,27.3,"구두/로퍼, 데님팬츠, 반팔 티, 아우터 없음, 액세서리 없음","[25, 30)"
3,2023-07-05,24.5,"데님팬츠, 반팔 티, 아우터 없음, 액세서리 없음, 운동화","[20, 25)"
3,2023-07-04,26.1,"데님팬츠, 반팔 티, 스니커즈/캔버스, 아우터 없음, 액세서리 없음","[25, 30)"
3,2023-07-03,29.1,"반바지, 반팔 티, 스니커즈/캔버스, 아우터 없음, 장목양말","[25, 30)"
3,2023-07-01,27.7,"데님팬츠, 반팔 티 , 반팔 티 , 스니커즈/캔버스, 아우터 없음, 액세서리 없음","[25, 30)"
3,2023-06-30,25.3,"구두/로퍼, 반바지, 반팔 티, 셔츠/블라우스, 아우터 없음, 장목양말","[25, 30)"
3,2023-06-29,24.2,"기타 모자, 반팔 티, 샌들/슬리퍼, 아우터 없음, 트레이닝/조거 팬츠","[20, 25)"
3,2023-06-28,26.5,"면바지, 반팔 티, 스니커즈/캔버스, 아우터 없음, 액세서리 없음","[25, 30)"
3,2023-06-27,25.3,"데님팬츠, 반팔 티, 스니커즈/캔버스, 아우터 없음, 액세서리 없음","[25, 30)"
3,2023-06-26,24.2,"면바지, 반팔 티 , 반팔 티 , 샌들/슬리퍼, 아우터 없음, 액세서리 없음","[20, 25)"
3,2023-06-25,28.2,"데님팬츠, 반팔 티, 스니커즈/캔버스, 아우터 없음, 액세서리 없음","[25, 30)"
3,2023-06-23,24.4,"데님팬츠, 반팔 티, 스니커즈/캔버스, 아우터 없음, 액세서리 없음","[20, 25)"
3,2023-06-22,22.5,"긴팔 티, 반바지, 반팔 티, 스니커즈/캔버스, 아우터 없음, 장목양말","[20, 25)"
3,2023-06-21,20.5,"면바지, 반팔 티, 스니커즈/캔버스, 아우터 없음, 액세서리 없음","[20, 25)"
3,2023-06-20,24.7,"반바지, 반팔 티, 샌들/슬리퍼, 아우터 없음, 액세서리 없음","[20, 25)"
3,2023-06-19,28.5,"반바지, 반팔 티, 스니커즈/캔버스, 아우터 없음, 액세서리 없음","[25, 30)"
3,2023-06-18,25.9,"데님팬츠, 반팔 티, 스니커즈/캔버스, 아우터 없음, 액세서리 없음","[25, 30)"
3,2023-06-16,23.7,"반바지, 반팔 티, 샌들/슬리퍼, 셔츠/블라우스, 아우터 없음, 액세서리 없음","[20, 25)"
3,2023-06-15,22.7,"반바지, 반팔 티, 스니커즈/캔버스, 아우터 없음, 장목양말","[20, 25)"
3,2023-06-14,20.6,"데님팬츠, 반팔 티, 스니커즈/캔버스, 아우터 없음, 액세서리 없음","[20, 25)"
3,2023-06-13,22.0,"면바지, 반팔 티, 스니커즈/캔버스, 아우터 없음, 액세서리 없음","[20, 25)"
3,2023-06-12,22.2,"데님팬츠, 반팔 티, 스니커즈/캔버스, 아우터 없음, 액세서리 없음","[20, 25)"
3,2023-06-10,23.2,"반바지, 반팔 티, 스니커즈/캔버스, 아우터 없음, 장목양말","[20, 25)"
3,2023-06-09,23.3,"데님팬츠, 반팔 티, 스니커즈/캔버스, 아우터 없음, 액세서리 없음","[20, 25)"
3,2023-06-08,20.4,"반바지, 반팔 티, 아우터 없음, 운동화, 장목양말","[20, 25)"
3,2023-06-06,20.3,"면바지, 반팔 티, 샌들/슬리퍼, 아우터 없음, 액세서리 없음","[20, 25)"
3,2023-06-05,21.5,"데님팬츠, 반팔 티, 샌들/슬리퍼, 아우터 없음, 액세서리 없음","[20, 25)"
3,2023-06-04,22.1,"반바지, 반팔 티, 스니커즈/캔버스, 아우터 없음, 장목양말","[20, 25)"
3,2023-06-03,22.0,"데님팬츠, 반팔 티, 스니커즈/캔버스, 아우터 없음, 액세서리 없음","[20, 25)"
3,2023-06-02,20.4,"데님팬츠, 반팔 티, 셔츠/블라우스, 스니커즈/캔버스, 아우터 없음, 액세서리 없음","[20, 25)"
3,2023-06-01,22.8,"데님팬츠, 반팔 티, 스니커즈/캔버스, 아우터 없음, 액세서리 없음","[20, 25)"
3,2023-05-31,22.8,"면바지, 반팔 티, 스니커즈/캔버스, 아우터 없음, 액세서리 없음","[20, 25)"
3,2023-05-30,24.0,"데님팬츠, 반팔 티, 스니커즈/캔버스, 아우터 없음, 액세서리 없음","[20, 25)"
3,2023-05-30,24.0,"면바지, 반팔 티, 셔츠/블라우스, 스니커즈/캔버스, 아우터 없음, 액세서리 없음","[20, 25)"
3,2023-05-28,19.2,"데님팬츠, 반팔 셔츠/블라우스, 반팔 티, 스니커즈/캔버스, 아우터 없음, 액세서리 없음","[15, 20)"
3,2023-05-28,19.2,"면바지, 반팔 티, 아우터 없음, 액세서리 없음, 운동화","[15, 20)"
3,2023-05-28,19.2,"데님팬츠, 반팔 셔츠/블라우스, 스니커즈/캔버스, 아우터 없음, 액세서리 없음","[15, 20)"
3,2023-05-27,19.3,"데님팬츠, 반팔 티, 스니커즈/캔버스, 아우터 없음, 액세서리 없음","[15, 20)"
3,2023-05-26,21.4,"긴팔 티, 데님팬츠, 스니커즈/캔버스, 아우터 없음, 액세서리 없음","[20, 25)"
3,2023-05-25,21.2,"반바지, 반팔 티, 스니커즈/캔버스, 아우터 없음, 액세서리 없음","[20, 25)"
3,2023-05-24,20.6,"반바지, 반팔 티, 샌들/슬리퍼, 아우터 없음, 액세서리 없음","[20, 25)"
3,2023-05-23,20.5,"면바지, 반팔 티, 스니커즈/캔버스, 아우터 없음, 액세서리 없음","[20, 25)"
3,2023-05-22,20.3,"반바지, 반팔 티, 샌들/슬리퍼, 아우터 없음, 액세서리 없음","[20, 25)"
3,2023-05-21,17.8,"면바지, 반팔 티, 샌들/슬리퍼, 아우터 없음, 액세서리 없음","[15, 20)"
3,2023-05-19,22.3,"반바지, 반팔 티, 샌들/슬리퍼, 액세서리 없음, 조끼","[20, 25)"
3,2023-05-18,21.2,"구두/로퍼, 면바지, 반팔 티, 아우터 없음, 액세서리 없음","[20, 25)"
3,2023-05-17,23.5,"나일론 팬츠, 반팔 티, 셔츠/블라우스, 아우터 없음, 액세서리 없음, 운동화","[20, 25)"
3,2023-05-16,24.0,"반바지, 반팔 티, 스니커즈/캔버스, 아우터 없음, 장목양말, 후드티","[20, 25)"
3,2023-05-15,20.6,"면바지, 반팔 티, 아우터 없음, 액세서리 없음, 운동화","[20, 25)"
3,2023-05-14,18.1,"데님팬츠, 반팔 티, 셔츠/블라우스, 스니커즈/캔버스, 아우터 없음, 액세서리 없음","[15, 20)"
3,2023-05-12,18.4,"데님팬츠, 반팔 티, 스니커즈/캔버스, 액세서리 없음, 재킷","[15, 20)"
3,2023-05-11,19.5,"데님팬츠, 반팔 티, 셔츠/블라우스, 아우터 없음, 액세서리 없음, 운동화","[15, 20)"
3,2023-05-10,18.4,"맨투맨, 반바지, 스니커즈/캔버스, 아우터 없음, 장목양말","[15, 20)"
3,2023-05-10,18.4,"반바지, 스니커즈/캔버스, 아우터 없음, 액세서리 없음, 후드티","[15, 20)"
3,2023-05-09,17.0,"가디건, 데님팬츠, 반팔 티, 스니커즈/캔버스, 액세서리 없음","[15, 20)"
3,2023-05-08,15.3,"긴팔 티, 데님팬츠, 아우터 없음, 액세서리 없음, 운동화","[15, 20)"
3,2023-05-07,14.4,"레더부츠, 면바지, 반팔 티, 셔츠/블라우스, 아우터 없음, 액세서리 없음","[10, 15)"
3,2023-05-05,18.4,"구두/로퍼, 면바지, 반팔 티, 아우터 없음, 액세서리 없음","[15, 20)"
3,2023-05-04,21.4,"데님팬츠, 반팔 티, 스니커즈/캔버스, 아우터 없음, 액세서리 없음","[20, 25)"
3,2023-05-03,19.5,"가디건, 구두/로퍼, 반바지, 반팔 티, 장목양말","[15, 20)"
3,2023-05-02,16.7,"데님팬츠, 반팔 티, 셔츠/블라우스, 스니커즈/캔버스, 아우터 없음, 액세서리 없음","[15, 20)"
3,2023-05-01,14.6,"가디건, 데님팬츠, 반팔 티, 스니커즈/캔버스, 액세서리 없음","[10, 15)"
4,2023-01-06,0.6,"가디건, 구두/로퍼, 셔츠/블라우스, 슬랙스, 액세서리 없음, 재킷, 코트","[0, 5)"
4,2023-01-27,-7.3,"데님팬츠, 반팔 티, 셔츠/블라우스, 스니커즈/캔버스, 액세서리 없음, 재킷","[-10, -5)"
4,2023-02-08,2.1,"구두/로퍼, 니트, 슬랙스, 액세서리 없음, 재킷","[0, 5)"
4,2023-03-16,4.6,"셔츠/블라우스, 슬랙스, 액세서리 없음, 운동화, 재킷","[0, 5)"
4,2023-03-21,13.0,"구두/로퍼, 데님팬츠, 셔츠/블라우스, 액세서리 없음, 재킷","[10, 15)"
4,2023-04-06,8.8,"셔츠/블라우스, 스니커즈/캔버스, 슬랙스, 액세서리 없음, 재킷","[5, 10)"
4,2023-04-25,10.9,"구두/로퍼, 셔츠/블라우스, 슬랙스, 액세서리 없음, 재킷","[10, 15)"
4,2023-08-29,23.9,"구두/로퍼, 데님팬츠, 셔츠/블라우스, 아우터 없음, 액세서리 없음","[20, 25)"
4,2023-09-14,23.4,"구두/로퍼, 셔츠/블라우스, 슬랙스, 아우터 없음, 액세서리 없음","[20, 25)"
4,2023-09-05,28.5,"구두/로퍼, 데님팬츠, 셔츠/블라우스, 액세서리 없음, 재킷","[25, 30)"
4,2023-10-01,18.4,"구두/로퍼, 셔츠/블라우스, 슬랙스, 액세서리 없음, 점퍼","[15, 20)"
4,2023-10-11,17.6,"구두/로퍼, 데님팬츠, 셔츠/블라우스, 액세서리 없음, 재킷","[15, 20)"
4,2023-10-24,15.6,"구두/로퍼, 긴팔 티, 데님팬츠, 액세서리 없음, 재킷","[15, 20)"
4,2023-11-08,8.4,"구두/로퍼, 니트, 데님팬츠, 액세서리 없음, 재킷, 코트","[5, 10)"
4,2023-11-24,-1.5,"구두/로퍼, 니트, 데님팬츠, 셔츠/블라우스, 액세서리 없음, 재킷","[-5, 0)"
4,2023-11-27,6.2,"긴팔 티, 데님팬츠, 레인부츠, 액세서리 없음, 점퍼","[5, 10)"
4,2023-12-15,4.9,"구두/로퍼, 긴팔 티, 데님팬츠, 셔츠/블라우스, 액세서리 없음, 코트","[0, 5)"
4,2023-11-28,1.3,"구두/로퍼, 데님팬츠, 맨투맨, 셔츠/블라우스, 액세서리 없음, 재킷","[0, 5)"
4,2024-01-15,-3.7,"구두/로퍼, 맨투맨, 셔츠/블라우스, 슬랙스, 액세서리 없음, 코트","[-5, 0)"
4,2024-01-24,-8.0,"구두/로퍼, 니트, 데님팬츠, 셔츠/블라우스, 액세서리 없음, 코트","[-10, -5)"
4,2024-02-06,1.2,"구두/로퍼, 셔츠/블라우스, 슬랙스, 액세서리 없음, 재킷, 패딩조끼","[0, 5)"
4,2024-02-21,1.9,"긴팔 티, 데님팬츠, 스니커즈/캔버스, 액세서리 없음, 재킷","[0, 5)"
5,2023-05-11,19.5,"구두/로퍼, 셔츠/블라우스, 슬랙스, 액세서리 없음, 재킷","[15, 20)"
5,2023-05-19,22.3,"구두/로퍼, 면바지, 셔츠/블라우스, 액세서리 없음, 재킷","[20, 25)"
5,2023-05-24,20.6,"맨투맨, 면바지, 반팔 티, 아우터 없음, 액세서리 없음, 운동화","[20, 25)"
5,2023-04-06,8.8,"면바지, 스니커즈/캔버스, 액세서리 없음, 재킷, 후드티","[5, 10)"
5,2023-04-20,15.8,"면바지, 반팔 티, 아우터 없음, 액세서리 없음, 운동화","[15, 20)"
5,2023-05-02,16.7,"긴팔 티, 면바지, 액세서리 없음, 운동화, 재킷","[15, 20)"
5,2023-05-06,12.6,"구두/로퍼, 면바지, 반팔 티, 아우터 없음, 액세서리 없음","[10, 15)"
5,2023-06-04,22.1,"면바지, 반팔 티, 아우터 없음, 액세서리 없음, 운동화","[20, 25)"
5,2023-06-13,22.0,"데님팬츠, 반팔 티, 아우터 없음, 액세서리 없음, 운동화","[20, 25)"
5,2023-06-27,25.3,"반바지, 샌들/슬리퍼, 셔츠/블라우스, 아우터 없음, 액세서리 없음","[25, 30)"
5,2023-06-30,25.3,"구두/로퍼, 면바지, 반팔 티, 아우터 없음, 액세서리 없음","[25, 30)"
5,2023-07-04,26.1,"구두/로퍼, 데님팬츠, 반팔 티, 아우터 없음, 액세서리 없음","[25, 30)"
5,2023-08-18,29.1,"구두/로퍼, 데님팬츠, 셔츠/블라우스, 아우터 없음, 액세서리 없음","[25, 30)"
5,2023-08-22,27.6,"반바지, 반팔 티, 스니커즈/캔버스, 아우터 없음, 액세서리 없음","[25, 30)"
5,2023-08-27,26.1,"면바지, 반팔 티, 스니커즈/캔버스, 아우터 없음, 액세서리 없음","[25, 30)"
5,2023-09-04,27.0,"구두/로퍼, 기타 모자, 데님팬츠, 셔츠/블라우스, 아우터 없음","[25, 30)"
5,2023-09-10,25.7,"반팔 티, 스니커즈/캔버스, 액세서리 없음, 재킷, 트레이닝/조거 팬츠","[25, 30)"
5,2023-09-16,23.9,"구두/로퍼, 데님팬츠, 셔츠/블라우스, 액세서리 없음, 재킷","[20, 25)"
5,2023-09-23,21.8,"구두/로퍼, 셔츠/블라우스, 슬랙스, 액세서리 없음, 재킷, 조끼","[20, 25)"
5,2023-10-06,15.5,"구두/로퍼, 기타 모자, 면바지, 셔츠/블라우스, 재킷","[15, 20)"
5,2023-10-19,17.0,"구두/로퍼, 데님팬츠, 셔츠/블라우스, 스카프, 재킷","[15, 20)"
5,2023-10-19,17.0,"구두/로퍼, 데님팬츠, 셔츠/블라우스, 액세서리 없음, 재킷","[15, 20)"
5,2023-10-22,12.5,"니트, 면바지, 셔츠/블라우스, 스니커즈/캔버스, 아우터 없음, 액세서리 없음","[10, 15)"
5,2023-10-26,17.2,"니트, 면바지, 샌들/슬리퍼, 액세서리 없음, 패딩","[15, 20)"
5,2023-11-08,8.4,"구두/로퍼, 기타 모자, 니트, 면바지, 재킷","[5, 10)"
5,2023-12-18,-7.7,"기타 모자, 스니커즈/캔버스, 재킷, 트레이닝/조거 팬츠, 패딩조끼, 후드티","[-10, -5)"
5,2023-12-22,-11.6,"기타 모자, 데님팬츠, 반팔 티, 스니커즈/캔버스, 패딩조끼, 후드티",
5,2024-01-07,-4.4,"긴팔 티, 머플러, 스니커즈/캔버스, 재킷, 점퍼, 트레이닝/조거 팬츠","[-5, 0)"
5,2024-01-13,0.4,"구두/로퍼, 긴팔 티, 액세서리 없음, 재킷, 카고바지","[0, 5)"
6,2023-04-11,13.1,"기타 모자, 니트, 면바지, 셔츠/블라우스, 운동화, 재킷","[10, 15)"
6,2023-05-03,19.5,"기타 모자, 면바지, 셔츠/블라우스, 아우터 없음, 운동화","[15, 20)"
6,2023-05-15,20.6,"기타 모자, 데님팬츠, 반팔 티, 아우터 없음, 운동화","[20, 25)"
6,2023-05-24,20.6,"기타 모자, 면바지, 반팔 티, 아우터 없음, 운동화","[20, 25)"
6,2023-06-08,20.4,"구두/로퍼, 반바지, 반팔 티, 아우터 없음, 액세서리 없음","[20, 25)"
6,2023-06-16,23.7,"기타 모자, 데님팬츠, 반팔 티, 아우터 없음, 운동화","[20, 25)"
6,2023-06-26,24.2,"구두/로퍼, 기타 모자, 반바지, 반팔 티, 아우터 없음","[20, 25)"
6,2023-07-04,26.1,"구두/로퍼, 기타 모자, 반바지, 반팔 티, 아우터 없음","[25, 30)"
6,2023-07-12,25.8,"기타 모자, 면바지, 반팔 티, 아우터 없음, 운동화","[25, 30)"
6,2023-07-24,26.9,"구두/로퍼, 기타 모자, 반바지, 반팔 티, 아우터 없음","[25, 30)"
6,2023-07-31,28.7,"기타 모자, 반바지, 반팔 티, 스니커즈/캔버스, 아우터 없음","[25, 30)"
6,2023-08-18,29.1,"구두/로퍼, 기타 모자, 반바지, 셔츠/블라우스, 재킷","[25, 30)"
6,2023-08-24,25.1,"구두/로퍼, 기타 모자, 반바지, 셔츠/블라우스, 아우터 없음","[25, 30)"
6,2023-09-04,27.0,"기타 모자, 면바지, 셔츠/블라우스, 스니커즈/캔버스, 아우터 없음","[25, 30)"
6,2023-09-16,23.9,"기타 모자, 면바지, 셔츠/블라우스, 스니커즈/캔버스, 아우터 없음","[20, 25)"
6,2023-09-23,21.8,"구두/로퍼, 면바지, 셔츠/블라우스, 액세서리 없음, 재킷","[20, 25)"
6,2023-10-05,14.2,"구두/로퍼, 기타 모자, 데님팬츠, 반팔 티, 점퍼","[10, 15)"
6,2023-10-12,17.5,"구두/로퍼, 기타 모자, 면바지, 셔츠/블라우스, 재킷","[15, 20)"
6,2023-10-22,12.5,"구두/로퍼, 기타 모자, 맨투맨, 셔츠/블라우스, 슬랙스, 아우터 없음","[10, 15)"
6,2023-11-04,17.4,"기타 모자, 맨투맨, 셔츠/블라우스, 스니커즈/캔버스, 슬랙스, 재킷","[15, 20)"
6,2023-11-13,2.0,"구두/로퍼, 기타 모자, 면바지, 셔츠/블라우스, 재킷","[0, 5)"
6,2023-12-07,6.6,"구두/로퍼, 기타 모자, 데님팬츠, 셔츠/블라우스, 재킷 , 재킷 , 조끼","[5, 10)"
6,2023-12-14,7.6,"구두/로퍼, 기타 모자, 면바지, 셔츠/블라우스, 재킷, 조끼, 코트","[5, 10)"
6,2023-12-19,-3.7,"면바지, 셔츠/블라우스, 스니커즈/캔버스, 액세서리 없음, 재킷, 패딩","[-5, 0)"
6,2023-12-26,1.9,"구두/로퍼, 니트, 데님팬츠, 셔츠/블라우스, 액세서리 없음, 패딩","[0, 5)"
6,2024-01-02,2.9,"구두/로퍼, 데님팬츠, 셔츠/블라우스, 액세서리 없음, 조끼, 코트","[0, 5)"
6,2024-01-07,-4.4,"기타 모자, 니트, 면바지, 셔츠/블라우스, 스니커즈/캔버스, 재킷","[-5, 0)"
6,2024-01-13,0.4,"기타 모자, 면바지, 셔츠/블라우스, 스니커즈/캔버스, 재킷, 패딩조끼","[0, 5)"
6,2024-01-18,4.5,"니트, 면바지, 셔츠/블라우스, 스니커즈/캔버스, 액세서리 없음, 재킷","[0, 5)"
6,2024-01-25,-5.3,"구두/로퍼, 데님팬츠, 셔츠/블라우스, 액세서리 없음, 재킷, 패딩","[-10, -5)"
6,2024-02-01,2.4,"기타 모자, 셔츠/블라우스, 스니커즈/캔버스, 슬랙스, 재킷, 조끼","[0, 5)"
6,2024-02-02,3.1,"구두/로퍼, 면바지, 셔츠/블라우스, 액세서리 없음, 재킷","[0, 5)"
6,2024-02-07,0.6,"구두/로퍼, 면바지, 셔츠/블라우스, 액세서리 없음, 재킷, 조끼","[0, 5)"
6,2024-02-18,6.2,"구두/로퍼, 면바지, 셔츠/블라우스, 액세서리 없음, 재킷","[5, 10)"
6,2024-02-24,2.0,"구두/로퍼, 셔츠/블라우스, 슬랙스, 액세서리 없음, 재킷","[0, 5)"
6,2024-02-29,4.8,"구두/로퍼, 데님팬츠, 맨투맨, 셔츠/블라우스, 액세서리 없음, 재킷","[0, 5)"
6,2024-03-25,10.6,"면바지, 셔츠/블라우스, 스니커즈/캔버스, 액세서리 없음, 재킷","[10, 15)"
6,2024-04-03,16.6,"구두/로퍼, 맨투맨, 셔츠/블라우스, 슬랙스, 액세서리 없음, 재킷","[15, 20)"
6,2024-04-10,13.8,"구두/로퍼, 데님팬츠, 셔츠/블라우스, 액세서리 없음, 재킷","[10, 15)"
7,2022-12-07,4.9,"긴팔 티, 액세서리 없음, 운동화, 집업, 트레이닝/조거 팬츠, 패딩","[0, 5)"
7,2022-12-16,-6.3,"구두/로퍼, 데님팬츠, 셔츠/블라우스, 액세서리 없음, 코트","[-10, -5)"
7,2023-01-05,-1.6,"니트, 반팔 티, 아우터 없음, 액세서리 없음, 운동화, 트레이닝/조거 팬츠","[-5, 0)"
7,2023-01-28,-6.0,"구두/로퍼, 긴팔 티, 데님팬츠, 액세서리 없음, 재킷","[-10, -5)"
7,2023-02-23,2.9,"긴팔 티, 바람막이, 액세서리 없음, 운동화, 트레이닝/조거 팬츠","[0, 5)"
7,2023-03-10,13.5,"긴팔 티, 데님팬츠, 액세서리 없음, 운동화, 재킷","[10, 15)"
7,2023-03-12,5.9,"긴팔 티, 액세서리 없음, 운동화, 재킷, 트레이닝/조거 팬츠","[5, 10)"
7,2023-03-18,7.7,"구두/로퍼, 데님팬츠, 반팔 티, 액세서리 없음, 재킷","[5, 10)"
7,2023-03-19,8.3,"면바지, 반팔 티, 아우터 없음, 액세서리 없음, 운동화, 후드티","[5, 10)"
7,2023-03-20,9.5,"데님팬츠, 셔츠/블라우스, 액세서리 없음, 운동화, 재킷","[5, 10)"
7,2023-03-22,17.0,"민소매 티, 셔츠/블라우스, 액세서리 없음, 운동화, 재킷, 카고바지","[15, 20)"
7,2023-03-23,17.4,"바람막이, 반팔 티, 액세서리 없음, 운동화, 카고바지","[15, 20)"
7,2023-04-02,18.8,"기타 모자, 데님팬츠, 반팔 티, 운동화, 재킷","[15, 20)"
7,2023-04-07,8.9,"기타 모자, 반팔 티, 스니커즈/캔버스, 아우터 없음, 트레이닝/조거 팬츠","[5, 10)"
7,2023-04-10,13.2,"구두/로퍼, 셔츠/블라우스, 액세서리 없음, 재킷, 트레이닝/조거 팬츠","[10, 15)"
7,2023-04-12,10.1,"반바지, 반팔 티 , 반팔 티 , 아우터 없음, 운동화, 장목양말","[10, 15)"
7,2023-04-14,16.2,"바람막이, 반바지, 반팔 티, 운동화, 장목양말","[15, 20)"
7,2023-04-19,19.1,"데님팬츠, 반팔 티, 셔츠/블라우스, 스니커즈/캔버스, 아우터 없음, 액세서리 없음","[15, 20)"
7,2023-04-26,10.2,"니트, 데님팬츠, 샌들/슬리퍼, 아우터 없음, 액세서리 없음","[10, 15)"
7,2023-04-29,13.2,"데님팬츠, 반팔 셔츠/블라우스, 반팔 티, 샌들/슬리퍼, 아우터 없음, 액세서리 없음","[10, 15)"
7,2023-05-03,19.5,"구두/로퍼, 기타 모자, 반팔 티, 아우터 없음, 카고바지","[15, 20)"
7,2023-05-09,17.0,"구두/로퍼, 면바지, 반팔 셔츠/블라우스, 반팔 티, 아우터 없음, 액세서리 없음","[15, 20)"
7,2023-05-11,19.5,"데님팬츠, 반팔 티, 액세서리 없음, 운동화, 재킷","[15, 20)"
7,2023-05-12,18.4,"맨투맨, 반바지, 반팔 티, 샌들/슬리퍼, 아우터 없음, 장목양말","[15, 20)"
7,2023-05-14,18.1,"구두/로퍼, 면바지, 반팔 셔츠/블라우스, 아우터 없음, 액세서리 없음","[15, 20)"
7,2023-05-15,20.6,"구두/로퍼, 면바지, 바람막이, 반팔 티, 액세서리 없음","[20, 25)"
7,2023-05-17,23.5,"데님팬츠, 반팔 셔츠/블라우스, 샌들/슬리퍼, 아우터 없음, 액세서리 없음","[20, 25)"
7,2023-05-24,20.6,"반바지, 반팔 티, 운동화, 장목양말, 조끼","[20, 25)"
7,2023-05-25,21.2,"구두/로퍼, 반팔 티, 아우터 없음, 액세서리 없음, 카고바지","[20, 25)"
7,2023-05-28,19.2,"반바지, 반팔 티, 스니커즈/캔버스, 장목양말, 조끼","[15, 20)"
7,2023-06-02,20.4,"니트, 데님팬츠, 샌들/슬리퍼, 아우터 없음, 액세서리 없음","[20, 25)"
7,2023-06-05,21.5,"반팔 티, 샌들/슬리퍼, 아우터 없음, 액세서리 없음, 카고바지","[20, 25)"
7,2023-06-09,23.3,"구두/로퍼, 면바지, 셔츠/블라우스, 아우터 없음, 액세서리 없음","[20, 25)"
7,2023-06-13,22.0,"반바지, 스니커즈/캔버스, 아우터 없음, 장목양말, 후드티","[20, 25)"
7,2023-06-19,28.5,"데님팬츠, 반팔 셔츠/블라우스, 샌들/슬리퍼, 아우터 없음, 액세서리 없음","[25, 30)"
7,2023-06-22,22.5,"반팔 티, 샌들/슬리퍼, 아우터 없음, 액세서리 없음, 카고바지","[20, 25)"
7,2023-06-22,22.5,"반팔 티, 샌들/슬리퍼, 액세서리 없음, 집업, 카고바지","[20, 25)"
7,2023-06-23,24.4,"구두/로퍼, 반팔 티, 아우터 없음, 액세서리 없음, 카고바지","[20, 25)"
7,2023-06-26,24.2,"반바지, 반팔 티, 아우터 없음, 운동화, 장목양말","[20, 25)"
7,2023-06-27,25.3,"데님팬츠, 반팔 티, 샌들/슬리퍼, 아우터 없음, 액세서리 없음","[25, 30)"
7,2023-06-27,25.3,"구두/로퍼, 반팔 티, 아우터 없음, 액세서리 없음, 카고바지","[25, 30)"
7,2023-06-27,25.3,"반바지, 반팔 티, 아우터 없음, 운동화, 장목양말","[25, 30)"
7,2023-06-28,26.5,"반팔 티, 스니커즈/캔버스, 아우터 없음, 액세서리 없음, 트레이닝/조거 팬츠","[25, 30)"
7,2023-07-03,29.1,"반바지, 반팔 셔츠/블라우스, 스니커즈/캔버스, 아우터 없음, 장목양말","[25, 30)"
7,2023-07-09,24.7,"반바지, 반팔 티, 샌들/슬리퍼, 아우터 없음, 액세서리 없음","[20, 25)"
7,2023-07-14,24.6,"반팔 티, 샌들/슬리퍼, 아우터 없음, 액세서리 없음, 카고바지","[20, 25)"
7,2023-07-17,25.5,"면바지, 반팔 티, 샌들/슬리퍼, 셔츠/블라우스, 아우터 없음, 액세서리 없음","[25, 30)"
7,2023-07-22,27.7,"반바지, 반팔 티, 샌들/슬리퍼, 아우터 없음, 액세서리 없음","[25, 30)"
7,2023-07-27,28.4,"데님팬츠, 반팔 티, 샌들/슬리퍼, 셔츠/블라우스, 아우터 없음, 액세서리 없음","[25, 30)"
7,2023-08-12,23.3,"데님팬츠, 반팔 니트, 샌들/슬리퍼, 아우터 없음, 액세서리 없음","[20, 25)"
7,2023-08-16,27.3,"기타 모자, 데님팬츠, 반팔 티, 아우터 없음, 운동화","[25, 30)"
7,2023-08-28,22.7,"니트, 면바지, 샌들/슬리퍼, 아우터 없음, 액세서리 없음","[20, 25)"
7,2023-10-31,16.5,"구두/로퍼, 긴팔 티, 데님팬츠, 액세서리 없음, 재킷","[15, 20)"
7,2024-04-02,15.4,"구두/로퍼, 긴팔 티, 데님팬츠, 액세서리 없음, 재킷","[15, 20)"
7,2024-04-06,12.7,"구두/로퍼, 긴팔 티, 데님팬츠, 액세서리 없음, 재킷","[10, 15)"
7,2024-04-11,15.5,"구두/로퍼, 니트, 면바지, 반팔 티 , 반팔 티 , 액세서리 없음, 재킷","[15, 20)"
8,2023-04-19,19.1,"긴팔 티, 데님팬츠, 스니커즈/캔버스, 아우터 없음, 액세서리 없음","[15, 20)"
8,2023-04-27,12.9,"긴팔 티, 면바지, 스니커즈/캔버스, 아우터 없음, 액세서리 없음","[10, 15)"
8,2023-04-21,16.7,"반팔 티, 스니커즈/캔버스, 아우터 없음, 액세서리 없음, 카고바지, 후드티","[15, 20)"
8,2023-05-03,19.5,"반팔 티, 스니커즈/캔버스, 아우터 없음, 액세서리 없음, 카고바지","[15, 20)"
8,2023-04-30,12.7,"데님팬츠, 반팔 티, 셔츠/블라우스, 아우터 없음, 액세서리 없음, 운동화","[10, 15)"
8,2023-04-28,15.7,"데님팬츠, 반팔 티, 스니커즈/캔버스, 아우터 없음, 액세서리 없음","[15, 20)"
8,2023-05-08,15.3,"구두/로퍼, 면바지, 반팔 티, 액세서리 없음, 재킷 , 재킷 ","[15, 20)"
8,2023-05-14,18.1,"구두/로퍼, 기타 모자, 반팔 티, 아우터 없음, 카고바지","[15, 20)"
8,2023-05-17,23.5,"데님팬츠, 반팔 티, 스니커즈/캔버스, 아우터 없음, 액세서리 없음","[20, 25)"
8,2023-05-18,21.2,"기타 모자, 면바지, 반팔 티, 아우터 없음, 운동화","[20, 25)"
8,2023-05-25,21.2,"데님팬츠, 반팔 티, 스니커즈/캔버스, 아우터 없음, 액세서리 없음","[20, 25)"
8,2023-05-23,20.5,"반팔 티, 스니커즈/캔버스, 아우터 없음, 액세서리 없음, 카고바지","[20, 25)"
8,2023-05-30,24.0,"데님팬츠, 반팔 티, 스니커즈/캔버스, 아우터 없음, 액세서리 없음","[20, 25)"
8,2023-06-03,22.0,"반팔 티, 스니커즈/캔버스, 액세서리 없음, 조끼, 카고바지","[20, 25)"
8,2023-06-05,21.5,"기타 모자, 민소매 티, 셔츠/블라우스, 스니커즈/캔버스, 아우터 없음, 카고바지","[20, 25)"
8,2023-05-31,22.8,"기타 모자, 면바지, 반팔 티, 스니커즈/캔버스, 아우터 없음","[20, 25)"
8,2023-06-08,20.4,"구두/로퍼, 면바지, 반팔 티, 아우터 없음, 액세서리 없음","[20, 25)"
8,2023-06-18,25.9,"구두/로퍼, 데님팬츠, 반팔 티, 아우터 없음, 액세서리 없음","[25, 30)"
8,2023-06-13,22.0,"데님팬츠, 반팔 티, 아우터 없음, 액세서리 없음, 운동화","[20, 25)"
8,2023-06-23,24.4,"구두/로퍼, 데님팬츠, 반팔 티, 아우터 없음, 액세서리 없음","[20, 25)"
8,2023-06-21,20.5,"반팔 셔츠/블라우스, 반팔 티, 샌들/슬리퍼, 아우터 없음, 액세서리 없음, 카고바지","[20, 25)"
8,2023-06-27,25.3,"데님팬츠, 반팔 티, 스니커즈/캔버스, 아우터 없음, 액세서리 없음","[25, 30)"
8,2023-06-26,24.2,"반팔 티, 스니커즈/캔버스, 아우터 없음, 액세서리 없음, 카고바지","[20, 25)"
8,2023-06-25,28.2,"구두/로퍼, 데님팬츠, 반팔 티, 아우터 없음, 액세서리 없음","[25, 30)"
8,2023-06-28,26.5,"면바지, 반팔 티, 샌들/슬리퍼, 아우터 없음, 액세서리 없음","[25, 30)"
8,2023-07-01,27.7,"기타 모자, 반팔 티, 아우터 없음, 운동화, 카고바지","[25, 30)"
8,2023-07-06,27.3,"구두/로퍼, 기타 모자, 데님팬츠, 반팔 티, 아우터 없음","[25, 30)"
8,2023-07-17,25.5,"기타 모자, 셔츠/블라우스, 스니커즈/캔버스, 아우터 없음, 트레이닝/조거 팬츠","[25, 30)"
8,2023-07-11,23.5,"반팔 티, 스니커즈/캔버스, 아우터 없음, 액세서리 없음, 카고바지","[20, 25)"
8,2023-07-08,25.6,"반팔 티, 아우터 없음, 액세서리 없음, 운동화, 카고바지","[25, 30)"
8,2023-07-21,29.5,"데님팬츠, 반팔 티, 스니커즈/캔버스, 아우터 없음, 액세서리 없음","[25, 30)"
8,2023-07-18,25.2,"구두/로퍼, 데님팬츠, 반팔 티, 아우터 없음, 액세서리 없음","[25, 30)"
8,2023-07-24,26.9,"반팔 티, 스니커즈/캔버스, 아우터 없음, 액세서리 없음, 카고바지","[25, 30)"
8,2023-07-28,29.5,"면바지, 반팔 셔츠/블라우스, 샌들/슬리퍼, 아우터 없음, 액세서리 없음","[25, 30)"
8,2023-07-31,28.7,"반팔 티, 스니커즈/캔버스, 아우터 없음, 액세서리 없음, 카고바지","[25, 30)"
8,2023-07-30,28.8,"구두/로퍼, 데님팬츠, 반팔 티, 아우터 없음, 액세서리 없음","[25, 30)"
8,2023-08-02,29.7,"면바지, 반팔 티, 샌들/슬리퍼, 아우터 없음, 액세서리 없음","[25, 30)"
8,2023-08-03,29.5,"데님팬츠, 반팔 티, 아우터 없음, 액세서리 없음, 운동화","[25, 30)"
8,2023-08-07,30.4,"반팔 티, 스니커즈/캔버스, 아우터 없음, 액세서리 없음, 카고바지","[30, 35)"
8,2023-08-10,22.2,"데님팬츠, 반팔 티, 스니커즈/캔버스, 아우터 없음, 액세서리 없음","[20, 25)"
8,2023-08-11,23.5,"구두/로퍼, 면바지, 반팔 티, 아우터 없음, 액세서리 없음","[20, 25)"
8,2023-08-14,28.1,"반팔 티, 스니커즈/캔버스, 아우터 없음, 액세서리 없음, 카고바지","[25, 30)"
8,2023-08-12,23.3,"구두/로퍼, 반팔 티, 아우터 없음, 액세서리 없음, 카고바지","[20, 25)"
8,2023-08-15,28.6,"기타 모자, 데님팬츠, 반팔 티, 스니커즈/캔버스, 아우터 없음","[25, 30)"
8,2023-08-17,28.2,"기타 모자, 반팔 셔츠/블라우스, 아우터 없음, 운동화, 트레이닝/조거 팬츠","[25, 30)"
8,2023-08-18,29.1,"반팔 티, 셔츠/블라우스, 스니커즈/캔버스, 아우터 없음, 액세서리 없음, 트레이닝/조거 팬츠","[25, 30)"
8,2023-08-19,29.1,"데님팬츠, 반팔 티, 비니, 스니커즈/캔버스, 아우터 없음","[25, 30)"
8,2023-08-20,28.3,"기타 모자, 데님팬츠, 반팔 티, 스니커즈/캔버스, 아우터 없음","[25, 30)"
8,2023-08-23,24.8,"비니, 셔츠/블라우스, 아우터 없음, 운동화, 트레이닝/조거 팬츠","[20, 25)"
8,2023-08-27,26.1,"긴팔 티, 비니, 아우터 없음, 운동화, 트레이닝/조거 팬츠","[25, 30)"
8,2023-08-29,23.9,"반팔 티, 아우터 없음, 액세서리 없음, 운동화, 트레이닝/조거 팬츠","[20, 25)"
8,2023-09-06,27.9,"맨투맨, 아우터 없음, 액세서리 없음, 운동화, 카고바지","[25, 30)"
8,2023-09-07,26.3,"기타 모자, 데님팬츠, 반팔 셔츠/블라우스, 아우터 없음, 운동화","[25, 30)"
8,2023-09-14,23.4,"구두/로퍼, 데님팬츠, 바람막이, 반팔 티, 액세서리 없음","[20, 25)"
8,2023-10-02,18.2,"맨투맨, 아우터 없음, 액세서리 없음, 운동화, 카고바지","[15, 20)"
8,2023-09-29,21.1,"긴팔 티, 데님팬츠, 비니, 스니커즈/캔버스, 아우터 없음","[20, 25)"
8,2023-10-10,17.1,"기타 모자, 긴팔 티, 데님팬츠, 바람막이, 운동화","[15, 20)"
8,2023-10-07,16.8,"반팔 티, 셔츠/블라우스, 스니커즈/캔버스, 아우터 없음, 액세서리 없음, 카고바지","[15, 20)"
8,2023-11-04,17.4,"구두/로퍼, 데님팬츠, 반팔 티, 아우터 없음, 액세서리 없음, 후드티","[15, 20)"
8,2023-11-06,13.3,"기타 모자, 셔츠/블라우스, 스니커즈/캔버스, 카고바지, 패딩","[10, 15)"
8,2024-04-10,13.8,"구두/로퍼, 긴팔 티, 데님팬츠, 액세서리 없음, 코트","[10, 15)"
9,2022-12-02,-2.5,"니트, 데님팬츠, 반팔 티, 스니커즈/캔버스, 액세서리 없음, 코트","[-5, 0)"
9,2022-12-05,-3.1,"기타 모자, 반팔 티, 아우터 없음, 운동화, 카고바지, 후드티","[-5, 0)"
9,2022-12-08,3.7,"니트, 반팔 티, 비니, 아우터 없음, 운동화, 카고바지","[0, 5)"
9,2022-12-10,2.6,"데님팬츠, 반팔 티, 스니커즈/캔버스, 액세서리 없음, 코트, 후드티","[0, 5)"
9,2022-12-12,2.0,"긴팔 티, 머플러, 스니커즈/캔버스, 카고바지, 패딩","[0, 5)"
9,2022-12-09,4.5,"니트, 데님팬츠, 머플러, 반팔 티, 스니커즈/캔버스, 아우터 없음","[0, 5)"
9,2022-12-27,-2.6,"니트, 데님팬츠, 스니커즈/캔버스, 액세서리 없음, 코트","[-5, 0)"
9,2023-01-02,-4.5,"니트, 데님팬츠, 머플러, 스니커즈/캔버스, 코트","[-5, 0)"
9,2022-12-16,-6.3,"기타 모자, 니트, 머플러, 운동화, 카고바지, 코트","[-10, -5)"
9,2023-01-09,3.1,"니트, 데님팬츠, 머플러, 반팔 티, 스니커즈/캔버스, 패딩","[0, 5)"
9,2023-01-05,-1.6,"니트, 데님팬츠, 스니커즈/캔버스, 액세서리 없음, 재킷","[-5, 0)"
9,2023-01-30,-0.9,"긴팔 티, 액세서리 없음, 운동화, 재킷, 카고바지","[-5, 0)"
9,2023-01-26,-6.0,"긴팔 티, 스니커즈/캔버스, 액세서리 없음, 재킷, 카고바지","[-10, -5)"
9,2023-01-31,2.4,"긴팔 티, 데님팬츠, 액세서리 없음, 운동화, 코트","[0, 5)"
9,2023-02-03,-1.6,"니트, 데님팬츠, 반팔 티, 스니커즈/캔버스, 액세서리 없음, 재킷","[-5, 0)"
9,2023-02-07,3.5,"긴팔 티, 스니커즈/캔버스, 액세서리 없음, 재킷, 트레이닝/조거 팬츠","[0, 5)"
9,2023-02-12,3.7,"구두/로퍼, 긴팔 티, 데님팬츠, 액세서리 없음, 재킷","[0, 5)"
9,2023-02-18,5.7,"긴팔 티, 면바지, 액세서리 없음, 운동화, 재킷","[5, 10)"
9,2023-02-15,3.2,"데님팬츠, 셔츠/블라우스, 액세서리 없음, 운동화, 조끼","[0, 5)"
9,2023-02-24,3.5,"긴팔 티, 데님팬츠, 스니커즈/캔버스, 액세서리 없음, 재킷","[0, 5)"
9,2023-02-22,1.2,"긴팔 티, 데님팬츠, 스니커즈/캔버스, 액세서리 없음, 재킷","[0, 5)"
9,2023-03-01,6.0,"니트, 데님팬츠, 반팔 티, 스니커즈/캔버스, 아우터 없음, 액세서리 없음","[5, 10)"
9,2023-03-03,4.6,"긴팔 티, 바람막이, 액세서리 없음, 운동화, 카고바지","[0, 5)"
9,2023-03-07,11.7,"긴팔 티, 스니커즈/캔버스, 액세서리 없음, 점퍼, 카고바지","[10, 15)"
9,2023-03-09,10.3,"반팔 티, 스니커즈/캔버스, 아우터 없음, 액세서리 없음, 트레이닝/조거 팬츠, 후드티","[10, 15)"
9,2023-03-10,13.5,"니트, 데님팬츠, 아우터 없음, 액세서리 없음, 운동화","[10, 15)"
9,2023-03-18,7.7,"긴팔 티, 데님팬츠, 액세서리 없음, 운동화, 재킷","[5, 10)"
9,2023-03-15,8.6,"니트, 스니커즈/캔버스, 아우터 없음, 액세서리 없음, 트레이닝/조거 팬츠","[5, 10)"
9,2023-03-31,15.0,"데님팬츠, 반팔 티, 액세서리 없음, 운동화, 재킷","[15, 20)"
9,2023-03-27,7.3,"니트, 데님팬츠, 아우터 없음, 액세서리 없음, 운동화","[5, 10)"
9,2023-03-21,13.0,"긴팔 티, 데님팬츠, 레인부츠, 액세서리 없음, 재킷","[10, 15)"
9,2023-04-02,18.8,"반팔 티, 스니커즈/캔버스, 액세서리 없음, 재킷, 트레이닝/조거 팬츠","[15, 20)"
9,2023-08-01,29.9,"반바지, 반팔 티, 스니커즈/캔버스, 아우터 없음, 액세서리 없음","[25, 30)"
9,2023-09-15,22.3,"구두/로퍼, 데님팬츠, 반팔 티, 액세서리 없음, 집업","[20, 25)"
9,2023-09-14,23.4,"구두/로퍼, 데님팬츠, 반팔 티, 액세서리 없음, 재킷","[20, 25)"
9,2023-09-17,24.7,"반팔 티, 액세서리 없음, 운동화, 재킷, 카고바지","[20, 25)"
9,2023-09-18,24.7,"반바지, 반팔 티, 아우터 없음, 운동화, 장목양말, 후드티","[20, 25)"
9,2023-09-16,23.9,"구두/로퍼, 데님팬츠, 반팔 티, 액세서리 없음, 재킷","[20, 25)"
9,2023-09-19,24.1,"반팔 티, 액세서리 없음, 운동화, 집업, 트레이닝/조거 팬츠","[20, 25)"
9,2023-09-20,20.6,"니트, 데님팬츠, 반팔 티, 아우터 없음, 액세서리 없음, 운동화","[20, 25)"
9,2023-09-22,20.5,"반바지, 반팔 티, 아우터 없음, 운동화, 장목양말, 후드티","[20, 25)"
9,2023-09-26,19.9,"데님팬츠, 맨투맨, 액세서리 없음, 운동화, 재킷","[15, 20)"
9,2023-09-28,22.7,"데님팬츠, 반팔 티, 액세서리 없음, 운동화, 재킷","[20, 25)"
9,2023-09-29,21.1,"구두/로퍼, 니트, 데님팬츠, 아우터 없음, 액세서리 없음","[20, 25)"
9,2023-10-01,18.4,"바람막이, 반팔 티, 액세서리 없음, 운동화, 카고바지","[15, 20)"
9,2023-10-05,14.2,"맨투맨, 반팔 티, 아우터 없음, 액세서리 없음, 운동화, 트레이닝/조거 팬츠","[10, 15)"
9,2023-10-02,18.2,"반팔 티, 액세서리 없음, 운동화, 재킷, 트레이닝/조거 팬츠","[15, 20)"
9,2023-10-07,16.8,"긴팔 티, 데님팬츠, 바람막이, 액세서리 없음, 운동화","[15, 20)"
9,2023-10-08,17.1,"데님팬츠, 반팔 티, 액세서리 없음, 운동화, 코트, 후드티","[15, 20)"
9,2023-10-10,17.1,"데님팬츠, 맨투맨, 아우터 없음, 액세서리 없음, 운동화","[15, 20)"
9,2023-11-22,9.5,"긴팔 티, 바람막이, 스니커즈/캔버스, 액세서리 없음, 카고바지","[5, 10)"
9,2023-10-13,17.5,"니트, 데님팬츠, 스니커즈/캔버스, 아우터 없음, 액세서리 없음","[15, 20)"
9,2023-12-04,2.7,"맨투맨, 액세서리 없음, 운동화, 카고바지, 패딩","[0, 5)"
9,2023-11-25,-1.3,"기타 모자, 반팔 티, 아우터 없음, 운동화, 카고바지, 후드티","[-5, 0)"
9,2023-12-12,5.4,"긴팔 티, 액세서리 없음, 운동화, 카고바지, 패딩","[5, 10)"
9,2023-12-19,-3.7,"맨투맨, 반팔 티, 스니커즈/캔버스, 액세서리 없음, 카고바지, 패딩","[-5, 0)"
9,2023-12-20,-7.4,"아우터 없음, 액세서리 없음, 운동화, 카고바지, 후드티","[-10, -5)"
9,2023-12-26,1.9,"기타 모자, 반팔 티, 셔츠/블라우스, 운동화, 카고바지, 패딩, 후드티","[0, 5)"
9,2023-12-24,-2.2,"기타 모자, 맨투맨, 반팔 티, 스니커즈/캔버스, 트레이닝/조거 팬츠, 패딩","[-5, 0)"
9,2023-12-30,0.6,"니트, 반팔 티, 스니커즈/캔버스, 액세서리 없음, 코트, 트레이닝/조거 팬츠","[0, 5)"
9,2024-01-11,1.7,"구두/로퍼, 니트, 액세서리 없음, 점퍼, 카고바지","[0, 5)"
9,2024-01-07,-4.4,"기타 모자, 니트, 운동화, 카고바지, 패딩","[-5, 0)"
9,2024-01-21,1.7,"기타 모자, 셔츠/블라우스, 운동화, 재킷, 트레이닝/조거 팬츠","[0, 5)"
9,2024-01-22,-8.7,"셔츠/블라우스, 스니커즈/캔버스, 아우터 없음, 액세서리 없음, 트레이닝/조거 팬츠","[-10, -5)"
9,2024-03-19,6.7,"반팔 티, 액세서리 없음, 운동화, 점퍼, 트레이닝/조거 팬츠","[5, 10)"
9,2024-02-02,3.1,"니트, 데님팬츠, 머플러, 스니커즈/캔버스, 아우터 없음","[0, 5)"
9,2024-03-21,5.0,"구두/로퍼, 면바지, 셔츠/블라우스, 아우터 없음, 액세서리 없음","[5, 10)"
9,2024-03-22,10.4,"가디건, 긴팔 티, 액세서리 없음, 운동화, 트레이닝/조거 팬츠","[10, 15)"
9,2024-03-28,10.3,"레더부츠, 아우터 없음, 액세서리 없음, 카고바지, 후드티","[10, 15)"
10,2022-11-03,9.3,"기타 모자, 데님팬츠, 스니커즈/캔버스, 아우터 없음, 후드티","[5, 10)"
10,2022-11-02,11.1,"가디건, 기타 모자, 긴팔 티, 데님팬츠, 스니커즈/캔버스","[10, 15)"
10,2022-11-07,11.4,"데님팬츠, 반팔 티, 아우터 없음, 액세서리 없음, 운동화, 후드티","[10, 15)"
10,2022-11-04,4.9,"긴팔 티, 데님팬츠, 스니커즈/캔버스, 액세서리 없음, 집업","[0, 5)"
10,2022-11-24,9.4,"바람막이, 반팔 티, 스니커즈/캔버스, 액세서리 없음, 카고바지","[5, 10)"
10,2022-11-10,13.5,"니트, 데님팬츠, 반팔 티, 아우터 없음, 액세서리 없음, 운동화","[10, 15)"
10,2022-11-13,10.3,"기타 모자, 데님팬츠, 반팔 티, 스니커즈/캔버스, 집업","[10, 15)"
10,2022-12-01,-5.4,"데님팬츠, 스니커즈/캔버스, 아우터 없음, 액세서리 없음, 후드티","[-10, -5)"
10,2022-12-04,-3.5,"반팔 티, 스니커즈/캔버스, 아우터 없음, 액세서리 없음, 카고바지, 후드티","[-5, 0)"
10,2022-12-10,2.6,"데님팬츠, 맨투맨, 스니커즈/캔버스, 아우터 없음, 액세서리 없음","[0, 5)"
10,2022-12-16,-6.3,"레더부츠, 아우터 없음, 액세서리 없음, 트레이닝/조거 팬츠, 후드티","[-10, -5)"
10,2022-12-26,-3.9,"스니커즈/캔버스, 아우터 없음, 액세서리 없음, 트레이닝/조거 팬츠, 후드티","[-5, 0)"
10,2023-01-13,8.3,"긴팔 티, 레더부츠, 머플러, 트레이닝/조거 팬츠, 패딩","[5, 10)"
10,2023-01-06,0.6,"데님팬츠, 스니커즈/캔버스, 액세서리 없음, 코트, 후드티","[0, 5)"
10,2023-02-28,4.3,"구두/로퍼, 긴팔 티, 데님팬츠, 액세서리 없음, 재킷","[0, 5)"
10,2023-02-28,4.3,"스니커즈/캔버스, 액세서리 없음, 재킷, 트레이닝/조거 팬츠, 후드티","[0, 5)"
10,2023-03-12,5.9,"기타 모자, 니트, 반팔 티, 스니커즈/캔버스, 아우터 없음, 트레이닝/조거 팬츠","[5, 10)"
10,2023-03-30,13.3,"기타 모자, 바람막이, 반팔 티, 스니커즈/캔버스, 트레이닝/조거 팬츠","[10, 15)"
10,2023-03-21,13.0,"가디건, 구두/로퍼, 긴팔 티, 데님팬츠, 액세서리 없음","[10, 15)"
10,2023-04-21,16.7,"기타 모자, 데님팬츠, 반팔 티, 스니커즈/캔버스, 아우터 없음","[15, 20)"
10,2023-04-16,10.8,"기타 모자, 반팔 티, 스니커즈/캔버스, 아우터 없음, 카고바지","[10, 15)"
10,2023-04-02,18.8,"기타 모자, 데님팬츠, 바람막이, 반팔 티, 운동화","[15, 20)"
10,2023-05-03,19.5,"기타 모자, 데님팬츠, 반팔 셔츠/블라우스, 반팔 티, 스니커즈/캔버스, 아우터 없음","[15, 20)"
10,2023-04-26,10.2,"기타 모자, 데님팬츠, 반팔 티, 스니커즈/캔버스, 아우터 없음","[10, 15)"
10,2023-07-24,26.9,"기타 모자, 반팔 티, 스니커즈/캔버스, 아우터 없음, 트레이닝/조거 팬츠","[25, 30)"
10,2023-08-23,24.8,"기타 모자, 반팔 티, 스니커즈/캔버스, 아우터 없음, 카고바지","[20, 25)"
10,2023-09-23,21.8,"기타 모자, 데님팬츠, 반팔 티, 운동화, 집업","[20, 25)"
10,2023-10-07,16.8,"반팔 티, 스니커즈/캔버스, 아우터 없음, 액세서리 없음, 트레이닝/조거 팬츠, 후드티","[15, 20)"
10,2023-12-05,6.8,"긴팔 티, 데님팬츠, 비니, 아우터 없음, 운동화","[5, 10)"
10,2023-12-12,5.4,"니트 , 니트 , 비니, 스니커즈/캔버스, 카고바지, 패딩조끼","[5, 10)"
10,2024-01-10,-1.0,"구두/로퍼, 기타 모자, 데님팬츠, 아우터 없음, 후드티","[-5, 0)"
10,2023-12-29,1.3,"니트, 레더부츠, 비니, 카고바지, 패딩","[0, 5)"
10,2024-01-26,-1.7,"구두/로퍼, 니트, 데님팬츠, 셔츠/블라우스, 아우터 없음, 액세서리 없음","[-5, 0)"
10,2024-02-05,2.7,"구두/로퍼, 데님팬츠, 비니, 아우터 없음, 후드티","[0, 5)"
10,2024-01-16,-2.1,"긴팔 티, 데님팬츠, 레더부츠, 머플러, 패딩","[-5, 0)"
10,2024-03-20,4.4,"구두/로퍼, 액세서리 없음, 카고바지, 패딩조끼, 후드티","[0, 5)"
11,2023-03-30,13.3,"구두/로퍼, 데님팬츠, 반팔 티, 액세서리 없음, 재킷","[10, 15)"
11,2023-03-29,11.8,"구두/로퍼, 기타 모자, 반팔 티, 셔츠/블라우스, 아우터 없음, 카고바지","[10, 15)"
11,2023-03-31,15.0,"기타 모자, 데님팬츠, 반팔 티, 스니커즈/캔버스, 재킷","[15, 20)"
11,2023-04-04,17.6,"데님팬츠, 반팔 티, 스니커즈/캔버스, 아우터 없음, 액세서리 없음, 후드티","[15, 20)"
11,2023-04-03,19.0,"데님팬츠, 반팔 티, 스니커즈/캔버스, 액세서리 없음, 재킷","[15, 20)"
11,2023-04-05,11.9,"구두/로퍼, 데님팬츠, 반팔 티, 액세서리 없음, 재킷","[10, 15)"
11,2023-04-07,8.9,"구두/로퍼, 데님팬츠, 반팔 티, 셔츠/블라우스, 아우터 없음, 액세서리 없음","[5, 10)"
11,2023-04-06,8.8,"데님팬츠, 반팔 티, 셔츠/블라우스, 스니커즈/캔버스, 액세서리 없음, 재킷","[5, 10)"
11,2023-04-11,13.1,"구두/로퍼, 긴팔 티, 데님팬츠, 액세서리 없음, 코트","[10, 15)"
11,2023-04-10,13.2,"구두/로퍼, 데님팬츠, 반팔 티, 셔츠/블라우스, 액세서리 없음, 재킷","[10, 15)"
11,2023-04-13,11.9,"구두/로퍼, 데님팬츠, 반팔 티, 셔츠/블라우스, 아우터 없음, 액세서리 없음","[10, 15)"
11,2023-04-14,16.2,"구두/로퍼, 데님팬츠, 반팔 티, 셔츠/블라우스, 액세서리 없음, 재킷","[15, 20)"
11,2023-04-12,10.1,"구두/로퍼, 데님팬츠, 아우터 없음, 액세서리 없음, 후드티","[10, 15)"
11,2023-04-18,14.0,"구두/로퍼, 데님팬츠, 반팔 티, 액세서리 없음, 재킷","[10, 15)"
11,2023-04-17,13.1,"구두/로퍼, 데님팬츠, 반팔 티, 액세서리 없음, 재킷, 집업","[10, 15)"
11,2023-04-19,19.1,"구두/로퍼, 데님팬츠, 반팔 티, 아우터 없음, 액세서리 없음","[15, 20)"
11,2023-04-21,16.7,"구두/로퍼, 기타 모자, 데님팬츠, 반팔 티, 재킷","[15, 20)"
11,2023-04-20,15.8,"긴팔 티, 데님팬츠, 스니커즈/캔버스, 액세서리 없음, 조끼","[15, 20)"
11,2023-04-24,15.8,"구두/로퍼, 데님팬츠, 반팔 티, 액세서리 없음, 재킷","[15, 20)"
11,2023-04-25,10.9,"구두/로퍼, 데님팬츠, 반팔 티, 아우터 없음, 액세서리 없음","[10, 15)"
11,2023-04-26,10.2,"구두/로퍼, 기타 모자, 데님팬츠, 반팔 티, 아우터 없음","[10, 15)"
11,2023-04-28,15.7,"가디건, 구두/로퍼, 기타 모자, 데님팬츠, 반팔 티","[15, 20)"
11,2023-05-02,16.7,"구두/로퍼, 니트, 데님팬츠, 반팔 티, 아우터 없음, 액세서리 없음","[15, 20)"
11,2023-04-27,12.9,"구두/로퍼, 데님팬츠, 반팔 티, 셔츠/블라우스, 아우터 없음, 액세서리 없음","[10, 15)"
11,2023-05-08,15.3,"데님팬츠, 반팔 티, 샌들/슬리퍼, 셔츠/블라우스, 액세서리 없음, 재킷","[15, 20)"
11,2023-05-10,18.4,"데님팬츠, 반팔 티, 샌들/슬리퍼, 액세서리 없음, 재킷","[15, 20)"
11,2023-05-16,24.0,"구두/로퍼, 데님팬츠, 반팔 티, 셔츠/블라우스, 아우터 없음, 액세서리 없음","[20, 25)"
11,2023-05-18,21.2,"데님팬츠, 반팔 티, 샌들/슬리퍼, 액세서리 없음, 재킷","[20, 25)"
11,2023-05-19,22.3,"데님팬츠, 반팔 티, 샌들/슬리퍼, 셔츠/블라우스, 아우터 없음, 액세서리 없음","[20, 25)"
11,2023-05-30,24.0,"구두/로퍼, 기타 모자, 긴팔 티, 데님팬츠, 아우터 없음","[20, 25)"
11,2023-05-25,21.2,"구두/로퍼, 데님팬츠, 반팔 티, 액세서리 없음, 조끼","[20, 25)"
11,2023-05-31,22.8,"기타 모자, 반바지, 반팔 티, 스니커즈/캔버스, 장목양말, 재킷","[20, 25)"
11,2023-06-01,22.8,"구두/로퍼, 데님팬츠, 반팔 티, 액세서리 없음, 재킷","[20, 25)"
11,2023-06-02,20.4,"데님팬츠, 반팔 티, 샌들/슬리퍼, 아우터 없음, 액세서리 없음","[20, 25)"
11,2023-06-05,21.5,"데님팬츠, 반팔 티, 샌들/슬리퍼, 아우터 없음, 액세서리 없음","[20, 25)"
11,2023-06-07,21.4,"구두/로퍼, 데님팬츠, 반팔 티, 아우터 없음, 액세서리 없음","[20, 25)"
11,2023-06-08,20.4,"구두/로퍼, 기타 모자, 데님팬츠, 반팔 티, 셔츠/블라우스, 아우터 없음","[20, 25)"
11,2023-06-28,26.5,"기타 모자, 레인부츠, 반바지, 반팔 티, 아우터 없음, 장목양말","[25, 30)"
11,2023-06-29,24.2,"기타 모자, 반바지, 반팔 티, 셔츠/블라우스, 스니커즈/캔버스, 아우터 없음, 장목양말","[20, 25)"
11,2023-06-26,24.2,"데님팬츠, 반팔 티, 샌들/슬리퍼, 아우터 없음, 액세서리 없음","[20, 25)"
11,2023-07-06,27.3,"반바지, 셔츠/블라우스, 아우터 없음, 운동화, 장목양말","[25, 30)"
11,2023-07-05,24.5,"구두/로퍼, 반바지, 반팔 티, 셔츠/블라우스, 아우터 없음, 장목양말","[20, 25)"
11,2023-07-04,26.1,"반바지, 반팔 셔츠/블라우스, 반팔 티, 스니커즈/캔버스, 아우터 없음, 장목양말","[25, 30)"
11,2023-07-10,26.3,"기타 모자, 데님팬츠, 반팔 티, 샌들/슬리퍼, 아우터 없음","[25, 30)"
11,2023-07-11,23.5,"레인부츠, 반바지, 반팔 티, 장목양말, 조끼","[20, 25)"
11,2023-07-13,25.2,"구두/로퍼, 데님팬츠, 반팔 티, 아우터 없음, 액세서리 없음","[25, 30)"
11,2023-07-19,27.2,"데님팬츠, 레인부츠, 반팔 티, 셔츠/블라우스, 아우터 없음, 장목양말","[25, 30)"
11,2023-07-12,25.8,"구두/로퍼, 기타 모자, 데님팬츠, 반팔 셔츠/블라우스, 반팔 티, 아우터 없음","[25, 30)"
11,2023-07-20,27.9,"구두/로퍼, 기타 모자, 데님팬츠, 반팔 티, 아우터 없음","[25, 30)"
11,2023-07-21,29.5,"기타 모자, 반바지, 반팔 티, 아우터 없음, 운동화, 장목양말","[25, 30)"
11,2023-07-26,27.6,"구두/로퍼, 데님팬츠, 반팔 셔츠/블라우스, 반팔 티, 아우터 없음, 액세서리 없음","[25, 30)"
11,2023-07-25,27.8,"구두/로퍼, 기타 모자, 데님팬츠, 반팔 티, 아우터 없음","[25, 30)"
11,2023-07-24,26.9,"기타 모자, 데님팬츠, 반팔 셔츠/블라우스, 아우터 없음, 운동화","[25, 30)"
11,2023-07-27,28.4,"구두/로퍼, 데님팬츠, 반팔 티, 아우터 없음, 액세서리 없음","[25, 30)"
11,2023-07-28,29.5,"구두/로퍼, 기타 모자, 데님팬츠, 반팔 티, 셔츠/블라우스, 아우터 없음","[25, 30)"
11,2023-08-02,29.7,"기타 모자, 데님팬츠, 반팔 셔츠/블라우스, 반팔 티, 샌들/슬리퍼, 아우터 없음","[25, 30)"
11,2023-08-03,29.5,"데님팬츠, 반팔 셔츠/블라우스, 반팔 티, 샌들/슬리퍼, 아우터 없음, 액세서리 없음","[25, 30)"
11,2023-08-07,30.4,"데님팬츠, 반팔 티, 스니커즈/캔버스, 아우터 없음, 액세서리 없음","[30, 35)"
11,2023-08-09,28.3,"기타 모자, 반팔 티, 아우터 없음, 운동화, 트레이닝/조거 팬츠","[25, 30)"
11,2023-08-08,30.9,"데님팬츠, 반팔 셔츠/블라우스, 반팔 티, 아우터 없음, 액세서리 없음, 운동화","[30, 35)"
11,2023-08-18,29.1,"기타 모자, 면바지, 반팔 티, 스니커즈/캔버스, 아우터 없음","[25, 30)"
11,2023-08-11,23.5,"데님팬츠, 셔츠/블라우스, 아우터 없음, 액세서리 없음, 운동화","[20, 25)"
11,2023-08-17,28.2,"기타 모자, 데님팬츠, 반팔 티, 셔츠/블라우스, 아우터 없음, 운동화","[25, 30)"
11,2023-08-21,29.5,"데님팬츠, 반팔 티, 아우터 없음, 액세서리 없음, 운동화","[25, 30)"
11,2023-08-23,24.8,"데님팬츠, 반팔 티, 아우터 없음, 액세서리 없음, 운동화","[20, 25)"
11,2023-08-22,27.6,"레인부츠, 반바지, 반팔 티, 아우터 없음, 액세서리 없음","[25, 30)"
11,2023-08-25,26.5,"기타 모자, 데님팬츠, 반팔 티, 샌들/슬리퍼, 아우터 없음","[25, 30)"
11,2023-08-28,22.7,"기타 모자, 데님팬츠, 반팔 티, 아우터 없음, 운동화","[20, 25)"
11,2023-09-04,27.0,"구두/로퍼, 데님팬츠, 반팔 티, 아우터 없음, 액세서리 없음","[25, 30)"
11,2023-08-30,22.8,"기타 모자, 데님팬츠, 반팔 티, 아우터 없음, 운동화","[20, 25)"
11,2023-09-05,28.5,"구두/로퍼, 기타 모자, 데님팬츠, 아우터 없음, 후드티","[25, 30)"
11,2023-09-08,25.3,"데님팬츠, 반팔 티, 아우터 없음, 액세서리 없음, 운동화","[25, 30)"
11,2023-09-06,27.9,"긴팔 티, 데님팬츠, 샌들/슬리퍼, 아우터 없음, 액세서리 없음","[25, 30)"
11,2023-09-12,25.7,"맨투맨, 샌들/슬리퍼, 아우터 없음, 장목양말, 카고바지","[25, 30)"
11,2023-09-18,24.7,"기타 모자, 긴팔 티, 아우터 없음, 운동화, 하의 없음","[20, 25)"
11,2023-09-14,23.4,"데님팬츠, 반팔 셔츠/블라우스, 반팔 티, 스니커즈/캔버스, 아우터 없음, 액세서리 없음","[20, 25)"
11,2023-09-15,22.3,"기타 모자, 긴팔 티, 데님팬츠, 스니커즈/캔버스, 아우터 없음","[20, 25)"
11,2023-09-19,24.1,"구두/로퍼, 데님팬츠, 반팔 티, 셔츠/블라우스, 아우터 없음, 액세서리 없음","[20, 25)"
11,2023-09-20,20.6,"반팔 티, 아우터 없음, 액세서리 없음, 운동화, 트레이닝/조거 팬츠","[20, 25)"
11,2023-09-27,21.5,"구두/로퍼, 기타 모자, 긴팔 티, 데님팬츠, 아우터 없음","[20, 25)"
11,2023-09-28,22.7,"기타 모자, 데님팬츠, 반팔 티, 아우터 없음, 운동화","[20, 25)"
11,2023-09-29,21.1,"데님팬츠, 반팔 티, 아우터 없음, 액세서리 없음, 운동화","[20, 25)"
11,2023-10-05,14.2,"기타 모자, 맨투맨, 반팔 티, 아우터 없음, 운동화, 하의 없음","[10, 15)"
11,2023-10-04,17.3,"구두/로퍼, 데님팬츠, 반팔 티, 셔츠/블라우스, 아우터 없음, 액세서리 없음","[15, 20)"
11,2023-10-06,15.5,"기타 모자, 데님팬츠, 반팔 티, 아우터 없음, 운동화, 후드티","[15, 20)"
11,2023-10-10,17.1,"데님팬츠, 반팔 티, 셔츠/블라우스, 아우터 없음, 액세서리 없음, 운동화","[15, 20)"
11,2023-10-11,17.6,"기타 모자, 데님팬츠, 아우터 없음, 운동화, 후드티","[15, 20)"
11,2023-10-13,17.5,"기타 모자, 데님팬츠, 반팔 티, 셔츠/블라우스, 아우터 없음, 운동화","[15, 20)"
11,2023-10-17,13.8,"데님팬츠, 반팔 티, 액세서리 없음, 운동화, 재킷","[10, 15)"
11,2023-10-20,11.6,"기타 모자, 긴팔 티, 데님팬츠, 아우터 없음, 운동화","[10, 15)"
11,2023-10-19,17.0,"기타 모자, 긴팔 티, 데님팬츠, 아우터 없음, 운동화","[15, 20)"
11,2023-10-18,15.7,"기타 모자, 데님팬츠, 맨투맨, 반팔 티, 아우터 없음, 운동화","[15, 20)"
11,2023-10-23,15.2,"기타 모자, 긴팔 티, 운동화, 재킷, 하의 없음","[15, 20)"
11,2023-10-24,15.6,"기타 모자, 데님팬츠, 맨투맨, 반팔 티, 아우터 없음, 운동화","[15, 20)"
11,2023-10-26,17.2,"긴팔 티, 데님팬츠, 액세서리 없음, 운동화, 재킷","[15, 20)"
11,2023-10-27,15.7,"기타 모자, 반팔 티, 아우터 없음, 운동화, 트레이닝/조거 팬츠, 후드티","[15, 20)"
11,2023-10-31,16.5,"기타 모자, 데님팬츠, 맨투맨, 아우터 없음, 운동화","[15, 20)"
11,2023-11-02,20.8,"기타 모자, 긴팔 티, 면바지, 운동화, 재킷","[20, 25)"
11,2023-11-01,19.0,"기타 모자, 데님팬츠, 반팔 티, 셔츠/블라우스, 아우터 없음, 운동화","[15, 20)"
11,2023-11-03,19.5,"데님팬츠, 반팔 티, 액세서리 없음, 운동화, 재킷","[15, 20)"
11,2023-11-07,5.8,"기타 모자, 데님팬츠, 아우터 없음, 운동화, 후드티","[5, 10)"
11,2023-11-08,8.4,"기타 모자, 면바지, 반팔 티, 운동화, 재킷","[5, 10)"
11,2023-11-09,11.4,"기타 모자, 데님팬츠, 맨투맨, 운동화, 점퍼","[10, 15)"
11,2023-11-10,3.4,"구두/로퍼, 니트, 데님팬츠, 비니, 재킷","[0, 5)"
11,2023-11-14,5.0,"기타 모자, 맨투맨, 반팔 티, 아우터 없음, 운동화, 트레이닝/조거 팬츠","[5, 10)"
11,2023-11-12,1.2,"기타 모자, 니트, 데님팬츠, 반팔 티, 아우터 없음, 운동화","[0, 5)"
11,2023-11-13,2.0,"반팔 티, 액세서리 없음, 운동화, 점퍼, 카고바지","[0, 5)"
11,2023-11-18,0.6,"기타 모자, 긴팔 티, 데님팬츠, 운동화, 재킷","[0, 5)"
11,2023-11-15,7.0,"데님팬츠, 액세서리 없음, 운동화, 재킷, 후드티","[5, 10)"
11,2023-11-16,6.6,"기타 모자, 데님팬츠, 반팔 티, 아우터 없음, 운동화, 후드티","[5, 10)"
11,2023-11-19,5.9,"기타 모자, 데님팬츠, 반팔 티, 아우터 없음, 운동화, 후드티","[5, 10)"
11,2023-11-20,6.2,"기타 모자, 니트, 데님팬츠, 반팔 티, 운동화, 집업","[5, 10)"
11,2023-11-23,9.9,"기타 모자, 긴팔 티, 운동화, 트레이닝/조거 팬츠, 패딩","[5, 10)"
11,2023-11-22,9.5,"데님팬츠, 반팔 티, 액세서리 없음, 운동화, 재킷","[5, 10)"
11,2023-11-30,-4.3,"기타 모자, 데님팬츠, 반팔 티, 아우터 없음, 운동화, 후드티","[-5, 0)"
11,2023-11-27,6.2,"아우터 없음, 액세서리 없음, 운동화, 카고바지, 후드티","[5, 10)"
11,2023-12-04,2.7,"긴팔 티, 데님팬츠, 액세서리 없음, 운동화, 재킷","[0, 5)"
11,2023-12-06,6.1,"니트, 반팔 티, 아우터 없음, 액세서리 없음, 운동화, 트레이닝/조거 팬츠","[5, 10)"
11,2023-12-07,6.6,"데님팬츠, 반팔 티, 비니, 운동화, 패딩, 후드티","[5, 10)"
11,2023-12-11,8.9,"기타 모자, 긴팔 티, 운동화, 집업, 트레이닝/조거 팬츠","[5, 10)"
11,2023-12-08,11.2,"기타 모자, 데님팬츠, 반팔 티, 아우터 없음, 운동화, 후드티","[10, 15)"
11,2023-12-15,4.9,"기타 모자, 긴팔 티, 데님팬츠, 운동화, 집업, 털 모자","[0, 5)"
11,2023-12-18,-7.7,"긴팔 티, 데님팬츠, 액세서리 없음, 운동화, 점퍼","[-10, -5)"
11,2023-12-26,1.9,"데님팬츠, 반팔 티, 액세서리 없음, 운동화, 점퍼, 후드티","[0, 5)"
11,2023-12-21,-11.7,"기타 모자, 데님팬츠, 맨투맨, 반팔 티, 아우터 없음, 운동화",
11,2024-01-02,2.9,"기타 모자, 긴팔 티, 데님팬츠, 운동화, 집업","[0, 5)"
11,2024-01-16,-2.1,"기타 모자, 긴팔 티, 데님팬츠, 셔츠/블라우스, 운동화, 패딩","[-5, 0)"
11,2024-01-26,-1.7,"기타 모자, 데님팬츠, 맨투맨, 머플러, 반팔 티, 운동화, 패딩","[-5, 0)"
11,2024-01-25,-5.3,"기타 모자, 긴팔 티, 데님팬츠, 운동화, 점퍼","[-10, -5)"
11,2024-01-30,1.4,"기타 모자, 긴팔 티, 데님팬츠, 스니커즈/캔버스, 재킷, 집업","[0, 5)"
11,2024-02-06,1.2,"구두/로퍼, 기타 모자, 긴팔 티, 데님팬츠, 재킷, 집업","[0, 5)"
11,2024-02-14,12.9,"니트, 데님팬츠, 반팔 티, 아우터 없음, 액세서리 없음, 운동화","[10, 15)"
11,2024-02-19,9.1,"기타 모자, 데님팬츠, 반팔 티, 셔츠/블라우스, 아우터 없음, 운동화","[5, 10)"
11,2024-02-28,6.4,"데님팬츠, 액세서리 없음, 운동화, 재킷, 후드티","[5, 10)"
11,2024-02-23,1.8,"기타 모자, 긴팔 티, 데님팬츠, 운동화, 재킷","[0, 5)"
11,2024-03-05,8.0,"데님팬츠, 액세서리 없음, 운동화, 재킷, 후드티","[5, 10)"
11,2024-03-08,2.1,"기타 모자, 니트, 데님팬츠, 반팔 티, 아우터 없음, 운동화","[0, 5)"
11,2024-03-15,8.9,"가디건, 기타 모자, 데님팬츠, 반팔 티, 운동화","[5, 10)"
11,2024-03-22,10.4,"기타 모자, 데님팬츠, 반팔 티, 운동화, 재킷","[10, 15)"
11,2024-03-19,6.7,"가디건, 기타 모자, 데님팬츠, 셔츠/블라우스, 운동화","[5, 10)"
11,2024-03-26,7.4,"기타 모자, 면바지, 반팔 티, 운동화, 점퍼","[5, 10)"
11,2024-03-29,7.6,"구두/로퍼, 데님팬츠, 반팔 티, 셔츠/블라우스, 아우터 없음, 액세서리 없음","[5, 10)"
11,2024-04-02,15.4,"기타 모자, 데님팬츠, 반팔 티, 운동화, 재킷","[15, 20)"
11,2024-04-23,17.3,"기타 모자, 데님팬츠, 반팔 티, 아우터 없음, 운동화","[15, 20)"
12,2022-10-30,14.9,"구두/로퍼, 데님팬츠, 맨투맨, 액세서리 없음, 재킷","[10, 15)"
12,2022-11-06,9.6,"니트, 데님팬츠, 레더부츠, 반팔 티, 액세서리 없음, 코트","[5, 10)"
12,2022-11-18,11.0,"구두/로퍼, 맨투맨, 면바지, 반팔 티, 아우터 없음, 액세서리 없음","[10, 15)"
12,2022-11-19,12.9,"구두/로퍼, 데님팬츠, 맨투맨, 액세서리 없음, 재킷","[10, 15)"
12,2022-11-27,5.4,"데님팬츠, 맨투맨, 반팔 티, 스니커즈/캔버스, 아우터 없음, 액세서리 없음","[5, 10)"
12,2022-12-04,-3.5,"맨투맨, 스니커즈/캔버스, 액세서리 없음, 트레이닝/조거 팬츠, 패딩조끼","[-5, 0)"
12,2022-12-11,1.6,"구두/로퍼, 니트, 면바지, 반팔 티, 액세서리 없음, 코트","[0, 5)"
12,2022-12-20,-3.2,"구두/로퍼, 기타 모자, 면바지, 코트, 후드티","[-5, 0)"
12,2023-03-05,8.0,"니트, 데님팬츠, 반팔 티, 스니커즈/캔버스, 아우터 없음, 액세서리 없음","[5, 10)"
12,2023-04-08,8.8,"가디건, 데님팬츠, 반팔 티, 셔츠/블라우스, 스니커즈/캔버스, 액세서리 없음","[5, 10)"
12,2023-08-25,26.5,"구두/로퍼, 면바지, 반팔 셔츠/블라우스, 반팔 티, 아우터 없음, 액세서리 없음","[25, 30)"
12,2023-08-27,26.1,"면바지, 반팔 티, 스니커즈/캔버스, 아우터 없음, 액세서리 없음","[25, 30)"
12,2023-08-29,23.9,"구두/로퍼, 면바지, 반팔 티, 아우터 없음, 액세서리 없음","[20, 25)"
12,2023-09-01,24.5,"데님팬츠, 반팔 티, 스니커즈/캔버스, 아우터 없음, 액세서리 없음","[20, 25)"
12,2023-09-08,25.3,"데님팬츠, 반팔 티, 셔츠/블라우스, 스니커즈/캔버스, 아우터 없음, 액세서리 없음","[25, 30)"
12,2023-09-18,24.7,"데님팬츠, 반팔 티, 셔츠/블라우스, 스니커즈/캔버스, 아우터 없음, 액세서리 없음","[20, 25)"
12,2023-10-05,14.2,"구두/로퍼, 긴팔 티, 데님팬츠, 액세서리 없음, 집업","[10, 15)"
12,2023-10-15,16.1,"면바지, 반팔 티, 셔츠/블라우스, 스니커즈/캔버스, 액세서리 없음, 재킷","[15, 20)"
12,2023-10-23,15.2,"데님팬츠, 맨투맨, 반팔 티, 스니커즈/캔버스, 액세서리 없음, 재킷","[15, 20)"
12,2023-11-01,19.0,"가디건, 면바지, 반팔 티, 셔츠/블라우스, 스니커즈/캔버스, 액세서리 없음","[15, 20)"
12,2023-11-01,19.0,"기타 모자, 맨투맨, 반팔 티, 스니커즈/캔버스, 아우터 없음, 카고바지","[15, 20)"
12,2023-11-03,19.5,"구두/로퍼, 데님팬츠, 맨투맨, 반팔 티, 아우터 없음, 액세서리 없음","[15, 20)"
12,2023-11-04,17.4,"데님팬츠, 맨투맨, 스니커즈/캔버스, 액세서리 없음, 재킷","[15, 20)"
12,2023-11-06,13.3,"가디건, 면바지, 반팔 티, 셔츠/블라우스, 스니커즈/캔버스, 액세서리 없음","[10, 15)"
12,2023-11-07,5.8,"가디건, 면바지, 반팔 티, 셔츠/블라우스, 스니커즈/캔버스, 액세서리 없음","[5, 10)"
12,2023-11-08,8.4,"가디건, 니트, 면바지, 반팔 티, 셔츠/블라우스, 스니커즈/캔버스, 액세서리 없음","[5, 10)"
12,2023-11-09,11.4,"가디건, 니트, 면바지, 스니커즈/캔버스, 액세서리 없음","[10, 15)"
12,2023-11-10,3.4,"구두/로퍼, 니트, 데님팬츠, 바람막이, 반팔 티, 액세서리 없음","[0, 5)"
12,2023-11-11,1.7,"스니커즈/캔버스, 액세서리 없음, 점퍼, 트레이닝/조거 팬츠, 후드티","[0, 5)"
12,2023-11-11,1.7,"데님팬츠, 반팔 티, 스니커즈/캔버스, 액세서리 없음, 코트, 후드티","[0, 5)"
12,2023-11-12,1.2,"가디건, 구두/로퍼, 긴팔 티, 데님팬츠, 액세서리 없음, 코트","[0, 5)"
12,2023-11-13,2.0,"가디건, 면바지, 반팔 티, 셔츠/블라우스, 스니커즈/캔버스, 액세서리 없음","[0, 5)"
12,2023-11-15,7.0,"면바지, 반팔 티, 셔츠/블라우스, 스니커즈/캔버스, 액세서리 없음, 집업","[5, 10)"
12,2023-11-16,6.6,"구두/로퍼, 면바지, 반팔 티, 셔츠/블라우스, 액세서리 없음, 재킷","[5, 10)"
12,2023-11-17,1.6,"구두/로퍼, 니트, 데님팬츠, 반팔 티, 액세서리 없음, 패딩","[0, 5)"
12,2023-11-18,0.6,"데님팬츠, 반팔 티, 스니커즈/캔버스, 액세서리 없음, 패딩조끼, 후드티","[0, 5)"
12,2023-11-19,5.9,"구두/로퍼, 니트, 데님팬츠, 반팔 티, 액세서리 없음, 코트","[5, 10)"
12,2023-11-20,6.2,"니트, 면바지, 반팔 티, 스니커즈/캔버스, 액세서리 없음, 재킷","[5, 10)"
12,2023-11-21,7.4,"맨투맨, 면바지, 반팔 티, 스니커즈/캔버스, 아우터 없음, 액세서리 없음","[5, 10)"
12,2023-11-22,9.5,"구두/로퍼, 니트, 면바지, 반팔 티, 셔츠/블라우스, 액세서리 없음, 재킷","[5, 10)"
12,2023-11-23,9.9,"면바지, 반팔 티, 셔츠/블라우스, 스니커즈/캔버스, 액세서리 없음, 재킷","[5, 10)"
12,2023-11-24,-1.5,"니트, 면바지, 반팔 티, 스니커즈/캔버스, 아우터 없음, 액세서리 없음","[-5, 0)"
12,2023-11-27,6.2,"맨투맨, 면바지, 반팔 티, 스니커즈/캔버스, 아우터 없음, 액세서리 없음","[5, 10)"
12,2023-11-29,-1.4,"구두/로퍼, 긴팔 티, 면바지, 액세서리 없음, 재킷","[-5, 0)"
12,2023-11-30,-4.3,"구두/로퍼, 면바지, 반팔 티, 셔츠/블라우스, 액세서리 없음, 재킷","[-5, 0)"
12,2023-12-01,-3.2,"맨투맨, 면바지, 반팔 티, 스니커즈/캔버스, 아우터 없음, 액세서리 없음","[-5, 0)"
12,2023-12-02,2.0,"니트, 데님팬츠, 반팔 티, 스니커즈/캔버스, 액세서리 없음, 패딩조끼","[0, 5)"
12,2023-12-04,2.7,"니트, 면바지, 반팔 티, 스니커즈/캔버스, 아우터 없음, 액세서리 없음","[0, 5)"
12,2023-12-05,6.8,"구두/로퍼, 맨투맨, 면바지, 셔츠/블라우스, 아우터 없음, 액세서리 없음","[5, 10)"
12,2023-12-06,6.1,"면바지, 반팔 티, 셔츠/블라우스, 스니커즈/캔버스, 액세서리 없음, 재킷, 집업","[5, 10)"
12,2023-12-07,6.6,"구두/로퍼, 긴팔 티, 면바지, 액세서리 없음, 재킷","[5, 10)"
12,2023-12-08,11.2,"니트, 데님팬츠, 반팔 티, 스니커즈/캔버스, 액세서리 없음, 패딩조끼","[10, 15)"
12,2023-12-09,13.7,"구두/로퍼, 긴팔 티, 면바지, 반팔 티, 액세서리 없음, 재킷","[10, 15)"
12,2023-12-12,5.4,"맨투맨, 면바지, 반팔 티, 스니커즈/캔버스, 액세서리 없음, 집업","[5, 10)"
12,2023-12-13,6.8,"니트, 면바지, 반팔 티, 스니커즈/캔버스, 액세서리 없음, 코트","[5, 10)"
12,2023-12-14,7.6,"가디건, 면바지, 반팔 티, 셔츠/블라우스, 스니커즈/캔버스, 액세서리 없음","[5, 10)"
12,2023-12-19,-3.7,"구두/로퍼, 긴팔 티, 니트, 데님팬츠, 머플러, 코트","[-5, 0)"
12,2023-12-24,-2.2,"구두/로퍼, 긴팔 티, 머플러, 면바지, 재킷","[-5, 0)"
12,2023-12-26,1.9,"구두/로퍼, 니트, 면바지, 반팔 티, 액세서리 없음, 재킷","[0, 5)"
12,2023-12-27,1.5,"맨투맨, 면바지, 반팔 티, 스니커즈/캔버스, 아우터 없음, 액세서리 없음","[0, 5)"
12,2023-12-28,1.2,"가디건, 데님팬츠, 반팔 티, 셔츠/블라우스, 스니커즈/캔버스, 액세서리 없음, 코트","[0, 5)"
12,2023-12-29,1.3,"니트, 데님팬츠, 반팔 티, 스니커즈/캔버스, 액세서리 없음, 재킷","[0, 5)"
12,2023-12-30,0.6,"데님팬츠, 반팔 티, 스니커즈/캔버스, 액세서리 없음, 패딩조끼, 후드티","[0, 5)"
12,2024-01-03,1.8,"구두/로퍼, 긴팔 티, 맨투맨, 액세서리 없음, 트레이닝/조거 팬츠, 패딩조끼","[0, 5)"
12,2024-01-06,0.7,"가디건, 구두/로퍼, 긴팔 티, 면바지, 액세서리 없음","[0, 5)"
12,2024-01-20,3.4,"가디건, 구두/로퍼, 긴팔 티, 면바지, 액세서리 없음, 재킷","[0, 5)"
12,2024-01-30,1.4,"가디건, 구두/로퍼, 니트, 데님팬츠, 액세서리 없음","[0, 5)"
12,2024-02-02,3.1,"긴팔 티, 면바지, 스니커즈/캔버스, 액세서리 없음, 집업","[0, 5)"
12,2024-02-08,0.6,"구두/로퍼, 긴팔 티, 데님팬츠, 액세서리 없음, 재킷, 코트","[0, 5)"
12,2024-02-15,4.5,"구두/로퍼, 면바지, 반팔 티, 셔츠/블라우스, 액세서리 없음, 집업","[0, 5)"
12,2024-02-16,2.3,"가디건, 구두/로퍼, 긴팔 티, 면바지, 액세서리 없음, 재킷","[0, 5)"
12,2024-02-20,4.3,"니트, 면바지, 반팔 티, 스니커즈/캔버스, 액세서리 없음, 점퍼","[0, 5)"
12,2024-02-22,0.2,"니트, 데님팬츠, 반팔 티, 스니커즈/캔버스, 액세서리 없음, 재킷","[0, 5)"
12,2024-02-23,1.8,"레인부츠, 맨투맨, 면바지, 반팔 티, 아우터 없음, 액세서리 없음","[0, 5)"
12,2024-02-24,2.0,"구두/로퍼, 긴팔 티, 면바지, 액세서리 없음, 재킷","[0, 5)"
12,2024-02-27,5.3,"구두/로퍼, 니트, 데님팬츠, 반팔 티, 액세서리 없음, 재킷","[5, 10)"
12,2024-02-29,4.8,"구두/로퍼, 니트, 데님팬츠, 반팔 티, 아우터 없음, 액세서리 없음","[0, 5)"
12,2024-03-05,8.0,"니트, 데님팬츠, 반팔 티, 스니커즈/캔버스, 액세서리 없음, 패딩조끼","[5, 10)"
12,2024-03-07,3.9,"면바지, 반팔 티, 셔츠/블라우스, 스니커즈/캔버스, 액세서리 없음, 코트","[0, 5)"
12,2024-03-11,6.2,"구두/로퍼, 면바지, 반팔 티, 셔츠/블라우스, 액세서리 없음, 코트","[5, 10)"
12,2024-03-13,6.5,"구두/로퍼, 면바지, 반팔 티, 셔츠/블라우스, 액세서리 없음, 집업","[5, 10)"
12,2024-03-14,8.5,"구두/로퍼, 면바지, 반팔 티, 셔츠/블라우스, 액세서리 없음, 재킷","[5, 10)"
12,2024-03-15,8.9,"구두/로퍼, 면바지, 반팔 티, 셔츠/블라우스, 액세서리 없음, 코트","[5, 10)"
12,2024-03-20,4.4,"구두/로퍼, 긴팔 티, 데님팬츠, 액세서리 없음, 재킷","[0, 5)"
12,2024-03-23,13.0,"구두/로퍼, 긴팔 티, 데님팬츠, 액세서리 없음, 재킷","[10, 15)"
12,2024-03-28,10.3,"데님팬츠, 맨투맨, 반팔 티, 스니커즈/캔버스, 액세서리 없음, 패딩조끼","[10, 15)"
12,2024-04-08,16.2,"데님팬츠, 반팔 티, 셔츠/블라우스, 스니커즈/캔버스, 액세서리 없음, 재킷","[15, 20)"
12,2024-04-10,13.8,"구두/로퍼, 니트, 데님팬츠, 반팔 티, 아우터 없음, 액세서리 없음","[10, 15)"
12,2024-04-12,17.2,"구두/로퍼, 면바지, 반팔 티, 셔츠/블라우스, 액세서리 없음, 집업","[15, 20)"
12,2024-04-13,19.1,"구두/로퍼, 면바지, 반팔 티, 셔츠/블라우스, 액세서리 없음, 재킷","[15, 20)"
12,2024-04-14,20.8,"긴팔 티, 데님팬츠, 스니커즈/캔버스, 액세서리 없음, 재킷","[20, 25)"
12,2024-04-17,15.0,"구두/로퍼, 데님팬츠, 반팔 티, 셔츠/블라우스, 액세서리 없음, 재킷","[15, 20)"
12,2024-04-24,13.2,"니트, 면바지, 반팔 티, 샌들/슬리퍼, 아우터 없음, 액세서리 없음","[10, 15)"
12,2024-04-25,14.4,"니트, 데님팬츠, 바람막이, 반팔 티, 스니커즈/캔버스, 액세서리 없음","[10, 15)"
13,2022-08-04,28.9,"구두/로퍼, 면바지, 반팔 티, 아우터 없음, 액세서리 없음","[25, 30)"
13,2022-08-11,25.0,"반바지, 반팔 티 , 반팔 티 , 스니커즈/캔버스, 아우터 없음, 장목양말","[25, 30)"
13,2022-08-17,26.0,"나일론 팬츠, 레더부츠, 반팔 셔츠/블라우스, 반팔 티, 아우터 없음, 액세서리 없음","[25, 30)"
13,2022-08-21,28.1,"기타 모자, 데님팬츠, 반팔 티, 스니커즈/캔버스, 재킷","[25, 30)"
13,2022-08-26,23.8,"면바지, 반팔 셔츠/블라우스, 반팔 티, 샌들/슬리퍼, 아우터 없음, 액세서리 없음","[20, 25)"
13,2022-08-30,19.1,"데님팬츠, 맨투맨, 스니커즈/캔버스, 아우터 없음, 액세서리 없음","[15, 20)"
13,2022-09-03,24.2,"기타 모자, 맨투맨, 스니커즈/캔버스, 아우터 없음, 트레이닝/조거 팬츠","[20, 25)"
13,2022-09-12,23.8,"데님팬츠, 맨투맨, 스니커즈/캔버스, 아우터 없음, 액세서리 없음","[20, 25)"
13,2022-09-16,25.7,"구두/로퍼, 맨투맨, 면바지, 아우터 없음, 액세서리 없음","[25, 30)"
13,2022-09-19,24.6,"구두/로퍼, 데님팬츠, 반팔 티, 액세서리 없음, 재킷","[20, 25)"
13,2022-09-24,18.5,"구두/로퍼, 면바지, 반팔 티, 액세서리 없음, 재킷","[15, 20)"
13,2022-10-02,19.4,"기타 모자, 레더부츠, 반팔 티, 점퍼, 트레이닝/조거 팬츠","[15, 20)"
13,2022-10-04,17.9,"구두/로퍼, 면바지, 반팔 티, 셔츠/블라우스, 아우터 없음, 액세서리 없음","[15, 20)"
13,2022-10-10,9.9,"구두/로퍼, 긴팔 티, 면바지, 바람막이, 액세서리 없음","[5, 10)"
13,2022-10-13,16.3,"기타 모자, 니트, 데님팬츠, 반팔 티, 스니커즈/캔버스, 아우터 없음","[15, 20)"
13,2022-10-16,16.9,"구두/로퍼, 기타 모자, 니트, 데님팬츠, 반팔 티, 아우터 없음","[15, 20)"
13,2022-10-20,12.9,"긴팔 티, 나일론 팬츠, 스니커즈/캔버스, 액세서리 없음, 패딩","[10, 15)"
13,2022-11-07,11.4,"구두/로퍼, 긴팔 티, 면바지, 액세서리 없음, 재킷","[10, 15)"
13,2022-11-12,16.3,"기타 모자, 긴팔 티, 면바지, 스니커즈/캔버스, 집업","[15, 20)"
13,2022-11-18,11.0,"긴팔 티, 나일론 팬츠, 바람막이, 스니커즈/캔버스, 액세서리 없음","[10, 15)"
13,2022-11-21,11.8,"가디건, 구두/로퍼, 긴팔 티, 면바지, 액세서리 없음","[10, 15)"
13,2022-11-26,6.7,"구두/로퍼, 니트, 면바지, 반팔 티, 액세서리 없음, 코트","[5, 10)"
13,2022-11-29,6.9,"구두/로퍼, 긴팔 티, 머플러, 재킷, 트레이닝/조거 팬츠","[5, 10)"
13,2022-12-03,2.1,"구두/로퍼, 긴팔 티, 머플러, 트레이닝/조거 팬츠, 패딩","[0, 5)"
13,2022-12-09,4.5,"구두/로퍼, 긴팔 티, 머플러, 면바지, 재킷","[0, 5)"
13,2022-12-12,2.0,"구두/로퍼, 액세서리 없음, 코트, 트레이닝/조거 팬츠, 후드티","[0, 5)"
13,2022-12-16,-6.3,"구두/로퍼, 긴팔 티, 머플러, 트레이닝/조거 팬츠, 패딩","[-10, -5)"
13,2022-12-23,-11.8,"구두/로퍼, 니트, 면바지, 반팔 티, 액세서리 없음, 코트",
13,2023-01-06,0.6,"구두/로퍼, 긴팔 티, 머플러, 면바지, 재킷","[0, 5)"
13,2023-01-27,-7.3,"긴팔 티, 비니, 스니커즈/캔버스, 카고바지, 패딩","[-10, -5)"
13,2023-02-04,-0.2,"긴팔 티, 스니커즈/캔버스, 액세서리 없음, 재킷, 트레이닝/조거 팬츠","[-5, 0)"
13,2023-02-17,3.4,"기타 모자, 긴팔 티, 나일론 팬츠, 바람막이, 운동화","[0, 5)"
13,2023-02-24,3.5,"구두/로퍼, 기타 모자, 긴팔 티, 재킷, 트레이닝/조거 팬츠","[0, 5)"
13,2023-02-26,2.2,"기타 모자, 맨투맨, 스니커즈/캔버스, 점퍼, 카고바지","[0, 5)"
13,2023-03-06,9.2,"기타 모자, 데님팬츠, 맨투맨, 반팔 티, 스니커즈/캔버스, 아우터 없음","[5, 10)"
13,2023-03-08,12.5,"구두/로퍼, 긴팔 티, 액세서리 없음, 재킷, 카고바지","[10, 15)"
13,2023-03-13,2.9,"구두/로퍼, 긴팔 티, 액세서리 없음, 재킷, 카고바지","[0, 5)"
13,2023-03-24,12.5,"데님팬츠, 반팔 티, 스니커즈/캔버스, 액세서리 없음, 재킷","[10, 15)"
13,2023-03-27,7.3,"가디건, 긴팔 티, 면바지, 스니커즈/캔버스, 액세서리 없음","[5, 10)"
13,2023-04-01,17.5,"데님팬츠, 반팔 티, 스니커즈/캔버스, 액세서리 없음, 재킷","[15, 20)"
13,2023-04-06,8.8,"구두/로퍼, 데님팬츠, 반팔 티, 액세서리 없음, 점퍼","[5, 10)"
13,2023-04-29,13.2,"데님팬츠, 반팔 티, 스니커즈/캔버스, 액세서리 없음, 재킷","[10, 15)"
13,2023-04-18,14.0,"가디건, 구두/로퍼, 면바지, 반팔 티, 액세서리 없음","[10, 15)"
13,2023-04-28,15.7,"반팔 티, 셔츠/블라우스, 스니커즈/캔버스, 아우터 없음, 액세서리 없음, 카고바지","[15, 20)"
13,2023-05-07,14.4,"구두/로퍼, 반바지, 반팔 티, 장목양말, 재킷","[10, 15)"
13,2023-05-18,21.2,"구두/로퍼, 데님팬츠, 반팔 티, 아우터 없음, 액세서리 없음","[20, 25)"
13,2023-06-18,25.9,"데님팬츠, 반팔 티, 셔츠/블라우스, 스니커즈/캔버스, 아우터 없음, 액세서리 없음","[25, 30)"
13,2023-06-25,28.2,"면바지, 반팔 티, 샌들/슬리퍼, 아우터 없음, 액세서리 없음","[25, 30)"
13,2023-07-01,27.7,"반바지, 반팔 티, 스니커즈/캔버스, 장목양말, 재킷","[25, 30)"
13,2023-07-07,26.7,"면바지, 반팔 셔츠/블라우스, 반팔 티, 샌들/슬리퍼, 아우터 없음, 액세서리 없음","[25, 30)"
13,2023-07-15,24.5,"면바지, 반팔 셔츠/블라우스, 반팔 티, 샌들/슬리퍼, 아우터 없음, 액세서리 없음","[20, 25)"
13,2023-07-21,29.5,"기타 모자, 데님팬츠, 반팔 티, 스니커즈/캔버스, 아우터 없음","[25, 30)"
13,2023-08-02,29.7,"데님팬츠, 반팔 셔츠/블라우스, 반팔 티, 스니커즈/캔버스, 아우터 없음, 액세서리 없음","[25, 30)"
13,2023-08-06,29.8,"기타 모자, 반바지, 반팔 티, 스니커즈/캔버스, 아우터 없음, 장목양말","[25, 30)"
13,2023-08-08,30.9,"구두/로퍼, 데님팬츠, 반팔 티, 아우터 없음, 액세서리 없음","[30, 35)"
13,2023-08-11,23.5,"반팔 티, 스니커즈/캔버스, 아우터 없음, 액세서리 없음, 트레이닝/조거 팬츠","[20, 25)"
13,2023-08-20,28.3,"데님팬츠, 반팔 티, 샌들/슬리퍼, 아우터 없음, 액세서리 없음","[25, 30)"
13,2023-09-22,20.5,"구두/로퍼, 데님팬츠, 반팔 티, 아우터 없음, 액세서리 없음","[20, 25)"
13,2023-10-13,17.5,"반바지, 반팔 티, 스니커즈/캔버스, 아우터 없음, 장목양말","[15, 20)"
13,2023-10-27,15.7,"나일론 팬츠, 반팔 티, 스니커즈/캔버스, 액세서리 없음, 재킷","[15, 20)"
13,2023-11-03,19.5,"구두/로퍼, 긴팔 티, 데님팬츠, 액세서리 없음, 재킷","[15, 20)"
13,2023-11-26,4.0,"구두/로퍼, 니트, 데님팬츠, 반팔 티, 액세서리 없음, 재킷","[0, 5)"
13,2023-12-13,6.8,"니트, 반팔 티, 스니커즈/캔버스, 액세서리 없음, 카고바지, 코트","[5, 10)"
13,2023-12-29,1.3,"긴팔 티, 데님팬츠, 액세서리 없음, 운동화, 점퍼","[0, 5)"
13,2024-01-15,-3.7,"구두/로퍼, 긴팔 티, 데님팬츠, 액세서리 없음, 재킷","[-5, 0)"
13,2024-01-22,-8.7,"구두/로퍼, 긴팔 티, 면바지, 액세서리 없음, 재킷","[-10, -5)"
13,2024-03-13,6.5,"면바지, 반팔 티, 셔츠/블라우스, 액세서리 없음, 운동화, 재킷","[5, 10)"
13,2024-04-03,16.6,"구두/로퍼, 데님팬츠, 반팔 티, 셔츠/블라우스, 액세서리 없음, 재킷","[15, 20)"
13,2024-04-15,16.0,"데님팬츠, 맨투맨, 반팔 티, 셔츠/블라우스, 스니커즈/캔버스, 아우터 없음, 액세서리 없음","[15, 20)"
13,2024-04-25,14.4,"데님팬츠, 반팔 티, 스니커즈/캔버스, 액세서리 없음, 재킷","[10, 15)"
14,2023-01-03,-5.0,"긴팔 티, 면바지, 스니커즈/캔버스, 액세서리 없음, 재킷","[-5, 0)"
14,2023-01-05,-1.6,"가디건, 기타 모자, 긴팔 티, 데님팬츠, 스니커즈/캔버스, 코트","[-5, 0)"
14,2023-01-08,1.3,"기타 모자, 니트, 데님팬츠, 반팔 티, 스니커즈/캔버스, 코트, 패딩조끼","[0, 5)"
14,2023-01-14,6.6,"긴팔 티, 데님팬츠, 레더부츠, 액세서리 없음, 재킷","[5, 10)"
14,2023-01-18,-1.9,"기타 모자, 데님팬츠, 반팔 티, 스니커즈/캔버스, 아우터 없음, 후드티","[-5, 0)"
14,2023-01-23,-0.8,"기타 모자, 반팔 티, 스니커즈/캔버스, 아우터 없음, 트레이닝/조거 팬츠, 후드티","[-5, 0)"
14,2023-01-25,-11.3,"기타 모자, 니트, 데님팬츠, 반팔 티, 운동화, 점퍼",
14,2023-01-30,-0.9,"기타 모자, 긴팔 티, 레더부츠, 면바지, 재킷","[-5, 0)"
14,2023-02-05,1.7,"기타 모자, 긴팔 티, 스니커즈/캔버스, 재킷, 트레이닝/조거 팬츠","[0, 5)"
14,2023-02-06,3.0,"기타 모자, 긴팔 티, 데님팬츠, 운동화, 점퍼, 집업","[0, 5)"
14,2023-02-07,3.5,"가디건, 구두/로퍼, 기타 모자, 긴팔 티, 장목양말, 트레이닝/조거 팬츠","[0, 5)"
14,2023-03-01,6.0,"구두/로퍼, 기타 모자, 맨투맨, 반팔 티, 아우터 없음, 트레이닝/조거 팬츠","[5, 10)"
14,2023-03-02,2.2,"기타 모자, 데님팬츠, 맨투맨, 반팔 티, 스니커즈/캔버스, 아우터 없음","[0, 5)"
14,2023-03-27,7.3,"구두/로퍼, 기타 모자, 반바지, 반팔 티, 아우터 없음, 장목양말, 후드티","[5, 10)"
14,2023-03-28,9.2,"기타 모자, 나일론 팬츠, 반팔 티, 스니커즈/캔버스, 아우터 없음","[5, 10)"
14,2023-04-02,18.8,"구두/로퍼, 기타 모자, 나일론 팬츠, 반팔 티, 아우터 없음","[15, 20)"
14,2023-04-24,15.8,"기타 모자, 바람막이, 반바지, 반팔 티, 운동화, 장목양말","[15, 20)"
14,2023-04-26,10.2,"기타 모자, 나일론 팬츠, 바람막이, 반팔 티, 샌들/슬리퍼, 장목양말","[10, 15)"
14,2023-04-27,12.9,"기타 모자, 나일론 팬츠, 반팔 티, 스니커즈/캔버스, 아우터 없음","[10, 15)"
14,2023-04-28,15.7,"기타 모자, 나일론 팬츠, 반팔 티, 아우터 없음, 운동화","[15, 20)"
14,2023-04-30,12.7,"기타 모자, 바람막이, 반바지, 반팔 티, 스니커즈/캔버스, 장목양말","[10, 15)"
14,2023-05-01,14.6,"기타 모자, 반바지, 반팔 셔츠/블라우스, 반팔 티, 아우터 없음, 운동화, 장목양말","[10, 15)"
14,2023-05-03,19.5,"기타 모자, 데님팬츠, 반팔 티, 스니커즈/캔버스, 아우터 없음","[15, 20)"
14,2023-05-04,21.4,"기타 모자, 나일론 팬츠, 바람막이, 반팔 티, 스니커즈/캔버스","[20, 25)"
14,2023-05-05,18.4,"기타 모자, 면바지, 반팔 티, 스니커즈/캔버스, 아우터 없음","[15, 20)"
14,2023-05-06,12.6,"기타 모자, 반바지, 반팔 티, 샌들/슬리퍼, 아우터 없음, 장목양말","[10, 15)"
14,2023-05-07,14.4,"가디건, 기타 모자, 면바지, 반팔 셔츠/블라우스, 반팔 티, 샌들/슬리퍼","[10, 15)"
14,2023-05-07,14.4,"기타 모자, 나일론 팬츠, 반팔 티, 스니커즈/캔버스, 아우터 없음","[10, 15)"
14,2023-05-08,15.3,"기타 모자, 나일론 팬츠, 반팔 티, 스니커즈/캔버스, 아우터 없음","[15, 20)"
14,2023-05-09,17.0,"긴팔 티, 반바지, 샌들/슬리퍼, 장목양말, 조끼","[15, 20)"
14,2023-05-10,18.4,"기타 모자, 바람막이, 반바지, 반팔 티, 스니커즈/캔버스, 장목양말","[15, 20)"
14,2023-05-12,18.4,"기타 모자, 반바지, 반팔 티, 스니커즈/캔버스, 아우터 없음, 장목양말","[15, 20)"
14,2023-05-14,18.1,"구두/로퍼, 기타 모자, 니트, 반바지, 반팔 티, 아우터 없음, 장목양말","[15, 20)"
14,2023-05-15,20.6,"기타 모자, 데님팬츠, 반팔 티, 아우터 없음, 운동화","[20, 25)"
14,2023-05-16,24.0,"구두/로퍼, 기타 모자, 반바지, 반팔 티, 아우터 없음, 장목양말","[20, 25)"
14,2023-05-17,23.5,"기타 모자, 반바지, 반팔 티, 스니커즈/캔버스, 아우터 없음, 장목양말","[20, 25)"
14,2023-05-18,21.2,"기타 모자, 반팔 티, 스니커즈/캔버스, 아우터 없음, 카고바지","[20, 25)"
14,2023-05-19,22.3,"기타 모자, 반바지, 반팔 티, 스니커즈/캔버스, 아우터 없음, 장목양말","[20, 25)"
14,2023-05-21,17.8,"구두/로퍼, 기타 모자, 나일론 팬츠, 반팔 티, 아우터 없음","[15, 20)"
14,2023-05-22,20.3,"기타 모자, 데님팬츠, 반팔 티, 스니커즈/캔버스, 아우터 없음","[20, 25)"
14,2023-05-23,20.5,"기타 모자, 반바지, 반팔 티, 스니커즈/캔버스, 아우터 없음, 장목양말","[20, 25)"
14,2023-05-24,20.6,"기타 모자, 나일론 팬츠, 반팔 티, 스니커즈/캔버스, 아우터 없음","[20, 25)"
14,2023-05-25,21.2,"기타 모자, 나일론 팬츠, 반팔 티, 스니커즈/캔버스, 아우터 없음","[20, 25)"
14,2023-05-26,21.4,"기타 모자, 나일론 팬츠, 반팔 티, 아우터 없음, 운동화","[20, 25)"
14,2023-05-28,19.2,"기타 모자, 나일론 팬츠, 반팔 티, 스니커즈/캔버스, 아우터 없음","[15, 20)"
14,2023-05-31,22.8,"기타 모자, 데님팬츠, 반팔 티, 스니커즈/캔버스, 아우터 없음","[20, 25)"
14,2023-06-01,22.8,"기타 모자, 반팔 티, 스니커즈/캔버스, 아우터 없음, 카고바지","[20, 25)"
14,2023-06-04,22.1,"데님팬츠, 레더부츠, 반팔 티, 아우터 없음, 액세서리 없음","[20, 25)"
14,2023-06-06,20.3,"반바지, 반팔 셔츠/블라우스, 반팔 티, 샌들/슬리퍼, 아우터 없음, 장목양말","[20, 25)"
14,2023-06-08,20.4,"기타 모자, 나일론 팬츠, 반팔 티, 아우터 없음, 운동화","[20, 25)"
14,2023-06-12,22.2,"반바지, 반팔 티, 스니커즈/캔버스, 아우터 없음, 장목양말","[20, 25)"
14,2023-06-13,22.0,"기타 모자, 나일론 팬츠, 반팔 티, 스니커즈/캔버스, 아우터 없음","[20, 25)"
14,2023-06-14,20.6,"기타 모자, 반바지, 반팔 티, 스니커즈/캔버스, 아우터 없음, 장목양말","[20, 25)"
14,2023-06-15,22.7,"기타 모자, 면바지, 반팔 티, 스니커즈/캔버스, 아우터 없음","[20, 25)"
14,2023-06-17,24.2,"기타 모자, 반바지, 반팔 티, 아우터 없음, 운동화, 장목양말","[20, 25)"
14,2023-06-18,25.9,"기타 모자, 반바지, 반팔 티, 샌들/슬리퍼, 아우터 없음","[25, 30)"
14,2023-06-19,28.5,"기타 모자, 나일론 팬츠, 반팔 티, 스니커즈/캔버스, 아우터 없음","[25, 30)"
14,2023-06-20,24.7,"기타 모자, 반팔 티, 스니커즈/캔버스, 아우터 없음, 카고바지","[20, 25)"
14,2023-06-22,22.5,"기타 모자, 반팔 티, 스니커즈/캔버스, 아우터 없음, 카고바지","[20, 25)"
14,2023-06-23,24.4,"기타 모자, 면바지, 반팔 티, 스니커즈/캔버스, 아우터 없음","[20, 25)"
14,2023-06-24,26.4,"기타 모자, 반바지, 반팔 티, 샌들/슬리퍼, 아우터 없음","[25, 30)"
14,2023-06-27,25.3,"기타 모자, 반바지, 반팔 티, 스니커즈/캔버스, 아우터 없음, 장목양말","[25, 30)"
14,2023-06-28,26.5,"기타 모자, 반팔 티, 스니커즈/캔버스, 아우터 없음, 카고바지","[25, 30)"
14,2023-07-01,27.7,"기타 모자, 나일론 팬츠, 반팔 티, 아우터 없음, 운동화","[25, 30)"
14,2023-07-02,26.7,"기타 모자, 반팔 티, 스니커즈/캔버스, 아우터 없음, 카고바지","[25, 30)"
14,2023-07-03,29.1,"구두/로퍼, 반바지, 반팔 셔츠/블라우스, 반팔 티, 아우터 없음, 장목양말","[25, 30)"
14,2023-07-04,26.1,"기타 모자, 나일론 팬츠, 민소매 티, 샌들/슬리퍼, 아우터 없음","[25, 30)"
14,2023-07-05,24.5,"기타 모자, 면바지, 반팔 티, 샌들/슬리퍼, 아우터 없음","[20, 25)"
14,2023-07-06,27.3,"기타 모자, 반바지, 반팔 티, 스니커즈/캔버스, 아우터 없음, 장목양말","[25, 30)"
14,2023-07-07,26.7,"바람막이, 반바지, 반팔 티, 샌들/슬리퍼, 장목양말","[25, 30)"
14,2023-07-09,24.7,"기타 모자, 반팔 티, 스니커즈/캔버스, 아우터 없음, 카고바지","[20, 25)"
14,2023-07-10,26.3,"기타 모자, 데님팬츠, 반팔 티, 샌들/슬리퍼, 셔츠/블라우스, 아우터 없음","[25, 30)"
14,2023-07-12,25.8,"기타 모자, 데님팬츠, 반팔 티, 스니커즈/캔버스, 아우터 없음","[25, 30)"
14,2023-07-13,25.2,"반바지, 반팔 티, 스니커즈/캔버스, 아우터 없음, 장목양말","[25, 30)"
14,2023-07-14,24.6,"구두/로퍼, 기타 모자, 데님팬츠, 반팔 티, 아우터 없음","[20, 25)"
14,2023-07-15,24.5,"구두/로퍼, 반바지, 반팔 티, 셔츠/블라우스, 아우터 없음, 장목양말","[20, 25)"
14,2023-07-16,24.6,"구두/로퍼, 기타 모자, 데님팬츠, 반팔 티, 아우터 없음","[20, 25)"
14,2023-07-18,25.2,"기타 모자, 민소매 티, 샌들/슬리퍼, 아우터 없음, 트레이닝/조거 팬츠","[25, 30)"
14,2023-07-20,27.9,"기타 모자, 바람막이, 반바지, 반팔 티, 스니커즈/캔버스, 장목양말","[25, 30)"
14,2023-07-21,29.5,"기타 모자, 반팔 티, 스니커즈/캔버스, 아우터 없음, 카고바지","[25, 30)"
14,2023-07-22,27.7,"구두/로퍼, 반바지, 반팔 셔츠/블라우스, 반팔 티, 아우터 없음, 장목양말","[25, 30)"
14,2023-07-23,25.2,"기타 모자, 반바지, 반팔 티, 아우터 없음, 운동화, 장목양말","[25, 30)"
14,2023-07-25,27.8,"기타 모자, 반바지, 반팔 티, 스니커즈/캔버스, 아우터 없음, 장목양말","[25, 30)"
14,2023-07-26,27.6,"기타 모자, 반바지, 반팔 티, 스니커즈/캔버스, 아우터 없음, 장목양말","[25, 30)"
14,2023-07-27,28.4,"기타 모자, 반바지, 반팔 티, 셔츠/블라우스, 아우터 없음, 운동화","[25, 30)"
14,2023-07-28,29.5,"기타 모자, 데님팬츠, 반팔 티, 아우터 없음, 운동화","[25, 30)"
14,2023-07-29,29.1,"기타 모자, 나일론 팬츠, 반팔 티, 샌들/슬리퍼, 아우터 없음","[25, 30)"
14,2023-07-30,28.8,"기타 모자, 나일론 팬츠, 반팔 티, 스니커즈/캔버스, 아우터 없음","[25, 30)"
14,2023-08-01,29.9,"기타 모자, 니트, 반바지, 반팔 티, 스니커즈/캔버스, 아우터 없음, 장목양말","[25, 30)"
14,2023-08-04,30.0,"구두/로퍼, 기타 모자, 맨투맨, 반바지, 아우터 없음, 장목양말","[30, 35)"
14,2023-08-09,28.3,"기타 모자, 면바지, 반팔 티, 스니커즈/캔버스, 아우터 없음","[25, 30)"
14,2023-08-27,26.1,"기타 모자, 반바지, 반팔 티, 셔츠/블라우스, 아우터 없음, 운동화, 장목양말","[25, 30)"
14,2023-08-30,22.8,"구두/로퍼, 기타 모자, 바람막이, 반바지, 반팔 티, 장목양말","[20, 25)"
14,2023-08-31,23.9,"기타 모자, 데님팬츠, 반팔 티, 셔츠/블라우스, 아우터 없음, 운동화","[20, 25)"
14,2023-09-02,25.4,"구두/로퍼, 기타 모자, 니트, 반바지, 아우터 없음, 장목양말","[25, 30)"
14,2023-09-03,25.8,"기타 모자, 나일론 팬츠, 반팔 티, 스니커즈/캔버스, 아우터 없음","[25, 30)"
14,2023-09-04,27.0,"기타 모자, 긴팔 티, 데님팬츠, 스니커즈/캔버스, 아우터 없음","[25, 30)"
14,2023-09-05,28.5,"기타 모자, 반팔 티, 스니커즈/캔버스, 아우터 없음, 카고바지","[25, 30)"
14,2023-09-06,27.9,"데님팬츠, 반팔 티, 비니, 셔츠/블라우스, 스니커즈/캔버스, 아우터 없음","[25, 30)"
14,2023-09-07,26.3,"기타 모자, 데님팬츠, 반팔 티, 스니커즈/캔버스, 재킷","[25, 30)"
14,2023-09-08,25.3,"기타 모자, 면바지, 반팔 티, 셔츠/블라우스, 스니커즈/캔버스, 아우터 없음","[25, 30)"
14,2023-09-09,25.8,"기타 모자, 반팔 티, 스니커즈/캔버스, 집업, 카고바지","[25, 30)"
14,2023-09-15,22.3,"기타 모자, 데님팬츠, 반팔 티, 셔츠/블라우스, 아우터 없음, 운동화","[20, 25)"
14,2023-09-16,23.9,"기타 모자, 반팔 티, 아우터 없음, 운동화, 카고바지, 후드티","[20, 25)"
14,2023-09-17,24.7,"반바지, 비니, 스니커즈/캔버스, 아우터 없음, 장목양말, 후드티","[20, 25)"
14,2023-09-20,20.6,"기타 모자, 데님팬츠, 바람막이, 반팔 티, 운동화","[20, 25)"
14,2023-09-26,19.9,"기타 모자, 데님팬츠, 반팔 티, 스니커즈/캔버스, 점퍼","[15, 20)"
14,2023-09-30,19.7,"기타 모자, 나일론 팬츠, 바람막이, 반팔 티, 운동화","[15, 20)"
14,2023-10-09,17.4,"기타 모자, 데님팬츠, 반팔 티, 운동화, 점퍼","[15, 20)"
14,2023-10-14,14.7,"가디건, 기타 모자, 긴팔 티, 데님팬츠, 스니커즈/캔버스","[10, 15)"
14,2023-10-21,10.4,"기타 모자, 반바지, 반팔 티, 셔츠/블라우스, 스니커즈/캔버스, 아우터 없음","[10, 15)"
14,2023-10-22,12.5,"기타 모자, 긴팔 티, 운동화, 점퍼, 트레이닝/조거 팬츠","[10, 15)"
14,2023-10-24,15.6,"기타 모자, 긴팔 티, 데님팬츠, 레더부츠, 재킷","[15, 20)"
14,2023-10-25,16.6,"기타 모자, 긴팔 티, 데님팬츠, 레더부츠, 재킷","[15, 20)"
14,2023-10-30,15.1,"기타 모자, 니트, 반팔 티, 아우터 없음, 운동화, 카고바지","[15, 20)"
14,2023-10-31,16.5,"기타 모자, 니트, 스니커즈/캔버스, 아우터 없음, 카고바지","[15, 20)"
14,2023-11-01,19.0,"구두/로퍼, 기타 모자, 니트, 데님팬츠, 반팔 티, 아우터 없음","[15, 20)"
14,2023-11-02,20.8,"기타 모자, 긴팔 티, 데님팬츠, 스니커즈/캔버스, 패딩","[20, 25)"
14,2023-11-05,17.3,"기타 모자, 긴팔 티, 데님팬츠, 레더부츠, 코트","[15, 20)"
14,2023-11-09,11.4,"구두/로퍼, 기타 모자, 긴팔 티, 데님팬츠, 패딩","[10, 15)"
14,2023-11-11,1.7,"구두/로퍼, 기타 모자, 데님팬츠, 반팔 티, 셔츠/블라우스, 아우터 없음","[0, 5)"
14,2023-11-14,5.0,"기타 모자, 니트, 데님팬츠, 레더부츠, 반팔 티, 아우터 없음","[5, 10)"
14,2023-11-15,7.0,"기타 모자, 긴팔 티, 데님팬츠, 스니커즈/캔버스, 패딩","[5, 10)"
14,2023-11-16,6.6,"구두/로퍼, 기타 모자, 긴팔 티, 카고바지, 패딩","[5, 10)"
14,2023-11-20,6.2,"구두/로퍼, 기타 모자, 긴팔 티, 데님팬츠, 코트","[5, 10)"
14,2023-11-21,7.4,"기타 모자, 레더부츠, 카고바지, 패딩, 후드티","[5, 10)"
14,2023-11-22,9.5,"기타 모자, 긴팔 티, 데님팬츠, 레더부츠, 코트","[5, 10)"
14,2023-11-23,9.9,"기타 모자, 레더부츠, 반팔 티, 셔츠/블라우스, 점퍼, 카고바지","[5, 10)"
14,2023-11-24,-1.5,"기타 모자, 면바지, 스니커즈/캔버스, 아우터 없음, 후드티","[-5, 0)"
14,2023-11-26,4.0,"구두/로퍼, 기타 모자, 긴팔 티, 데님팬츠, 재킷","[0, 5)"
14,2023-11-28,1.3,"구두/로퍼, 기타 모자, 데님팬츠, 맨투맨, 반팔 티, 아우터 없음","[0, 5)"
14,2023-11-29,-1.4,"기타 모자, 긴팔 티, 데님팬츠, 레더부츠, 코트","[-5, 0)"
14,2023-11-30,-4.3,"구두/로퍼, 기타 모자, 긴팔 티, 데님팬츠, 코트","[-5, 0)"
14,2023-12-01,-3.2,"구두/로퍼, 기타 모자, 긴팔 티, 데님팬츠, 코트","[-5, 0)"
14,2023-12-03,0.8,"기타 모자, 긴팔 티, 데님팬츠, 스니커즈/캔버스, 점퍼","[0, 5)"
14,2023-12-09,13.7,"구두/로퍼, 기타 모자, 데님팬츠, 코트, 후드티","[10, 15)"
14,2023-12-11,8.9,"가디건, 구두/로퍼, 기타 모자, 긴팔 티, 코트, 트레이닝/조거 팬츠","[5, 10)"
14,2023-12-14,7.6,"구두/로퍼, 기타 모자, 니트, 데님팬츠, 반팔 티, 재킷","[5, 10)"
14,2023-12-17,-9.8,"기타 모자, 긴팔 티, 운동화, 점퍼, 카고바지","[-10, -5)"
14,2023-12-20,-7.4,"기타 모자, 긴팔 티, 데님팬츠, 스니커즈/캔버스, 패딩","[-10, -5)"
14,2023-12-25,-0.7,"구두/로퍼, 기타 모자, 긴팔 티, 데님팬츠, 재킷, 코트","[-5, 0)"
14,2023-12-26,1.9,"기타 모자, 데님팬츠, 반팔 티, 아우터 없음, 운동화, 후드티","[0, 5)"
14,2023-12-28,1.2,"기타 모자, 긴팔 티, 데님팬츠, 스니커즈/캔버스, 재킷","[0, 5)"
14,2023-12-30,0.6,"기타 모자, 데님팬츠, 반팔 티, 운동화, 코트, 후드티","[0, 5)"
14,2024-01-02,2.9,"기타 모자, 데님팬츠, 반팔 티, 아우터 없음, 운동화, 후드티","[0, 5)"
14,2024-01-03,1.8,"가디건, 기타 모자, 긴팔 티, 스니커즈/캔버스, 카고바지","[0, 5)"
14,2024-01-04,1.4,"구두/로퍼, 기타 모자, 데님팬츠, 맨투맨, 패딩","[0, 5)"
14,2024-01-05,5.0,"기타 모자, 긴팔 티, 데님팬츠, 레더부츠, 코트","[5, 10)"
14,2024-01-06,0.7,"구두/로퍼, 기타 모자, 긴팔 티, 데님팬츠, 맨투맨, 아우터 없음","[0, 5)"
14,2024-01-09,-0.6,"기타 모자, 긴팔 티, 아우터 없음, 운동화, 트레이닝/조거 팬츠, 후드티","[-5, 0)"
14,2024-01-10,-1.0,"긴팔 티, 비니, 운동화, 점퍼, 트레이닝/조거 팬츠","[-5, 0)"
14,2024-01-11,1.7,"기타 모자, 긴팔 티, 코트, 트레이닝/조거 팬츠, 패딩슈즈, 후드티","[0, 5)"
14,2024-01-28,-1.5,"기타 모자, 긴팔 티, 데님팬츠, 스니커즈/캔버스, 코트","[-5, 0)"
14,2024-01-29,-0.4,"기타 모자, 긴팔 티, 데님팬츠, 스니커즈/캔버스, 점퍼","[-5, 0)"
14,2024-01-30,1.4,"구두/로퍼, 기타 모자, 긴팔 티, 데님팬츠, 머플러, 재킷, 코트","[0, 5)"
14,2024-02-02,3.1,"기타 모자, 긴팔 티, 데님팬츠, 스니커즈/캔버스, 재킷, 패딩","[0, 5)"
14,2024-02-03,4.7,"기타 모자, 맨투맨, 반팔 티, 아우터 없음, 운동화, 카고바지","[0, 5)"
14,2024-02-05,2.7,"가디건, 기타 모자, 긴팔 티, 데님팬츠, 스니커즈/캔버스","[0, 5)"
14,2024-02-06,1.2,"기타 모자, 데님팬츠, 반팔 티, 운동화, 집업, 코트","[0, 5)"
14,2024-02-08,0.6,"기타 모자, 데님팬츠, 반팔 티, 스니커즈/캔버스, 패딩, 후드티","[0, 5)"
14,2024-02-09,1.1,"구두/로퍼, 기타 모자, 데님팬츠, 반팔 티, 아우터 없음, 후드티","[0, 5)"
14,2024-02-10,1.7,"기타 모자, 데님팬츠, 반팔 티, 스니커즈/캔버스, 아우터 없음, 후드티","[0, 5)"
14,2024-02-11,1.0,"구두/로퍼, 기타 모자, 니트, 데님팬츠, 반팔 티, 아우터 없음","[0, 5)"
14,2024-02-12,3.5,"기타 모자, 긴팔 티, 나일론 팬츠, 바람막이, 운동화","[0, 5)"
14,2024-02-14,12.9,"구두/로퍼, 기타 모자, 니트, 데님팬츠, 반팔 티, 코트","[10, 15)"
14,2024-02-16,2.3,"기타 모자, 데님팬츠, 반팔 티, 스니커즈/캔버스, 아우터 없음, 후드티","[0, 5)"
14,2024-02-18,6.2,"기타 모자, 데님팬츠, 반팔 티, 스니커즈/캔버스, 아우터 없음, 후드티","[5, 10)"
14,2024-02-19,9.1,"기타 모자, 맨투맨, 반팔 티, 스니커즈/캔버스, 아우터 없음, 카고바지","[5, 10)"
14,2024-02-20,4.3,"기타 모자, 데님팬츠, 레더부츠, 점퍼, 후드티","[0, 5)"
14,2024-02-21,1.9,"기타 모자, 반팔 티, 아우터 없음, 운동화, 카고바지, 후드티","[0, 5)"
14,2024-02-22,0.2,"구두/로퍼, 기타 모자, 데님팬츠, 점퍼, 후드티","[0, 5)"
14,2024-02-23,1.8,"기타 모자, 반팔 티, 셔츠/블라우스, 운동화, 점퍼, 카고바지","[0, 5)"
14,2024-02-25,2.8,"기타 모자, 긴팔 티, 데님팬츠, 스니커즈/캔버스, 재킷","[0, 5)"
14,2024-02-26,3.8,"기타 모자, 데님팬츠, 반팔 티, 스니커즈/캔버스, 아우터 없음, 후드티","[0, 5)"
14,2024-02-27,5.3,"구두/로퍼, 기타 모자, 맨투맨, 반팔 티, 아우터 없음, 카고바지","[5, 10)"
14,2024-02-28,6.4,"기타 모자, 맨투맨, 스니커즈/캔버스, 아우터 없음, 카고바지","[5, 10)"
14,2024-02-29,4.8,"기타 모자, 데님팬츠, 아우터 없음, 운동화, 후드티","[0, 5)"
14,2024-03-01,-4.1,"기타 모자, 긴팔 티, 면바지, 운동화, 재킷","[-5, 0)"
14,2024-03-02,-0.5,"기타 모자, 긴팔 티, 데님팬츠, 레더부츠, 집업","[-5, 0)"
14,2024-03-03,4.0,"구두/로퍼, 기타 모자, 데님팬츠, 맨투맨, 반팔 티, 코트","[0, 5)"
14,2024-03-04,5.4,"구두/로퍼, 기타 모자, 긴팔 티, 데님팬츠, 집업","[5, 10)"
14,2024-03-05,8.0,"기타 모자, 데님팬츠, 맨투맨, 반팔 티, 아우터 없음, 운동화","[5, 10)"
14,2024-03-06,6.2,"구두/로퍼, 기타 모자, 맨투맨, 면바지, 재킷","[5, 10)"
14,2024-03-07,3.9,"기타 모자, 반팔 티, 셔츠/블라우스, 아우터 없음, 운동화, 카고바지","[0, 5)"
14,2024-03-08,2.1,"구두/로퍼, 기타 모자, 긴팔 티, 데님팬츠, 집업","[0, 5)"
14,2024-03-09,2.0,"기타 모자, 긴팔 티, 나일론 팬츠, 바람막이, 운동화","[0, 5)"
14,2024-03-10,4.2,"기타 모자, 맨투맨, 아우터 없음, 운동화, 카고바지","[0, 5)"
14,2024-03-11,6.2,"기타 모자, 데님팬츠, 반팔 티, 운동화, 점퍼","[5, 10)"
14,2024-03-12,6.6,"기타 모자, 니트, 반바지, 반팔 티, 스니커즈/캔버스, 아우터 없음, 장목양말","[5, 10)"
14,2024-03-13,6.5,"기타 모자, 데님팬츠, 바람막이, 반팔 티, 운동화","[5, 10)"
14,2024-03-15,8.9,"구두/로퍼, 기타 모자, 데님팬츠, 반팔 티, 조끼","[5, 10)"
14,2024-03-17,8.8,"구두/로퍼, 기타 모자, 긴팔 티, 데님팬츠, 코트","[5, 10)"
14,2024-03-18,7.1,"기타 모자, 데님팬츠, 반팔 티, 셔츠/블라우스, 스니커즈/캔버스, 아우터 없음","[5, 10)"
14,2024-03-19,6.7,"기타 모자, 데님팬츠, 반팔 티, 샌들/슬리퍼, 재킷","[5, 10)"
14,2024-03-20,4.4,"기타 모자, 바람막이, 반바지, 반팔 티, 운동화, 장목양말","[0, 5)"
14,2024-03-21,5.0,"구두/로퍼, 기타 모자, 긴팔 티, 데님팬츠, 바람막이","[5, 10)"
14,2024-03-22,10.4,"가디건, 기타 모자, 긴팔 티, 데님팬츠, 샌들/슬리퍼","[10, 15)"
14,2024-03-23,13.0,"기타 모자, 데님팬츠, 반팔 티, 운동화, 재킷","[10, 15)"
14,2024-03-24,16.2,"기타 모자, 데님팬츠, 반팔 티, 스니커즈/캔버스, 재킷","[15, 20)"
14,2024-03-25,10.6,"기타 모자, 면바지, 반팔 티, 샌들/슬리퍼, 셔츠/블라우스, 아우터 없음","[10, 15)"
14,2024-03-26,7.4,"기타 모자, 데님팬츠, 바람막이, 반팔 티, 운동화","[5, 10)"
14,2024-03-27,10.4,"기타 모자, 반팔 티, 아우터 없음, 운동화, 카고바지","[10, 15)"
14,2024-03-28,10.3,"기타 모자, 긴팔 티, 데님팬츠, 레더부츠, 재킷","[10, 15)"
14,2024-03-30,8.8,"기타 모자, 반바지, 반팔 티, 스니커즈/캔버스, 장목양말, 재킷","[5, 10)"
14,2024-03-31,10.6,"기타 모자, 맨투맨, 반바지, 반팔 티, 아우터 없음, 운동화, 장목양말","[10, 15)"
14,2024-04-01,12.2,"기타 모자, 나일론 팬츠, 반팔 티, 아우터 없음, 운동화","[10, 15)"
14,2024-04-03,16.6,"기타 모자, 반팔 티, 스니커즈/캔버스, 집업, 트레이닝/조거 팬츠","[15, 20)"
14,2024-04-04,15.5,"기타 모자, 반팔 티, 스니커즈/캔버스, 아우터 없음, 카고바지","[15, 20)"
14,2024-04-05,14.0,"구두/로퍼, 기타 모자, 긴팔 티, 데님팬츠, 재킷","[10, 15)"
14,2024-04-06,12.7,"기타 모자, 나일론 팬츠, 바람막이, 반팔 티, 스니커즈/캔버스","[10, 15)"
14,2024-04-07,14.8,"반바지, 반팔 티, 스니커즈/캔버스, 아우터 없음, 장목양말","[10, 15)"
14,2024-04-08,16.2,"기타 모자, 바람막이, 반바지, 반팔 티, 스니커즈/캔버스, 장목양말","[15, 20)"
14,2024-04-09,15.3,"기타 모자, 데님팬츠, 바람막이, 반팔 티, 스니커즈/캔버스","[15, 20)"
14,2024-04-10,13.8,"기타 모자, 반바지, 스니커즈/캔버스, 아우터 없음, 장목양말, 후드티","[10, 15)"
14,2024-04-11,15.5,"기타 모자, 바람막이, 반팔 티, 스니커즈/캔버스, 카고바지","[15, 20)"
14,2024-04-12,17.2,"구두/로퍼, 기타 모자, 맨투맨, 반바지, 아우터 없음, 장목양말","[15, 20)"
14,2024-04-13,19.1,"기타 모자, 나일론 팬츠, 반팔 티, 아우터 없음, 운동화","[15, 20)"
14,2024-04-14,20.8,"기타 모자, 데님팬츠, 반팔 티, 스니커즈/캔버스, 재킷","[20, 25)"
14,2024-04-15,16.0,"구두/로퍼, 기타 모자, 데님팬츠, 반팔 티, 셔츠/블라우스, 아우터 없음","[15, 20)"
14,2024-04-17,15.0,"기타 모자, 긴팔 티, 스니커즈/캔버스, 아우터 없음, 카고바지","[15, 20)"
14,2024-04-18,17.3,"반바지, 반팔 티, 스니커즈/캔버스, 아우터 없음, 장목양말","[15, 20)"
14,2024-04-19,17.6,"기타 모자, 반팔 셔츠/블라우스, 반팔 티, 스니커즈/캔버스, 아우터 없음, 카고바지","[15, 20)"
14,2024-04-20,14.9,"긴팔 티, 반바지, 아우터 없음, 운동화, 장목양말","[10, 15)"
14,2024-04-21,17.2,"기타 모자, 나일론 팬츠, 바람막이, 반팔 티, 스니커즈/캔버스","[15, 20)"
14,2024-04-22,18.8,"구두/로퍼, 기타 모자, 데님팬츠, 반팔 티, 아우터 없음","[15, 20)"
14,2024-04-23,17.3,"기타 모자, 반바지, 반팔 티, 아우터 없음, 운동화, 장목양말","[15, 20)"
14,2024-04-24,13.2,"기타 모자, 반팔 티, 아우터 없음, 운동화, 카고바지","[10, 15)"
14,2024-04-25,14.4,"기타 모자, 나일론 팬츠, 반팔 티, 스니커즈/캔버스, 집업","[10, 15)"
14,2024-04-26,17.8,"구두/로퍼, 반바지, 반팔 티, 셔츠/블라우스, 아우터 없음, 장목양말","[15, 20)"
14,2024-04-27,18.2,"기타 모자, 데님팬츠, 반팔 티, 아우터 없음, 운동화","[15, 20)"
