userId,name,상의,아우터,하의,신발,엑세서리,작성일,체중,키,비고,이미지
1,kimnerdcloset,셔츠/블라우스,,반바지,운동화,,2023년 5월 11일,67,172,,
1,kimnerdcloset,니트,가디건,면바지,구두/로퍼,비니,2023년 12월 12일,67,172,,
1,kimnerdcloset,긴팔 티,,반바지,스니커즈/캔버스,기타 모자,2023년 5월 21일,67,172,,
1,kimnerdcloset,반팔 티,조끼,데님팬츠,스니커즈/캔버스,,2023년 6월 1일,67,172,,
1,kimnerdcloset,반팔 티2,,반바지,운동화,,2023년 7월 26일,67,172,,
1,kimnerdcloset,반팔 티,,반바지,운동화,,2023년 8월 8일,67,172,,
1,kimnerdcloset,반팔 티,조끼,데님팬츠,운동화,,2023년 8월 27일,67,172,,
1,kimnerdcloset,셔츠/블라우스,가디건,면바지,구두/로퍼,,2023년 10월 20일,67,172,,
1,kimnerdcloset,긴팔 티,패딩,데님팬츠,구두/로퍼,,2023년 11월 24일,67,172,,
1,kimnerdcloset,긴팔 티,코트,데님팬츠,구두/로퍼,,2024년 1월 4일,67,172,,
1,kimnerdcloset,후드티,패딩,데님팬츠,운동화,기타 모자,2024년 1월 24일,67,172,,
1,kimnerdcloset,니트,"바람막이, 조끼",면바지,구두/로퍼,비니,2024년 2월 13일,67,172,,
1,kimnerdcloset,후드티,점퍼,데님팬츠,운동화,기타 모자,2024년 2월 16일,67,172,,
1,kimnerdcloset,"셔츠/블라우스, 후드티",재킷,데님팬츠,구두/로퍼,양말,2024년 2월 18일,67,172,,
1,kimnerdcloset,긴팔 티,패딩,트레이닝/조거 팬츠,운동화,기타 모자,2024년 2월 22일,67,172,,
1,kimnerdcloset,긴팔 티,재킷,데님팬츠,구두/로퍼,,2024년 2월 26일,67,172,,
1,kimnerdcloset,긴팔 티,점퍼,면바지,스니커즈/캔버스,기타 모자,2024년 2월 26일,67,172,,
1,kimnerdcloset,반팔 티,재킷,면바지,구두/로퍼,,2024년 3월 7일,67,172,,
1,kimnerdcloset,후드티,재킷,트레이닝/조거 팬츠,운동화,기타 모자,2024년 3월 11일,67,172,,
1,kimnerdcloset,긴팔 티,바람막이,데님팬츠,운동화,기타 모자,2024년 3월 12일,67,172,,
1,kimnerdcloset,긴팔 티,재킷,데님팬츠,운동화,기타 모자,2024년 3월 13일,67,172,,
1,kimnerdcloset,긴팔 티,점퍼,트레이닝/조거 팬츠,구두/로퍼,기타 모자,2024년 3월 17일,67,172,,
1,kimnerdcloset,긴팔 티,재킷,면바지,운동화,기타 모자,2024년 3월 20일,67,172,,
1,kimnerdcloset,니트,재킷,데님팬츠,구두/로퍼,기타 모자,2024년 4월 21일,67,172,,
1,kimnerdcloset,반팔 티,재킷,면바지,운동화,,2024년 4월 22일,67,172,,
1,kimnerdcloset,셔츠/블라우스,재킷,데님팬츠,구두/로퍼,기타 모자,2024년 3월 26일,67,172,,
1,kimnerdcloset,반팔 티,집업,트레이닝/조거 팬츠,구두/로퍼,,2024년 4월 5일,67,172,,
1,kimnerdcloset,니트,재킷,데님팬츠,운동화,,2024년 4월 2일,67,172,,
2,geun_the_look,반팔 티,,데님팬츠,구두/로퍼,"기타 모자, 마스크",2022년 8월 26일,63,173,,
2,geun_the_look,반팔 티,,반바지,운동화,기타 모자,2022년 8월 26일,63,173,,
2,geun_the_look,"니트, 셔츠/블라우스",,데님팬츠,구두/로퍼,,2022년 10월 30일,63,173,,
2,geun_the_look,니트,점퍼,데님팬츠,구두/로퍼,,2022년 11월 5일,63,173,,
2,geun_the_look,후드티,패딩,데님팬츠,구두/로퍼,,2022년 11월 12일,63,173,,
2,geun_the_look,"니트, 반팔 티",패딩,트레이닝/조거 팬츠,구두/로퍼,기타 모자,2022년 12월 11일,63,173,,
2,geun_the_look,니트,코트,데님팬츠,구두/로퍼,,2022년 12월 18일,63,173,,
2,geun_the_look,니트,패딩,데님팬츠,운동화,비니,2022년 12월 24일,63,173,,
2,geun_the_look,반팔 티,집업,데님팬츠,운동화,,2023년 4월 3일,63,173,,
2,geun_the_look,반팔 티,가디건,데님팬츠,구두/로퍼,,2023년 4월 25일,63,173,,
2,geun_the_look,니트,재킷,데님팬츠,구두/로퍼,,2024년 5월 2일,63,173,,
2,geun_the_look,반팔 니트,,데님팬츠,샌들/슬리퍼,,2023년 6월 22일,63,173,,
2,geun_the_look,반팔 티,,카고바지,스니커즈/캔버스,기타 모자,2023년 7월 22일,63,173,,
2,geun_the_look,반팔 티,,데님팬츠,샌들/슬리퍼,,2023년 7월 26일,63,173,,
2,geun_the_look,반팔 티,,트레이닝/조거 팬츠,운동화,,2023년 7월 28일,63,173,,
2,geun_the_look,반팔 티,,반바지,운동화,기타 모자,2023년 8월 3일,63,173,,
2,geun_the_look,반팔 티,재킷,반바지,구두/로퍼,,2023년 8월 13일,63,173,,
2,geun_the_look,반팔 티,,카고바지,운동화,,2023년 9월 1일,63,173,,
2,geun_the_look,"반팔 티, 후드티",,반바지,스니커즈/캔버스,,2023년 9월 5일,63,173,,
2,geun_the_look,반팔 티,,반바지,운동화,,2023년 9월 9일,63,173,,
2,geun_the_look,반팔 티,재킷,반바지,운동화,,2023년 9월 12일,63,173,,
2,geun_the_look,니트,,데님팬츠,구두/로퍼,,2023년 10월 2일,63,173,,
2,geun_the_look,후드티,가디건,데님팬츠,운동화,,2023년 10월 14일,63,173,,
2,geun_the_look,긴팔 티,집업,데님팬츠,운동화,,2023년 10월 16일,63,173,,
2,geun_the_look,"반팔 티, 셔츠/블라우스",,슬랙스,구두/로퍼,,2023년 10월 27일,63,173,,
2,geun_the_look,긴팔 티,점퍼,데님팬츠,운동화,,2023년 10월 29일,63,173,,
2,geun_the_look,"셔츠/블라우스, 후드티",,데님팬츠,스니커즈/캔버스,,2023년 11월 2일,63,173,,
2,geun_the_look,unk,재킷,가죽 바지,구두/로퍼,,2024년 3월 7일,63,173,,
2,geun_the_look,셔츠/블라우스,집업,트레이닝/조거 팬츠,운동화,,2024년 3월 18일,63,173,,
3,koko.iron,셔츠/블라우스,,데님팬츠,스니커즈/캔버스,,2023년 4월 20일,70,180,,
3,koko.iron,셔츠/블라우스,,데님팬츠,운동화,,2023년 4월 26일,70,180,,
3,koko.iron,반팔 티,가디건,반바지,레더부츠,,2023년 5월 3일,70,180,,
3,koko.iron,후드티,,반바지,스니커즈/캔버스,,2023년 5월 10일,70,180,,
3,koko.iron,반팔 티,조끼,반바지,샌들/슬리퍼,,2023년 5월 19일,70,180,,
3,koko.iron,반팔 셔츠/블라우스,,데님팬츠,스니커즈/캔버스,,2023년 5월 28일,70,180,,
3,koko.iron,반팔 티,,데님팬츠,스니커즈/캔버스,,2023년 6월 3일,70,180,,
3,koko.iron,셔츠/블라우스,,반바지,운동화,,2023년 6월 8일,70,180,,
3,koko.iron,셔츠/블라우스,,반바지,샌들/슬리퍼,,2023년 6월 16일,70,180,,
3,koko.iron,반팔 티,,데님팬츠,스니커즈/캔버스,,2023년 6월 23일,70,180,,
3,koko.iron,반팔 티,,데님팬츠,구두/로퍼,,2023년 7월 6일,70,180,,
3,koko.iron,반팔 티,,데님팬츠,운동화,,2023년 7월 18일,70,180,,
3,koko.iron,반팔 티,,데님팬츠,운동화,,2023년 7월 27일,70,180,,
3,koko.iron,맨투맨,,반바지,샌들/슬리퍼,,2023년 8월 10일,70,180,,
3,koko.iron,반팔 티,,데님팬츠,운동화,,2023년 8월 11일,70,180,,
3,koko.iron,반팔 티,,반바지,샌들/슬리퍼,,2023년 8월 22일,70,180,,
3,koko.iron,셔츠/블라우스,,반바지,샌들/슬리퍼,,2023년 8월 29일,70,180,,
3,koko.iron,반팔 티,,반바지,스니커즈/캔버스,,2023년 8월 30일,70,180,,
3,koko.iron,반팔 티,,슬랙스,스니커즈/캔버스,,2023년 9월 9일,70,180,,
3,koko.iron,니트,,데님팬츠,레더부츠,,2023년 9월 14일,70,180,,
3,koko.iron,"반팔 티, 후드티",,반바지,운동화,,2023년 9월 19일,70,180,,
3,koko.iron,니트,,반바지,스니커즈/캔버스,,2023년 9월 26일,70,180,,
3,koko.iron,니트,,데님팬츠,운동화,,2023년 9월 27일,70,180,,
3,koko.iron,"맨투맨, 반팔 티",,트레이닝/조거 팬츠,운동화,,2023년 10월 11일,70,180,,
3,koko.iron,후드티,패딩조끼,데님팬츠,운동화,기타 모자,2023년 10월 24일,70,180,,
3,koko.iron,"니트, 셔츠/블라우스",,데님팬츠,레더부츠,,2023년 10월 28일,70,180,,
3,koko.iron,"긴팔 티, 니트",,데님팬츠,운동화,머플러,2023년 10월 30일,70,180,,
3,koko.iron,니트,재킷,트레이닝/조거 팬츠,운동화,기타 모자,2023년 11월 14일,70,180,,
3,koko.iron,니트 2,,데님팬츠,스니커즈/캔버스,,2023년 11월 17일,70,180,,
3,koko.iron,후드티,코트,데님팬츠,운동화,"머플러, 장갑",2023년 11월 22일,70,180,,
3,koko.iron,니트,코트,데님팬츠,스니커즈/캔버스,머플러,2023년 11월 26일,70,180,,
3,koko.iron,후드티,점퍼,데님팬츠,운동화,,2023년 12월 22일,70,180,,
3,koko.iron,니트,코트,데님팬츠,구두/로퍼,,2023년 12월 22일,70,180,,
3,koko.iron,니트,코트,데님팬츠,구두/로퍼,,2024년 1월 9일,70,180,,
3,koko.iron,"긴팔 티, 니트",패딩,트레이닝/조거 팬츠,구두/로퍼,,2024년 1월 26일,70,180,,
3,koko.iron,긴팔 티,코트,슬랙스,구두/로퍼,,2024년 1월 29일,70,180,,
3,koko.iron,"긴팔 티, 맨투맨",,데님팬츠,스니커즈/캔버스,,2024년 2월 4일,70,180,,
3,koko.iron,긴팔 티,"집업, 패딩",트레이닝/조거 팬츠,구두/로퍼,,2024년 2월 16일,70,180,,
3,koko.iron,맨투맨,,카고바지,운동화,비니,2024년 3월 20일,70,180,,
3,koko.iron,"반팔 티, 후드티",,면바지,스니커즈/캔버스,,2024년 3월 11일,70,180,,
3,koko.iron,긴팔 티,재킷,데님팬츠,스니커즈/캔버스,,2024년 3월 4일,70,180,,
3,koko.iron,"반팔 티, 후드티",,데님팬츠,운동화,기타 모자,2024년 4월 8일,70,180,,
4,lewis_lemix,셔츠/블라우스,"가디건, 재킷, 코트",슬랙스,구두/로퍼,,2023년 1월 6일,105,177,,
4,lewis_lemix,"반팔 티, 셔츠/블라우스",재킷,데님팬츠,스니커즈/캔버스,,2023년 1월 27일,105,177,,
4,lewis_lemix,니트,재킷,슬랙스,구두/로퍼,,2023년 2월 8일,105,177,,
4,lewis_lemix,셔츠/블라우스,재킷,슬랙스,운동화,,2023년 3월 16일,105,177,,
4,lewis_lemix,셔츠/블라우스,재킷,데님팬츠,구두/로퍼,,2023년 3월 21일,105,177,,
4,lewis_lemix,셔츠/블라우스,재킷,슬랙스,스니커즈/캔버스,,2023년 4월 6일,105,177,,
4,lewis_lemix,셔츠/블라우스,재킷,슬랙스,구두/로퍼,,2023년 4월 25일,105,177,,
4,lewis_lemix,셔츠/블라우스,,데님팬츠,구두/로퍼,,2023년 8월 29일,105,177,,
4,lewis_lemix,셔츠/블라우스,,슬랙스,구두/로퍼,,2023년 9월 14일,105,177,,
4,lewis_lemix,셔츠/블라우스,재킷,데님팬츠,구두/로퍼,,2023년 9월 5일,105,177,,
4,lewis_lemix,셔츠/블라우스,점퍼,슬랙스,구두/로퍼,,2023년 10월 1일,105,177,,
4,lewis_lemix,셔츠/블라우스,재킷,데님팬츠,구두/로퍼,,2023년 10월 11일,105,177,,
4,lewis_lemix,긴팔 티,재킷,데님팬츠,구두/로퍼,,2023년 10월 24일,105,177,,
4,lewis_lemix,니트,"재킷, 코트",데님팬츠,구두/로퍼,,2023년 11월 8일,105,177,,
4,lewis_lemix,"니트, 셔츠/블라우스",재킷,데님팬츠,구두/로퍼,,2023년 11월 24일,105,177,,
4,lewis_lemix,긴팔 티,점퍼,데님팬츠,레인부츠,,2023년 11월 27일,105,177,,
4,lewis_lemix,"긴팔 티, 셔츠/블라우스",코트,데님팬츠,구두/로퍼,,2023년 12월 15일,105,177,,
4,lewis_lemix,"맨투맨, 셔츠/블라우스",재킷,데님팬츠,구두/로퍼,,2023년 11월 28일,105,177,,
4,lewis_lemix,"맨투맨, 셔츠/블라우스",코트,슬랙스,구두/로퍼,,2024년 1월 15일,105,177,,
4,lewis_lemix,"니트, 셔츠/블라우스",코트,데님팬츠,구두/로퍼,,2024년 1월 24일,105,177,,
4,lewis_lemix,셔츠/블라우스,"재킷, 패딩조끼",슬랙스,구두/로퍼,,2024년 2월 6일,105,177,,
4,lewis_lemix,긴팔 티,재킷,데님팬츠,스니커즈/캔버스,,2024년 2월 21일,105,177,,
5,co_mongg,셔츠/블라우스,재킷,슬랙스,구두/로퍼,,2023년 5월 11일,80,167,,
5,co_mongg,셔츠/블라우스,재킷,면바지,구두/로퍼,,2023년 5월 19일,80,167,,
5,co_mongg,"맨투맨, 반팔 티",,면바지,운동화,,2023년 5월 24일,80,167,,
5,co_mongg,후드티,재킷,면바지,스니커즈/캔버스,,2023년 4월 6일,80,167,,
5,co_mongg,반팔 티,,면바지,운동화,,2023년 4월 20일,80,167,,
5,co_mongg,긴팔 티,재킷,면바지,운동화,,2023년 5월 2일,80,167,,
5,co_mongg,반팔 티,,면바지,구두/로퍼,,2023년 5월 6일,80,167,,
5,co_mongg,반팔 티,,면바지,운동화,,2023년 6월 4일,80,167,,
5,co_mongg,반팔 티,,데님팬츠,운동화,,2023년 6월 13일,80,167,,
5,co_mongg,셔츠/블라우스,,반바지,샌들/슬리퍼,,2023년 6월 27일,80,167,,
5,co_mongg,반팔 티,,면바지,구두/로퍼,,2023년 6월 30일,80,167,,
5,co_mongg,반팔 티,,데님팬츠,구두/로퍼,,2023년 7월 4일,80,167,,
5,co_mongg,셔츠/블라우스,,데님팬츠,구두/로퍼,,2023년 8월 18일,80,167,,
5,co_mongg,반팔 티,,반바지,스니커즈/캔버스,,2023년 8월 22일,80,167,,
5,co_mongg,반팔 티,,면바지,스니커즈/캔버스,,2023년 8월 27일,80,167,,
5,co_mongg,셔츠/블라우스,,데님팬츠,구두/로퍼,기타 모자,2023년 9월 4일,80,167,,
5,co_mongg,반팔 티,재킷,트레이닝/조거 팬츠,스니커즈/캔버스,,2023년 9월 10일,80,167,,
5,co_mongg,셔츠/블라우스,재킷,데님팬츠,구두/로퍼,,2023년 9월 16일,80,167,,
5,co_mongg,셔츠/블라우스,"재킷, 조끼",슬랙스,구두/로퍼,,2023년 9월 23일,80,167,,
5,co_mongg,셔츠/블라우스,재킷,면바지,구두/로퍼,기타 모자,2023년 10월 6일,80,167,,
5,co_mongg,셔츠/블라우스,재킷,데님팬츠,구두/로퍼,스카프,2023년 10월 19일,80,167,,
5,co_mongg,셔츠/블라우스,재킷,데님팬츠,구두/로퍼,,2023년 10월 19일,80,167,,
5,co_mongg,"니트, 셔츠/블라우스",,면바지,스니커즈/캔버스,,2023년 10월 22일,80,167,,
5,co_mongg,니트,패딩,면바지,샌들/슬리퍼,,2023년 10월 26일,80,167,,
5,co_mongg,니트,재킷,면바지,구두/로퍼,기타 모자,2023년 11월 8일,80,167,,
5,co_mongg,후드티,"재킷, 패딩조끼",트레이닝/조거 팬츠,스니커즈/캔버스,기타 모자,2023년 12월 18일,80,167,,
5,co_mongg,"반팔 티, 후드티",패딩조끼,데님팬츠,스니커즈/캔버스,기타 모자,2023년 12월 22일,80,167,,
5,co_mongg,긴팔 티,"재킷, 점퍼",트레이닝/조거 팬츠,스니커즈/캔버스,머플러,2024년 1월 7일,80,167,,
5,co_mongg,긴팔 티,재킷,카고바지,구두/로퍼,,2024년 1월 13일,80,167,,
6,tt__yl,"니트, 셔츠/블라우스",재킷,면바지,운동화,기타 모자,2023년 4월 11일,71,181,,
6,tt__yl,셔츠/블라우스,,면바지,운동화,기타 모자,2023년 5월 3일,71,181,,
6,tt__yl,반팔 티,,데님팬츠,운동화,기타 모자,2023년 5월 15일,71,181,,
6,tt__yl,반팔 티,,면바지,운동화,기타 모자,2023년 5월 24일,71,181,,
6,tt__yl,반팔 티,,반바지,구두/로퍼,,2023년 6월 8일,71,181,,
6,tt__yl,반팔 티,,데님팬츠,운동화,기타 모자,2023년 6월 16일,71,181,,
6,tt__yl,반팔 티,,반바지,구두/로퍼,기타 모자,2023년 6월 26일,71,181,,
6,tt__yl,반팔 티,,반바지,구두/로퍼,기타 모자,2023년 7월 4일,71,181,,
6,tt__yl,반팔 티,,면바지,운동화,기타 모자,2023년 7월 12일,71,181,,
6,tt__yl,반팔 티,,반바지,구두/로퍼,기타 모자,2023년 7월 24일,71,181,,
6,tt__yl,반팔 티,,반바지,스니커즈/캔버스,기타 모자,2023년 7월 31일,71,181,,
6,tt__yl,셔츠/블라우스,재킷,반바지,구두/로퍼,기타 모자,2023년 8월 18일,71,181,,
6,tt__yl,셔츠/블라우스,,반바지,구두/로퍼,기타 모자,2023년 8월 24일,71,181,,
6,tt__yl,셔츠/블라우스,,면바지,스니커즈/캔버스,기타 모자,2023년 9월 4일,71,181,,
6,tt__yl,셔츠/블라우스,,면바지,스니커즈/캔버스,기타 모자,2023년 9월 16일,71,181,,
6,tt__yl,셔츠/블라우스,재킷,면바지,구두/로퍼,,2023년 9월 23일,71,181,,
6,tt__yl,반팔 티,점퍼,데님팬츠,구두/로퍼,기타 모자,2023년 10월 5일,71,181,,
6,tt__yl,셔츠/블라우스,재킷,면바지,구두/로퍼,기타 모자,2023년 10월 12일,71,181,,
6,tt__yl,"맨투맨, 셔츠/블라우스",,슬랙스,구두/로퍼,기타 모자,2023년 10월 22일,71,181,,
6,tt__yl,"맨투맨, 셔츠/블라우스",재킷,슬랙스,스니커즈/캔버스,기타 모자,2023년 11월 4일,71,181,,
6,tt__yl,셔츠/블라우스,재킷,면바지,구두/로퍼,기타 모자,2023년 11월 13일,71,181,,
6,tt__yl,셔츠/블라우스,"재킷 2, 조끼",데님팬츠,구두/로퍼,기타 모자,2023년 12월 7일,71,181,,
6,tt__yl,셔츠/블라우스,"재킷, 조끼, 코트",면바지,구두/로퍼,기타 모자,2023년 12월 14일,71,181,,
6,tt__yl,셔츠/블라우스,"재킷, 패딩",면바지,스니커즈/캔버스,,2023년 12월 19일,71,181,,
6,tt__yl,"니트, 셔츠/블라우스",패딩,데님팬츠,구두/로퍼,,2023년 12월 26일,71,181,,
6,tt__yl,셔츠/블라우스,"조끼, 코트",데님팬츠,구두/로퍼,,2024년 1월 2일,71,181,,
6,tt__yl,"니트, 셔츠/블라우스",재킷,면바지,스니커즈/캔버스,기타 모자,2024년 1월 7일,71,181,,
6,tt__yl,셔츠/블라우스,"재킷, 패딩조끼",면바지,스니커즈/캔버스,기타 모자,2024년 1월 13일,71,181,,
6,tt__yl,"니트, 셔츠/블라우스",재킷,면바지,스니커즈/캔버스,,2024년 1월 18일,71,181,,
6,tt__yl,셔츠/블라우스,"재킷, 패딩",데님팬츠,구두/로퍼,,2024년 1월 25일,71,181,,
6,tt__yl,셔츠/블라우스,"재킷, 조끼",슬랙스,스니커즈/캔버스,기타 모자,2024년 2월 1일,71,181,,
6,tt__yl,셔츠/블라우스,재킷,면바지,구두/로퍼,,2024년 2월 2일,71,181,,
6,tt__yl,셔츠/블라우스,"재킷, 조끼",면바지,구두/로퍼,,2024년 2월 7일,71,181,,
6,tt__yl,셔츠/블라우스,재킷,면바지,구두/로퍼,,2024년 2월 18일,71,181,,
6,tt__yl,셔츠/블라우스,재킷,슬랙스,구두/로퍼,,2024년 2월 24일,71,181,,
6,tt__yl,"맨투맨, 셔츠/블라우스",재킷,데님팬츠,구두/로퍼,,2024년 2월 29일,71,181,,
6,tt__yl,셔츠/블라우스,재킷,면바지,스니커즈/캔버스,,2024년 3월 25일,71,181,,
6,tt__yl,"맨투맨, 셔츠/블라우스",재킷,슬랙스,구두/로퍼,,2024년 4월 3일,71,181,,
6,tt__yl,셔츠/블라우스,재킷,데님팬츠,구두/로퍼,,2024년 4월 10일,71,181,,