userId,name,상의,아우터,하의,신발,액세서리,작성일,체중,키,스타일,비고,이미지
1,kimnerdcloset,"반팔 티, 셔츠/블라우스",재킷,반바지,구두/로퍼,,2024년 4월 24일,67,172,"캐주얼, 프렌치시크",,
1,kimnerdcloset,반팔 티,재킷,반바지,운동화,기타 모자,2024년 4월 19일,67,172,"캐주얼, 프렌치시크",,
1,kimnerdcloset,반팔 티,재킷,반바지,구두/로퍼,장목양말,2024년 4월 15일,67,172,"캐주얼, 프렌치시크",,
1,kimnerdcloset,반팔 티,,나일론 팬츠,구두/로퍼,,2024년 4월 9일,67,172,"캐주얼, 프렌치시크",,
1,kimnerdcloset,반팔 티,집업,면바지,구두/로퍼,,2024년 4월 5일,67,172,"캐주얼, 프렌치시크",,
1,kimnerdcloset,긴팔 티,집업,데님팬츠,구두/로퍼,기타 모자,2024년 4월 2일,67,172,"캐주얼, 프렌치시크",,
1,kimnerdcloset,긴팔 티,재킷,데님팬츠,구두/로퍼,기타 모자,2024년 3월 26일,67,172,"캐주얼, 프렌치시크",,
1,kimnerdcloset,반팔 티,재킷,데님팬츠,운동화,,2024년 3월 22일,67,172,"캐주얼, 프렌치시크",,
1,kimnerdcloset,긴팔 티,재킷,데님팬츠,레더부츠,기타 모자,2024년 3월 21일,67,172,"캐주얼, 프렌치시크",,
1,kimnerdcloset,긴팔 티,"재킷, 집업",나일론 팬츠,운동화,기타 모자,2024년 3월 20일,67,172,"캐주얼, 프렌치시크",,
1,kimnerdcloset,반팔 티,재킷,트레이닝/조거 팬츠,레더부츠,기타 모자,2024년 3월 17일,67,172,"캐주얼, 프렌치시크",,
1,kimnerdcloset,긴팔 티,재킷,데님팬츠,운동화,기타 모자,2024년 3월 13일,67,172,"캐주얼, 프렌치시크",,
1,kimnerdcloset,긴팔 티,바람막이,데님팬츠,운동화,기타 모자,2024년 3월 12일,67,172,"캐주얼, 프렌치시크",,
1,kimnerdcloset,후드티,재킷,트레이닝/조거 팬츠,운동화,기타 모자,2024년 3월 11일,67,172,"캐주얼, 프렌치시크",,
1,kimnerdcloset,반팔 티,재킷,면바지,구두/로퍼,,2024년 3월 7일,67,172,"캐주얼, 프렌치시크",,
1,kimnerdcloset,긴팔 티,점퍼,데님팬츠,스니커즈/캔버스,기타 모자,2024년 3월 4일,67,172,"캐주얼, 프렌치시크",,
1,kimnerdcloset,"니트, 반팔 티",재킷,데님팬츠,운동화,기타 모자,2024년 2월 29일,67,172,"캐주얼, 프렌치시크",,
1,kimnerdcloset,긴팔 티,재킷,데님팬츠,구두/로퍼,,2024년 2월 26일,67,172,"캐주얼, 프렌치시크",,
1,kimnerdcloset,긴팔 티,점퍼,면바지,스니커즈/캔버스,기타 모자,2024년 2월 26일,67,172,"캐주얼, 프렌치시크",,
1,kimnerdcloset,긴팔 티,패딩,트레이닝/조거 팬츠,운동화,기타 모자,2024년 2월 22일,67,172,"캐주얼, 프렌치시크",,
1,kimnerdcloset,긴팔 티,"재킷, 집업",데님팬츠,레더부츠,,2024년 2월 20일,67,172,"캐주얼, 프렌치시크",,
1,kimnerdcloset,"셔츠/블라우스, 후드티",재킷,데님팬츠,구두/로퍼,양말,2024년 2월 18일,67,172,"캐주얼, 프렌치시크",,
1,kimnerdcloset,후드티,점퍼,데님팬츠,운동화,기타 모자,2024년 2월 16일,67,172,"캐주얼, 프렌치시크",,
1,kimnerdcloset,니트,"바람막이, 조끼",면바지,구두/로퍼,비니,2024년 2월 13일,67,172,"캐주얼, 프렌치시크",,
1,kimnerdcloset,긴팔 티,바람막이,데님팬츠,운동화,,2024년 2월 8일,67,172,"캐주얼, 프렌치시크",,
1,kimnerdcloset,후드티,패딩,데님팬츠,운동화,기타 모자,2024년 2월 7일,67,172,"캐주얼, 프렌치시크",,
1,kimnerdcloset,맨투맨,점퍼,면바지,스니커즈/캔버스,기타 모자,2024년 2월 6일,67,172,"캐주얼, 프렌치시크",,
1,kimnerdcloset,후드티,패딩,데님팬츠,운동화,기타 모자,2024년 1월 24일,67,172,"캐주얼, 프렌치시크",,
1,kimnerdcloset,긴팔 티,패딩,데님팬츠,스니커즈/캔버스,털 모자,2024년 1월 23일,67,172,"캐주얼, 프렌치시크",,
1,kimnerdcloset,후드티,재킷,카고바지,스니커즈/캔버스,,2024년 1월 12일,67,172,"캐주얼, 프렌치시크",,
1,kimnerdcloset,긴팔 티,코트,데님팬츠,구두/로퍼,,2024년 1월 4일,67,172,"캐주얼, 프렌치시크",,
1,kimnerdcloset,"반팔 티, 셔츠/블라우스",재킷,데님팬츠,운동화,기타 모자,2024년 1월 3일,67,172,"캐주얼, 프렌치시크",,
1,kimnerdcloset,맨투맨,점퍼,데님팬츠,레더부츠,기타 모자,2024년 1월 2일,67,172,"캐주얼, 프렌치시크",,
1,kimnerdcloset,"니트, 반팔 티",점퍼,데님팬츠,구두/로퍼,,2023년 12월 31일,67,172,"캐주얼, 프렌치시크",,
1,kimnerdcloset,긴팔 티,재킷,면바지,구두/로퍼,기타 모자,2023년 12월 13일,67,172,"캐주얼, 프렌치시크",,
1,kimnerdcloset,니트,가디건,면바지,구두/로퍼,비니,2023년 12월 12일,67,172,"캐주얼, 프렌치시크",,
1,kimnerdcloset,긴팔 티,재킷,카고바지,운동화,,2023년 12월 8일,67,172,"캐주얼, 프렌치시크",,
1,kimnerdcloset,긴팔 티,재킷,데님팬츠,스니커즈/캔버스,털 모자,2023년 12월 4일,67,172,"캐주얼, 프렌치시크",,
1,kimnerdcloset,긴팔 티,패딩,데님팬츠,구두/로퍼,,2023년 11월 24일,67,172,"캐주얼, 프렌치시크",,
1,kimnerdcloset,긴팔 티,재킷,면바지,구두/로퍼,,2023년 11월 21일,67,172,"캐주얼, 프렌치시크",,
1,kimnerdcloset,"니트, 반팔 티",재킷,카고바지,운동화,비니,2023년 11월 14일,67,172,"캐주얼, 프렌치시크",,
1,kimnerdcloset,"니트, 반팔 티",재킷,면바지,구두/로퍼,기타 모자,2023년 10월 30일,67,172,"캐주얼, 프렌치시크",,
1,kimnerdcloset,긴팔 티,가디건,면바지,운동화,장목양말,2023년 10월 30일,67,172,"캐주얼, 프렌치시크",,
1,kimnerdcloset,"반팔 티, 셔츠/블라우스",가디건,데님팬츠,구두/로퍼,,2023년 10월 20일,67,172,"캐주얼, 프렌치시크",,
1,kimnerdcloset,"반팔 티, 셔츠/블라우스",,면바지,스니커즈/캔버스,,2023년 10월 5일,67,172,"캐주얼, 프렌치시크",,
1,kimnerdcloset,"반팔 셔츠/블라우스, 반팔 티",,반바지,스니커즈/캔버스,장목양말,2023년 8월 30일,67,172,"캐주얼, 프렌치시크",,
1,kimnerdcloset,반팔 티,조끼,데님팬츠,운동화,,2023년 8월 27일,67,172,"캐주얼, 프렌치시크",,
1,kimnerdcloset,반팔 티,,데님팬츠,스니커즈/캔버스,,2023년 8월 14일,67,172,"캐주얼, 프렌치시크",,
1,kimnerdcloset,반팔 티,,반바지,운동화,장목양말,2023년 8월 8일,67,172,"캐주얼, 프렌치시크",,
1,kimnerdcloset,"반팔 셔츠/블라우스, 반팔 티",,면바지,스니커즈/캔버스,,2023년 8월 3일,67,172,"캐주얼, 프렌치시크",,
1,kimnerdcloset,"반팔 셔츠/블라우스, 반팔 티",,반바지,운동화,"기타 모자, 장목양말",2023년 7월 26일,67,172,"캐주얼, 프렌치시크",,
1,kimnerdcloset,"반팔 셔츠/블라우스, 반팔 티",,반바지,스니커즈/캔버스,장목양말,2023년 7월 23일,67,172,"캐주얼, 프렌치시크",,
1,kimnerdcloset,"반팔 티, 셔츠/블라우스",,반바지,구두/로퍼,장목양말,2023년 7월 20일,67,172,"캐주얼, 프렌치시크",,
1,kimnerdcloset,반팔 티,,반바지,스니커즈/캔버스,장목양말,2023년 7월 12일,67,172,"캐주얼, 프렌치시크",,
1,kimnerdcloset,반팔 티,,반바지,스니커즈/캔버스,장목양말,2023년 7월 6일,67,172,"캐주얼, 프렌치시크",,
1,kimnerdcloset,반팔 티,,데님팬츠,스니커즈/캔버스,,2023년 7월 5일,67,172,"캐주얼, 프렌치시크",,
1,kimnerdcloset,반팔 티,,반바지,운동화,장목양말,2023년 6월 21일,67,172,"캐주얼, 프렌치시크",,
1,kimnerdcloset,반팔 티,,반바지,스니커즈/캔버스,장목양말,2023년 6월 13일,67,172,"캐주얼, 프렌치시크",,
1,kimnerdcloset,"반팔 셔츠/블라우스, 반팔 티",,데님팬츠,스니커즈/캔버스,,2023년 6월 5일,67,172,"캐주얼, 프렌치시크",,
1,kimnerdcloset,반팔 티,조끼,데님팬츠,스니커즈/캔버스,,2023년 6월 1일,67,172,"캐주얼, 프렌치시크",,
1,kimnerdcloset,반팔 티,조끼,데님팬츠,스니커즈/캔버스,,2023년 5월 25일,67,172,"캐주얼, 프렌치시크",,
1,kimnerdcloset,반팔 티,,면바지,스니커즈/캔버스,,2023년 5월 22일,67,172,"캐주얼, 프렌치시크",,
1,kimnerdcloset,긴팔 티,,반바지,스니커즈/캔버스,기타 모자,2023년 5월 21일,67,172,"캐주얼, 프렌치시크",,
1,kimnerdcloset,반팔 티,재킷,반바지,샌들/슬리퍼,,2023년 5월 15일,67,172,"캐주얼, 프렌치시크",,
1,kimnerdcloset,"반팔 티, 셔츠/블라우스",,반바지,운동화,,2023년 5월 11일,67,172,"캐주얼, 프렌치시크",,
1,kimnerdcloset,반팔 티,가디건,반바지,스니커즈/캔버스,"기타 모자, 장목양말",2023년 5월 10일,67,172,"캐주얼, 프렌치시크",,
1,kimnerdcloset,반팔 티,재킷,데님팬츠,구두/로퍼,,2023년 5월 7일,67,172,"캐주얼, 프렌치시크",,
1,kimnerdcloset,반팔 티,가디건,카고바지,운동화,,2023년 5월 4일,67,172,"캐주얼, 프렌치시크",,
1,kimnerdcloset,후드티,,면바지,운동화,,2023년 4월 30일,67,172,"캐주얼, 프렌치시크",,
1,kimnerdcloset,긴팔 티,재킷,면바지,운동화,,2023년 4월 27일,67,172,"캐주얼, 프렌치시크",,
1,kimnerdcloset,긴팔 티,재킷,면바지,구두/로퍼,,2023년 4월 26일,67,172,"캐주얼, 프렌치시크",,
1,kimnerdcloset,"반팔 티, 셔츠/블라우스",,데님팬츠,운동화,,2023년 4월 25일,67,172,"캐주얼, 프렌치시크",,
1,kimnerdcloset,맨투맨,,반바지,샌들/슬리퍼,,2023년 4월 23일,67,172,"캐주얼, 프렌치시크",,
1,kimnerdcloset,긴팔 티,재킷,데님팬츠,스니커즈/캔버스,,2023년 4월 21일,67,172,"캐주얼, 프렌치시크",,
1,kimnerdcloset,"반팔 티, 셔츠/블라우스",재킷,데님팬츠,운동화,,2023년 4월 20일,67,172,"캐주얼, 프렌치시크",,
1,kimnerdcloset,"니트, 반팔 티",,면바지,구두/로퍼,,2023년 4월 19일,67,172,"캐주얼, 프렌치시크",,
1,kimnerdcloset,긴팔 티,재킷,데님팬츠,운동화,,2023년 4월 18일,67,172,"캐주얼, 프렌치시크",,
1,kimnerdcloset,긴팔 티,재킷,데님팬츠,스니커즈/캔버스,,2023년 4월 14일,67,172,"캐주얼, 프렌치시크",,
1,kimnerdcloset,"반팔 티, 셔츠/블라우스",재킷,데님팬츠,구두/로퍼,,2023년 4월 13일,67,172,"캐주얼, 프렌치시크",,
1,kimnerdcloset,긴팔 티,재킷,데님팬츠,운동화,기타 모자,2023년 4월 12일,67,172,"캐주얼, 프렌치시크",,
1,kimnerdcloset,"맨투맨, 반팔 티",,면바지,스니커즈/캔버스,,2023년 4월 11일,67,172,"캐주얼, 프렌치시크",,
1,kimnerdcloset,"반팔 티, 셔츠/블라우스",조끼,데님팬츠,스니커즈/캔버스,,2023년 4월 10일,67,172,"캐주얼, 프렌치시크",,
1,kimnerdcloset,긴팔 티,,면바지,스니커즈/캔버스,,2023년 4월 6일,67,172,"캐주얼, 프렌치시크",,
1,kimnerdcloset,후드티,재킷,데님팬츠,운동화,,2023년 4월 4일,67,172,"캐주얼, 프렌치시크",,
1,kimnerdcloset,반팔 티,재킷,데님팬츠,구두/로퍼,,2023년 4월 3일,67,172,"캐주얼, 프렌치시크",,
1,kimnerdcloset,"반팔 티, 셔츠/블라우스",,데님팬츠,운동화,,2023년 4월 3일,67,172,"캐주얼, 프렌치시크",,
1,kimnerdcloset,"민소매 티 2, 반팔 티, 셔츠/블라우스",재킷,데님팬츠,스니커즈/캔버스,기타 모자,2023년 3월 31일,67,172,"캐주얼, 프렌치시크",,
1,kimnerdcloset,"반팔 티, 셔츠/블라우스",,데님팬츠,스니커즈/캔버스,,2023년 3월 30일,67,172,"캐주얼, 프렌치시크",,
1,kimnerdcloset,반팔 티,재킷,데님팬츠,운동화,,2023년 3월 29일,67,172,"캐주얼, 프렌치시크",,
1,kimnerdcloset,"반팔 티, 셔츠/블라우스",가디건,트레이닝/조거 팬츠,운동화,,2023년 3월 28일,67,172,"캐주얼, 프렌치시크",,
1,kimnerdcloset,"니트, 반팔 티",재킷,면바지,구두/로퍼,,2023년 3월 27일,67,172,"캐주얼, 프렌치시크",,
1,kimnerdcloset,"니트, 반팔 티",,데님팬츠,스니커즈/캔버스,,2023년 3월 26일,67,172,"캐주얼, 프렌치시크",,
1,kimnerdcloset,반팔 티,가디건,데님팬츠,운동화,,2023년 3월 24일,67,172,"캐주얼, 프렌치시크",,
1,kimnerdcloset,"반팔 티, 셔츠/블라우스",바람막이,데님팬츠,스니커즈/캔버스,기타 모자,2023년 3월 22일,67,172,"캐주얼, 프렌치시크",,
1,kimnerdcloset,"반팔 티, 셔츠/블라우스",재킷,데님팬츠,레더부츠,,2023년 3월 21일,67,172,"캐주얼, 프렌치시크",,
1,kimnerdcloset,반팔 티,바람막이,면바지,스니커즈/캔버스,,2023년 3월 20일,67,172,"캐주얼, 프렌치시크",,
1,kimnerdcloset,반팔 티,재킷,데님팬츠,스니커즈/캔버스,비니,2023년 3월 18일,67,172,"캐주얼, 프렌치시크",,
1,kimnerdcloset,반팔 티,"재킷, 코트",데님팬츠,스니커즈/캔버스,,2023년 3월 17일,67,172,"캐주얼, 프렌치시크",,
1,kimnerdcloset,반팔 티,재킷,면바지,스니커즈/캔버스,비니,2023년 3월 14일,67,172,"캐주얼, 프렌치시크",,
1,kimnerdcloset,"니트, 반팔 티",,면바지,운동화,,2023년 3월 13일,67,172,"캐주얼, 프렌치시크",,
1,kimnerdcloset,맨투맨,,데님팬츠,운동화,,2023년 3월 13일,67,172,"캐주얼, 프렌치시크",,
1,kimnerdcloset,긴팔 티,재킷,면바지,구두/로퍼,장목양말,2023년 3월 11일,67,172,"캐주얼, 프렌치시크",,
1,kimnerdcloset,긴팔 티,재킷,데님팬츠,스니커즈/캔버스,,2023년 3월 10일,67,172,"캐주얼, 프렌치시크",,
1,kimnerdcloset,"니트, 반팔 티",재킷,데님팬츠,스니커즈/캔버스,,2023년 3월 8일,67,172,"캐주얼, 프렌치시크",,
1,kimnerdcloset,"반팔 티, 셔츠/블라우스",코트,면바지,스니커즈/캔버스,,2023년 3월 7일,67,172,"캐주얼, 프렌치시크",,
1,kimnerdcloset,"반팔 티, 셔츠/블라우스",재킷,면바지,구두/로퍼,,2023년 3월 6일,67,172,"캐주얼, 프렌치시크",,
1,kimnerdcloset,"니트, 반팔 티",재킷,데님팬츠,스니커즈/캔버스,,2023년 3월 6일,67,172,"캐주얼, 프렌치시크",,
2,geun_the_look,"반팔 셔츠/블라우스, 반팔 티, 후드티",,반바지,구두/로퍼,장목양말,2024년 4월 16일,63,173,"댄디, 미니멀, 캐주얼",,
2,geun_the_look,반팔 티,재킷,데님팬츠,레더부츠,,2024년 4월 4일,63,173,"댄디, 미니멀, 캐주얼",,
2,geun_the_look,셔츠/블라우스,집업,트레이닝/조거 팬츠,운동화,비니,2024년 3월 18일,63,173,"댄디, 미니멀, 캐주얼",,
2,geun_the_look,긴팔 티,재킷,가죽 바지,구두/로퍼,,2024년 3월 7일,63,173,"댄디, 미니멀, 캐주얼",,
2,geun_the_look,"셔츠/블라우스, 후드티",,데님팬츠,스니커즈/캔버스,,2023년 11월 2일,63,173,"댄디, 미니멀, 캐주얼",,
2,geun_the_look,긴팔 티,점퍼,데님팬츠,스니커즈/캔버스,기타 모자,2023년 10월 29일,63,173,"댄디, 미니멀, 캐주얼",,
2,geun_the_look,"반팔 티, 셔츠/블라우스",,슬랙스,구두/로퍼,,2023년 10월 27일,63,173,"댄디, 미니멀, 캐주얼",,
2,geun_the_look,"니트, 반팔 티",,데님팬츠,구두/로퍼,,2023년 10월 20일,63,173,"댄디, 미니멀, 캐주얼",,
2,geun_the_look,반팔 티,바람막이,나일론 팬츠,운동화,비니,2023년 10월 18일,63,173,"댄디, 미니멀, 캐주얼",,
2,geun_the_look,반팔 티,바람막이,데님팬츠,운동화,,2023년 10월 16일,63,173,"댄디, 미니멀, 캐주얼",,
2,geun_the_look,후드티,가디건,데님팬츠,스니커즈/캔버스,,2023년 10월 14일,63,173,"댄디, 미니멀, 캐주얼",,
2,geun_the_look,긴팔 티,재킷,데님팬츠,레더부츠,비니,2023년 10월 13일,63,173,"댄디, 미니멀, 캐주얼",,
2,geun_the_look,반팔 티,가디건,데님팬츠,구두/로퍼,,2023년 10월 10일,63,173,"댄디, 미니멀, 캐주얼",,
2,geun_the_look,"맨투맨, 반팔 티",,트레이닝/조거 팬츠,스니커즈/캔버스,비니,2023년 10월 9일,63,173,"댄디, 미니멀, 캐주얼",,
2,geun_the_look,"긴팔 티, 맨투맨",,데님팬츠,운동화,,2023년 10월 8일,63,173,"댄디, 미니멀, 캐주얼",,
2,geun_the_look,"니트, 반팔 티",,데님팬츠,레더부츠,,2023년 10월 2일,63,173,"댄디, 미니멀, 캐주얼",,
2,geun_the_look,반팔 티,집업,트레이닝/조거 팬츠,스니커즈/캔버스,,2023년 10월 1일,63,173,"댄디, 미니멀, 캐주얼",,
2,geun_the_look,반팔 티,재킷,면바지,구두/로퍼,,2023년 9월 24일,63,173,"댄디, 미니멀, 캐주얼",,
2,geun_the_look,민소매 티,,반바지,운동화,장목양말,2023년 9월 23일,63,173,"댄디, 미니멀, 캐주얼",,
2,geun_the_look,반팔 티,재킷,반바지,스니커즈/캔버스,장목양말,2023년 9월 12일,63,173,"댄디, 미니멀, 캐주얼",,
2,geun_the_look,반팔 티,,반바지,스니커즈/캔버스,장목양말,2023년 9월 9일,63,173,"댄디, 미니멀, 캐주얼",,
2,geun_the_look,민소매 티,,나일론 팬츠,구두/로퍼,기타 모자,2023년 9월 8일,63,173,"댄디, 미니멀, 캐주얼",,
2,geun_the_look,"반팔 티, 후드티",,반바지,스니커즈/캔버스,"기타 모자, 장목양말",2023년 9월 5일,63,173,"댄디, 미니멀, 캐주얼",,
2,geun_the_look,반팔 티,,카고바지,운동화,기타 모자,2023년 9월 1일,63,173,"댄디, 미니멀, 캐주얼",,
2,geun_the_look,"반팔 셔츠/블라우스, 반팔 티",,반바지,구두/로퍼,장목양말,2023년 8월 27일,63,173,"댄디, 미니멀, 캐주얼",,
2,geun_the_look,민소매 티,,반바지,스니커즈/캔버스,"기타 모자, 장목양말",2023년 8월 25일,63,173,"댄디, 미니멀, 캐주얼",,
2,geun_the_look,"반팔 티, 셔츠/블라우스",,반바지,구두/로퍼,,2023년 8월 24일,63,173,"댄디, 미니멀, 캐주얼",,
2,geun_the_look,민소매 티,,반바지,스니커즈/캔버스,장목양말,2023년 8월 16일,63,173,"댄디, 미니멀, 캐주얼",,
2,geun_the_look,"반팔 셔츠/블라우스, 반팔 티",,반바지,스니커즈/캔버스,"기타 모자, 장목양말",2023년 8월 14일,63,173,"댄디, 미니멀, 캐주얼",,
2,geun_the_look,반팔 티,재킷,반바지,구두/로퍼,,2023년 8월 13일,63,173,"댄디, 미니멀, 캐주얼",,
2,geun_the_look,반팔 티,,반바지,샌들/슬리퍼,,2023년 8월 7일,63,173,"댄디, 미니멀, 캐주얼",,
2,geun_the_look,반팔 티,,반바지,레더부츠,"기타 모자, 장목양말",2023년 8월 6일,63,173,"댄디, 미니멀, 캐주얼",,
2,geun_the_look,반팔 티,,반바지,스니커즈/캔버스,장목양말,2023년 8월 4일,63,173,"댄디, 미니멀, 캐주얼",,
2,geun_the_look,반팔 티,,반바지,구두/로퍼,,2023년 8월 3일,63,173,"댄디, 미니멀, 캐주얼",,
2,geun_the_look,반팔 티,,반바지,운동화,기타 모자,2023년 8월 3일,63,173,"댄디, 미니멀, 캐주얼",,
2,geun_the_look,반팔 티,,반바지,샌들/슬리퍼,장목양말,2023년 7월 30일,63,173,"댄디, 미니멀, 캐주얼",,
2,geun_the_look,반팔 티,,반바지,스니커즈/캔버스,,2023년 7월 30일,63,173,"댄디, 미니멀, 캐주얼",,
2,geun_the_look,반팔 티,,반바지,구두/로퍼,,2023년 7월 29일,63,173,"댄디, 미니멀, 캐주얼",,
2,geun_the_look,반팔 티,,트레이닝/조거 팬츠,스니커즈/캔버스,,2023년 7월 28일,63,173,"댄디, 미니멀, 캐주얼",,
2,geun_the_look,반팔 티,,트레이닝/조거 팬츠,운동화,,2023년 7월 28일,63,173,"댄디, 미니멀, 캐주얼",,
2,geun_the_look,반팔 티,,면바지,운동화,기타 모자,2023년 7월 27일,63,173,"댄디, 미니멀, 캐주얼",,
2,geun_the_look,반팔 티,,데님팬츠,샌들/슬리퍼,,2023년 7월 26일,63,173,"댄디, 미니멀, 캐주얼",,
2,geun_the_look,반팔 티,,나일론 팬츠,운동화,기타 모자,2023년 7월 24일,63,173,"댄디, 미니멀, 캐주얼",,
2,geun_the_look,반팔 티,,트레이닝/조거 팬츠,운동화,,2023년 7월 23일,63,173,"댄디, 미니멀, 캐주얼",,
2,geun_the_look,반팔 티,,반바지,스니커즈/캔버스,"기타 모자, 장목양말",2023년 7월 22일,63,173,"댄디, 미니멀, 캐주얼",,
2,geun_the_look,반팔 티,,나일론 팬츠,스니커즈/캔버스,"기타 모자, 장목양말",2023년 7월 22일,63,173,"댄디, 미니멀, 캐주얼",,
2,geun_the_look,반팔 티,,면바지,스니커즈/캔버스,,2023년 7월 22일,63,173,"댄디, 미니멀, 캐주얼",,
2,geun_the_look,반팔 티,,반바지,스니커즈/캔버스,"기타 모자, 장목양말",2023년 7월 21일,63,173,"댄디, 미니멀, 캐주얼",,
2,geun_the_look,반팔 티,,반바지,스니커즈/캔버스,장목양말,2023년 7월 14일,63,173,"댄디, 미니멀, 캐주얼",,
2,geun_the_look,반팔 티,,반바지,스니커즈/캔버스,"기타 모자, 장목양말",2023년 7월 9일,63,173,"댄디, 미니멀, 캐주얼",,
2,geun_the_look,반팔 티,,트레이닝/조거 팬츠,스니커즈/캔버스,,2023년 7월 2일,63,173,"댄디, 미니멀, 캐주얼",,
2,geun_the_look,반팔 티,,데님팬츠,스니커즈/캔버스,기타 모자,2023년 7월 2일,63,173,"댄디, 미니멀, 캐주얼",,
2,geun_the_look,민소매 티,,반바지,구두/로퍼,,2023년 7월 1일,63,173,"댄디, 미니멀, 캐주얼",,
2,geun_the_look,반팔 티,,나일론 팬츠,샌들/슬리퍼,기타 모자,2023년 6월 29일,63,173,"댄디, 미니멀, 캐주얼",,
2,geun_the_look,반팔 니트,,면바지,구두/로퍼,,2023년 6월 27일,63,173,"댄디, 미니멀, 캐주얼",,
2,geun_the_look,반팔 티,,데님팬츠,운동화,기타 모자,2023년 6월 24일,63,173,"댄디, 미니멀, 캐주얼",,
2,geun_the_look,반팔 티,,데님팬츠,운동화,,2023년 6월 23일,63,173,"댄디, 미니멀, 캐주얼",,
2,geun_the_look,반팔 니트,,데님팬츠,샌들/슬리퍼,,2023년 6월 22일,63,173,"댄디, 미니멀, 캐주얼",,
2,geun_the_look,"반팔 티, 셔츠/블라우스",,반바지,샌들/슬리퍼,기타 모자,2023년 6월 20일,63,173,"댄디, 미니멀, 캐주얼",,
2,geun_the_look,반팔 티,,데님팬츠,구두/로퍼,기타 모자,2023년 6월 17일,63,173,"댄디, 미니멀, 캐주얼",,
2,geun_the_look,"반팔 셔츠/블라우스, 반팔 티",,반바지,샌들/슬리퍼,장목양말,2023년 6월 17일,63,173,"댄디, 미니멀, 캐주얼",,
2,geun_the_look,반팔 셔츠/블라우스,,면바지,구두/로퍼,,2023년 6월 6일,63,173,"댄디, 미니멀, 캐주얼",,
2,geun_the_look,니트,재킷,데님팬츠,구두/로퍼,,2023년 5월 2일,63,173,"댄디, 미니멀, 캐주얼",,
2,geun_the_look,반팔 티,재킷,데님팬츠,레더부츠,,2023년 5월 1일,63,173,"댄디, 미니멀, 캐주얼",,
2,geun_the_look,반팔 티,가디건,데님팬츠,레더부츠,비니,2023년 4월 30일,63,173,"댄디, 미니멀, 캐주얼",,
2,geun_the_look,반팔 티,가디건,데님팬츠,구두/로퍼,,2023년 4월 25일,63,173,"댄디, 미니멀, 캐주얼",,
2,geun_the_look,반팔 티,"가디건, 재킷",데님팬츠,구두/로퍼,,2023년 4월 24일,63,173,"댄디, 미니멀, 캐주얼",,
2,geun_the_look,반팔 티,가디건,카고바지,스니커즈/캔버스,비니,2023년 4월 23일,63,173,"댄디, 미니멀, 캐주얼",,
2,geun_the_look,반팔 티,가디건,나일론 팬츠,운동화,,2023년 4월 22일,63,173,"댄디, 미니멀, 캐주얼",,
2,geun_the_look,반팔 티,집업,데님팬츠,스니커즈/캔버스,,2023년 4월 3일,63,173,"댄디, 미니멀, 캐주얼",,
2,geun_the_look,반팔 티,재킷,데님팬츠,레더부츠,,2023년 3월 26일,63,173,"댄디, 미니멀, 캐주얼",,
2,geun_the_look,반팔 티,바람막이,나일론 팬츠,운동화,,2023년 3월 25일,63,173,"댄디, 미니멀, 캐주얼",,
2,geun_the_look,반팔 티,재킷,데님팬츠,구두/로퍼,기타 모자,2023년 3월 20일,63,173,"댄디, 미니멀, 캐주얼",,
2,geun_the_look,"니트, 반팔 티",바람막이,데님팬츠,레더부츠,,2023년 3월 19일,63,173,"댄디, 미니멀, 캐주얼",,
2,geun_the_look,"반팔 티, 후드티",,데님팬츠,스니커즈/캔버스,기타 모자,2023년 3월 13일,63,173,"댄디, 미니멀, 캐주얼",,
2,geun_the_look,"반팔 티, 셔츠/블라우스",가디건,데님팬츠,스니커즈/캔버스,,2023년 3월 10일,63,173,"댄디, 미니멀, 캐주얼",,
2,geun_the_look,"반팔 티, 셔츠/블라우스",,데님팬츠,구두/로퍼,,2023년 3월 1일,63,173,"댄디, 미니멀, 캐주얼",,
2,geun_the_look,긴팔 티,가디건,데님팬츠,레더부츠,,2023년 2월 25일,63,173,"댄디, 미니멀, 캐주얼",,
2,geun_the_look,"반팔 티, 후드티",,데님팬츠,운동화,,2023년 2월 22일,63,173,"댄디, 미니멀, 캐주얼",,
2,geun_the_look,"니트, 반팔 티",코트,데님팬츠,구두/로퍼,,2023년 2월 21일,63,173,"댄디, 미니멀, 캐주얼",,
2,geun_the_look,긴팔 티,바람막이,나일론 팬츠,운동화,비니,2023년 2월 20일,63,173,"댄디, 미니멀, 캐주얼",,
2,geun_the_look,긴팔 티,가디건,면바지,구두/로퍼,,2023년 2월 15일,63,173,"댄디, 미니멀, 캐주얼",,
2,geun_the_look,후드티,코트,데님팬츠,운동화,머플러,2023년 2월 10일,63,173,"댄디, 미니멀, 캐주얼",,
2,geun_the_look,긴팔 티,재킷,데님팬츠,운동화,,2023년 2월 9일,63,173,"댄디, 미니멀, 캐주얼",,
2,geun_the_look,"니트, 반팔 티, 셔츠/블라우스",,데님팬츠,스니커즈/캔버스,장목양말,2023년 1월 28일,63,173,"댄디, 미니멀, 캐주얼",,
2,geun_the_look,"반팔 티, 셔츠/블라우스",가디건,면바지,스니커즈/캔버스,비니,2023년 1월 5일,63,173,"댄디, 미니멀, 캐주얼",,
2,geun_the_look,"맨투맨, 반팔 티",,데님팬츠,운동화,,2022년 12월 25일,63,173,"댄디, 미니멀, 캐주얼",,
2,geun_the_look,"니트, 반팔 티",패딩,데님팬츠,스니커즈/캔버스,비니,2022년 12월 24일,63,173,"댄디, 미니멀, 캐주얼",,
2,geun_the_look,"니트, 반팔 티",코트,데님팬츠,구두/로퍼,머플러,2022년 12월 18일,63,173,"댄디, 미니멀, 캐주얼",,
2,geun_the_look,"니트, 반팔 티, 셔츠/블라우스",,데님팬츠,구두/로퍼,,2022년 12월 17일,63,173,"댄디, 미니멀, 캐주얼",,
2,geun_the_look,"니트, 반팔 티",재킷,데님팬츠,구두/로퍼,,2022년 12월 13일,63,173,"댄디, 미니멀, 캐주얼",,
2,geun_the_look,"니트, 반팔 티",코트,데님팬츠,레더부츠,,2022년 12월 12일,63,173,"댄디, 미니멀, 캐주얼",,
2,geun_the_look,"니트, 반팔 티",패딩,트레이닝/조거 팬츠,레더부츠,기타 모자,2022년 12월 11일,63,173,"댄디, 미니멀, 캐주얼",,
2,geun_the_look,"니트, 반팔 티",코트,데님팬츠,스니커즈/캔버스,머플러,2022년 12월 4일,63,173,"댄디, 미니멀, 캐주얼",,
2,geun_the_look,긴팔 티,"재킷, 집업",데님팬츠,스니커즈/캔버스,,2022년 12월 3일,63,173,"댄디, 미니멀, 캐주얼",,
2,geun_the_look,긴팔 티,"재킷, 집업, 코트",데님팬츠,스니커즈/캔버스,,2022년 12월 2일,63,173,"댄디, 미니멀, 캐주얼",,
2,geun_the_look,긴팔 티,재킷,트레이닝/조거 팬츠,레더부츠,,2022년 11월 27일,63,173,"댄디, 미니멀, 캐주얼",,
2,geun_the_look,"반팔 티, 후드티",,면바지,스니커즈/캔버스,,2022년 11월 27일,63,173,"댄디, 미니멀, 캐주얼",,
2,geun_the_look,"맨투맨, 반팔 티",점퍼,나일론 팬츠,스니커즈/캔버스,비니,2022년 11월 25일,63,173,"댄디, 미니멀, 캐주얼",,
2,geun_the_look,"긴팔 티, 니트",재킷,데님팬츠,레더부츠,,2022년 11월 23일,63,173,"댄디, 미니멀, 캐주얼",,
2,geun_the_look,긴팔 티,재킷,데님팬츠,구두/로퍼,,2022년 11월 20일,63,173,"댄디, 미니멀, 캐주얼",,
2,geun_the_look,긴팔 티,집업,나일론 팬츠,스니커즈/캔버스,비니,2022년 11월 19일,63,173,"댄디, 미니멀, 캐주얼",,
2,geun_the_look,긴팔 티,"재킷, 집업",데님팬츠,스니커즈/캔버스,,2022년 11월 13일,63,173,"댄디, 미니멀, 캐주얼",,
2,geun_the_look,긴팔 티,코트,면바지,구두/로퍼,,2022년 11월 13일,63,173,"댄디, 미니멀, 캐주얼",,
2,geun_the_look,"니트, 반팔 티",재킷,면바지,운동화,기타 모자,2022년 11월 12일,63,173,"댄디, 미니멀, 캐주얼",,
2,geun_the_look,반팔 티,"재킷, 집업",데님팬츠,스니커즈/캔버스,기타 모자,2022년 11월 5일,63,173,"댄디, 미니멀, 캐주얼",,
2,geun_the_look,"니트, 반팔 티",점퍼,데님팬츠,구두/로퍼,,2022년 11월 5일,63,173,"댄디, 미니멀, 캐주얼",,
2,geun_the_look,반팔 티,재킷,데님팬츠,레더부츠,,2022년 10월 30일,63,173,"댄디, 미니멀, 캐주얼",,
2,geun_the_look,"반팔 티, 셔츠/블라우스",재킷,데님팬츠,구두/로퍼,,2022년 10월 30일,63,173,"댄디, 미니멀, 캐주얼",,
2,geun_the_look,"니트, 반팔 티, 셔츠/블라우스",,데님팬츠,구두/로퍼,,2022년 10월 30일,63,173,"댄디, 미니멀, 캐주얼",,
2,geun_the_look,반팔 티,재킷,데님팬츠,레더부츠,,2022년 10월 26일,63,173,"댄디, 미니멀, 캐주얼",,
2,geun_the_look,반팔 티,재킷,데님팬츠,운동화,기타 모자,2022년 10월 22일,63,173,"댄디, 미니멀, 캐주얼",,
2,geun_the_look,반팔 티,바람막이,나일론 팬츠,운동화,비니,2022년 10월 22일,63,173,"댄디, 미니멀, 캐주얼",,
2,geun_the_look,"반팔 티, 후드티",,데님팬츠,스니커즈/캔버스,,2022년 10월 22일,63,173,"댄디, 미니멀, 캐주얼",,
2,geun_the_look,"니트, 반팔 티",,데님팬츠,스니커즈/캔버스,,2022년 10월 18일,63,173,"댄디, 미니멀, 캐주얼",,
2,geun_the_look,"반팔 티, 후드티",,나일론 팬츠,운동화,,2022년 10월 15일,63,173,"댄디, 미니멀, 캐주얼",,
2,geun_the_look,"반팔 티, 셔츠/블라우스","재킷, 조끼",면바지,레더부츠,,2022년 10월 15일,63,173,"댄디, 미니멀, 캐주얼",,
2,geun_the_look,"니트, 반팔 티",,데님팬츠,스니커즈/캔버스,,2022년 10월 14일,63,173,"댄디, 미니멀, 캐주얼",,
2,geun_the_look,반팔 티,재킷,면바지,레더부츠,,2022년 10월 13일,63,173,"댄디, 미니멀, 캐주얼",,
2,geun_the_look,"긴팔 티, 맨투맨",,데님팬츠,스니커즈/캔버스,,2022년 10월 12일,63,173,"댄디, 미니멀, 캐주얼",,
2,geun_the_look,"반팔 티, 셔츠/블라우스",,데님팬츠,레더부츠,,2022년 10월 9일,63,173,"댄디, 미니멀, 캐주얼",,
2,geun_the_look,반팔 티,"점퍼, 집업",데님팬츠,스니커즈/캔버스,기타 모자,2022년 10월 8일,63,173,"댄디, 미니멀, 캐주얼",,
2,geun_the_look,"반팔 티, 셔츠/블라우스",재킷,면바지,레더부츠,,2022년 10월 8일,63,173,"댄디, 미니멀, 캐주얼",,
2,geun_the_look,반팔 티,바람막이,데님팬츠,운동화,,2022년 10월 4일,63,173,"댄디, 미니멀, 캐주얼",,
2,geun_the_look,반팔 티,,데님팬츠,구두/로퍼,"기타 모자, 마스크",2022년 8월 26일,63,173,"댄디, 미니멀, 캐주얼",,
2,geun_the_look,반팔 티,,반바지,운동화,기타 모자,2022년 8월 26일,63,173,"댄디, 미니멀, 캐주얼",,
3,koko.iron,셔츠/블라우스,반팔,데님팬츠,스니커즈/캔버스,기타 모자,2024년 4월 30일,70,180,"미니멀, 캐주얼",,
3,koko.iron,반팔 티,,데님팬츠,스니커즈/캔버스,,2024년 4월 29일,70,180,"미니멀, 캐주얼",,
3,koko.iron,"반팔 티, 셔츠/블라우스",,데님팬츠,스니커즈/캔버스,비니,2024년 4월 27일,70,180,"미니멀, 캐주얼",,
3,koko.iron,반팔 티,,데님팬츠,운동화,기타 모자,2024년 4월 25일,70,180,"미니멀, 캐주얼",,
3,koko.iron,반팔 티,가디건,데님팬츠,스니커즈/캔버스,,2024년 4월 24일,70,180,"미니멀, 캐주얼",,
3,koko.iron,반팔 티,,데님팬츠,스니커즈/캔버스,기타 모자,2024년 4월 23일,70,180,"미니멀, 캐주얼",,
3,koko.iron,"반팔 니트, 반팔 티",,면바지,스니커즈/캔버스,,2024년 4월 22일,70,180,"미니멀, 캐주얼",,
3,koko.iron,긴팔 티,,반바지,스니커즈/캔버스,"기타 모자, 장목양말",2024년 4월 21일,70,180,"미니멀, 캐주얼",,
3,koko.iron,"반팔 티, 셔츠/블라우스",,데님팬츠,구두/로퍼,,2024년 4월 20일,70,180,"미니멀, 캐주얼",,
3,koko.iron,반팔 티,,데님팬츠,스니커즈/캔버스,비니,2024년 4월 19일,70,180,"미니멀, 캐주얼",,
3,koko.iron,반팔 티,,데님팬츠,구두/로퍼,,2024년 4월 18일,70,180,"미니멀, 캐주얼",,
3,koko.iron,반팔 티,,데님팬츠,스니커즈/캔버스,기타 모자,2024년 4월 17일,70,180,"미니멀, 캐주얼",,
3,koko.iron,"니트, 반팔 티",,데님팬츠,스니커즈/캔버스,,2024년 4월 16일,70,180,"미니멀, 캐주얼",,
3,koko.iron,"맨투맨, 반팔 티",,면바지,스니커즈/캔버스,기타 모자,2024년 4월 15일,70,180,"미니멀, 캐주얼",,
3,koko.iron,반팔 티,집업,데님팬츠,스니커즈/캔버스,기타 모자,2024년 4월 14일,70,180,"미니멀, 캐주얼",,
3,koko.iron,반팔 티,,데님팬츠,구두/로퍼,,2024년 4월 13일,70,180,"미니멀, 캐주얼",,
3,koko.iron,반팔 티,,면바지,샌들/슬리퍼,,2024년 4월 12일,70,180,"미니멀, 캐주얼",,
3,koko.iron,반팔 티,재킷,데님팬츠,스니커즈/캔버스,기타 모자,2024년 4월 11일,70,180,"미니멀, 캐주얼",,
3,koko.iron,반팔 티,재킷,데님팬츠,스니커즈/캔버스,,2024년 4월 10일,70,180,"미니멀, 캐주얼",,
3,koko.iron,반팔 티,,데님팬츠,스니커즈/캔버스,기타 모자,2024년 4월 9일,70,180,"미니멀, 캐주얼",,
3,koko.iron,"반팔 티, 후드티",,데님팬츠,스니커즈/캔버스,기타 모자,2024년 4월 8일,70,180,"미니멀, 캐주얼",,
3,koko.iron,반팔 티,재킷,데님팬츠,스니커즈/캔버스,,2024년 4월 7일,70,180,"미니멀, 캐주얼",,
3,koko.iron,반팔 티,집업,데님팬츠,스니커즈/캔버스,기타 모자,2024년 4월 6일,70,180,"미니멀, 캐주얼",,
3,koko.iron,"맨투맨, 반팔 티",재킷,데님팬츠,스니커즈/캔버스,기타 모자,2024년 4월 5일,70,180,"미니멀, 캐주얼",,
3,koko.iron,반팔 티,재킷,면바지,스니커즈/캔버스,,2024년 4월 4일,70,180,"미니멀, 캐주얼",,
3,koko.iron,"반팔 티, 셔츠/블라우스",,데님팬츠,스니커즈/캔버스,,2024년 4월 1일,70,180,"미니멀, 캐주얼",,
3,koko.iron,"반팔 티, 셔츠/블라우스",,데님팬츠,스니커즈/캔버스,기타 모자,2024년 3월 31일,70,180,"미니멀, 캐주얼",,
3,koko.iron,반팔 티,"재킷, 집업",데님팬츠,스니커즈/캔버스,기타 모자,2024년 3월 31일,70,180,"미니멀, 캐주얼",,
3,koko.iron,"반팔 티, 셔츠/블라우스",,데님팬츠,스니커즈/캔버스,,2024년 3월 28일,70,180,"미니멀, 캐주얼",,
3,koko.iron,"반팔 티, 셔츠/블라우스",점퍼,데님팬츠,스니커즈/캔버스,,2024년 3월 25일,70,180,"미니멀, 캐주얼",,
3,koko.iron,"니트, 반팔 티, 셔츠/블라우스",,데님팬츠,레더부츠,,2024년 3월 22일,70,180,"미니멀, 캐주얼",,
3,koko.iron,"맨투맨, 반팔 티",,카고바지,스니커즈/캔버스,비니,2024년 3월 20일,70,180,"미니멀, 캐주얼",,
3,koko.iron,"니트, 반팔 티",재킷,면바지,구두/로퍼,,2024년 3월 18일,70,180,"미니멀, 캐주얼",,
3,koko.iron,"맨투맨, 반팔 티",,데님팬츠,구두/로퍼,,2024년 3월 17일,70,180,"미니멀, 캐주얼",,
3,koko.iron,긴팔 티,바람막이,데님팬츠,스니커즈/캔버스,,2024년 3월 13일,70,180,"미니멀, 캐주얼",,
3,koko.iron,"반팔 티, 후드티",,면바지,스니커즈/캔버스,,2024년 3월 11일,70,180,"미니멀, 캐주얼",,
3,koko.iron,"맨투맨, 반팔 티",,데님팬츠,스니커즈/캔버스,,2024년 3월 8일,70,180,"미니멀, 캐주얼",,
3,koko.iron,긴팔 티,재킷,데님팬츠,스니커즈/캔버스,,2024년 3월 6일,70,180,"미니멀, 캐주얼",,
3,koko.iron,"반팔 티, 셔츠/블라우스",재킷,데님팬츠,레더부츠,,2024년 3월 4일,70,180,"미니멀, 캐주얼",,
3,koko.iron,"긴팔 티, 셔츠/블라우스",,데님팬츠,스니커즈/캔버스,,2024년 3월 4일,70,180,"미니멀, 캐주얼",,
3,koko.iron,긴팔 티,재킷,데님팬츠,스니커즈/캔버스,,2024년 2월 25일,70,180,"미니멀, 캐주얼",,
3,koko.iron,긴팔 티,가디건,데님팬츠,스니커즈/캔버스,,2024년 2월 23일,70,180,"미니멀, 캐주얼",,
3,koko.iron,긴팔 티,가디건,데님팬츠,스니커즈/캔버스,,2024년 2월 21일,70,180,"미니멀, 캐주얼",,
3,koko.iron,긴팔 티,바람막이,데님팬츠,스니커즈/캔버스,비니,2024년 2월 19일,70,180,"미니멀, 캐주얼",,
3,koko.iron,긴팔 티,"집업, 패딩",트레이닝/조거 팬츠,레더부츠,,2024년 2월 16일,70,180,"미니멀, 캐주얼",,
3,koko.iron,긴팔 티,재킷,데님팬츠,스니커즈/캔버스,,2024년 2월 12일,70,180,"미니멀, 캐주얼",,
3,koko.iron,긴팔 티,재킷,데님팬츠,스니커즈/캔버스,,2024년 2월 8일,70,180,"미니멀, 캐주얼",,
3,koko.iron,긴팔 티,재킷,데님팬츠,구두/로퍼,,2024년 2월 7일,70,180,"미니멀, 캐주얼",,
3,koko.iron,"맨투맨, 반팔 티",,데님팬츠,스니커즈/캔버스,,2024년 2월 4일,70,180,"미니멀, 캐주얼",,
3,koko.iron,"맨투맨, 반팔 티",,데님팬츠,스니커즈/캔버스,,2024년 2월 2일,70,180,"미니멀, 캐주얼",,
3,koko.iron,"반팔 티, 셔츠/블라우스",,데님팬츠,스니커즈/캔버스,,2024년 1월 31일,70,180,"미니멀, 캐주얼",,
3,koko.iron,"긴팔 티, 니트",코트,면바지,구두/로퍼,,2024년 1월 29일,70,180,"미니멀, 캐주얼",,
3,koko.iron,"니트, 반팔 티",패딩,트레이닝/조거 팬츠,구두/로퍼,,2024년 1월 26일,70,180,"미니멀, 캐주얼",,
3,koko.iron,긴팔 티,패딩,데님팬츠,구두/로퍼,머플러,2024년 1월 24일,70,180,"미니멀, 캐주얼",,
3,koko.iron,"맨투맨, 반팔 티",코트,트레이닝/조거 팬츠,운동화,,2024년 1월 19일,70,180,"미니멀, 캐주얼",,
3,koko.iron,맨투맨,패딩,트레이닝/조거 팬츠,스니커즈/캔버스,장목양말,2024년 1월 17일,70,180,"미니멀, 캐주얼",,
3,koko.iron,"니트, 반팔 티",코트,면바지,레더부츠,,2024년 1월 15일,70,180,"미니멀, 캐주얼",,
3,koko.iron,"니트, 반팔 티",코트,데님팬츠,구두/로퍼,,2024년 1월 9일,70,180,"미니멀, 캐주얼",,
3,koko.iron,긴팔 티,"집업, 패딩",데님팬츠,구두/로퍼,,2024년 1월 8일,70,180,"미니멀, 캐주얼",,
3,koko.iron,"맨투맨, 반팔 티",코트,데님팬츠,스니커즈/캔버스,,2024년 1월 6일,70,180,"미니멀, 캐주얼",,
3,koko.iron,"반팔 티, 후드티",코트,트레이닝/조거 팬츠,운동화,장목양말,2024년 1월 5일,70,180,"미니멀, 캐주얼",,
3,koko.iron,맨투맨,패딩,트레이닝/조거 팬츠,스니커즈/캔버스,,2024년 1월 3일,70,180,"미니멀, 캐주얼",,
3,koko.iron,긴팔 티,집업,데님팬츠,스니커즈/캔버스,,2024년 1월 2일,70,180,"미니멀, 캐주얼",,
3,koko.iron,"맨투맨, 반팔 티",코트,데님팬츠,스니커즈/캔버스,,2023년 12월 31일,70,180,"미니멀, 캐주얼",,
3,koko.iron,"니트, 반팔 티",코트,면바지,스니커즈/캔버스,,2023년 12월 29일,70,180,"미니멀, 캐주얼",,
3,koko.iron,"니트, 반팔 티",코트,데님팬츠,구두/로퍼,,2023년 12월 23일,70,180,"미니멀, 캐주얼",,
3,koko.iron,"맨투맨, 후드티",점퍼,데님팬츠,스니커즈/캔버스,,2023년 12월 22일,70,180,"미니멀, 캐주얼",,
3,koko.iron,맨투맨,패딩,데님팬츠,스니커즈/캔버스,,2023년 12월 21일,70,180,"미니멀, 캐주얼",,
3,koko.iron,긴팔 티,"집업, 코트",데님팬츠,스니커즈/캔버스,,2023년 12월 20일,70,180,"미니멀, 캐주얼",,
3,koko.iron,"니트, 반팔 티",코트,면바지,스니커즈/캔버스,머플러,2023년 12월 18일,70,180,"미니멀, 캐주얼",,
3,koko.iron,"니트, 반팔 티","가디건, 코트",데님팬츠,구두/로퍼,머플러,2023년 12월 17일,70,180,"미니멀, 캐주얼",,
3,koko.iron,맨투맨,패딩,데님팬츠,스니커즈/캔버스,머플러,2023년 12월 15일,70,180,"미니멀, 캐주얼",,
3,koko.iron,"반팔 티, 셔츠/블라우스",집업,데님팬츠,스니커즈/캔버스,,2023년 12월 14일,70,180,"미니멀, 캐주얼",,
3,koko.iron,"긴팔 티, 니트",패딩조끼,데님팬츠,구두/로퍼,,2023년 12월 13일,70,180,"미니멀, 캐주얼",,
3,koko.iron,"맨투맨, 반팔 티",점퍼,카고바지,운동화,,2023년 12월 11일,70,180,"미니멀, 캐주얼",,
3,koko.iron,"긴팔 티, 맨투맨",,면바지,스니커즈/캔버스,,2023년 12월 8일,70,180,"미니멀, 캐주얼",,
3,koko.iron,긴팔 티,코트,데님팬츠,스니커즈/캔버스,머플러,2023년 11월 26일,70,180,"미니멀, 캐주얼",,
3,koko.iron,"니트, 반팔 티",패딩,데님팬츠,구두/로퍼,,2023년 11월 25일,70,180,"미니멀, 캐주얼",,
3,koko.iron,긴팔 티,코트,데님팬츠,스니커즈/캔버스,,2023년 11월 24일,70,180,"미니멀, 캐주얼",,
3,koko.iron,후드티,코트,데님팬츠,스니커즈/캔버스,머플러,2023년 11월 22일,70,180,"미니멀, 캐주얼",,
3,koko.iron,후드티,점퍼,면바지,스니커즈/캔버스,,2023년 11월 21일,70,180,"미니멀, 캐주얼",,
3,koko.iron,후드티,코트,트레이닝/조거 팬츠,구두/로퍼,,2023년 11월 20일,70,180,"미니멀, 캐주얼",,
3,koko.iron,긴팔 티,"점퍼, 패딩조끼",트레이닝/조거 팬츠,스니커즈/캔버스,,2023년 11월 18일,70,180,"미니멀, 캐주얼",,
3,koko.iron,"긴팔 티, 니트",,트레이닝/조거 팬츠,스니커즈/캔버스,,2023년 11월 17일,70,180,"미니멀, 캐주얼",,
3,koko.iron,니트 2,,데님팬츠,스니커즈/캔버스,,2023년 11월 17일,70,180,"미니멀, 캐주얼",,
3,koko.iron,"긴팔 티, 니트",,데님팬츠,구두/로퍼,,2023년 11월 16일,70,180,"미니멀, 캐주얼",,
3,koko.iron,맨투맨,패딩,데님팬츠,스니커즈/캔버스,,2023년 11월 15일,70,180,"미니멀, 캐주얼",,
3,koko.iron,"니트, 반팔 티",재킷,트레이닝/조거 팬츠,스니커즈/캔버스,,2023년 11월 15일,70,180,"미니멀, 캐주얼",,
3,koko.iron,"니트, 반팔 티",집업,트레이닝/조거 팬츠,운동화,기타 모자,2023년 11월 14일,70,180,"미니멀, 캐주얼",,
3,koko.iron,긴팔 티,코트,데님팬츠,레더부츠,머플러,2023년 11월 13일,70,180,"미니멀, 캐주얼",,
3,koko.iron,"니트, 반팔 티",,면바지,구두/로퍼,,2023년 11월 11일,70,180,"미니멀, 캐주얼",,
3,koko.iron,"맨투맨, 반팔 티",,데님팬츠,구두/로퍼,,2023년 11월 10일,70,180,"미니멀, 캐주얼",,
3,koko.iron,"니트, 반팔 티",,카고바지,스니커즈/캔버스,,2023년 11월 9일,70,180,"미니멀, 캐주얼",,
3,koko.iron,맨투맨,,면바지,스니커즈/캔버스,,2023년 11월 8일,70,180,"미니멀, 캐주얼",,
3,koko.iron,"니트, 반팔 티",재킷,면바지,스니커즈/캔버스,,2023년 11월 7일,70,180,"미니멀, 캐주얼",,
3,koko.iron,반팔 티,가디건,데님팬츠,스니커즈/캔버스,,2023년 11월 6일,70,180,"미니멀, 캐주얼",,
3,koko.iron,반팔 티,재킷,데님팬츠,레더부츠,,2023년 11월 6일,70,180,"미니멀, 캐주얼",,
3,koko.iron,반팔 티,재킷,데님팬츠,구두/로퍼,,2023년 11월 3일,70,180,"미니멀, 캐주얼",,
3,koko.iron,후드티,패딩조끼,데님팬츠,스니커즈/캔버스,기타 모자,2023년 11월 2일,70,180,"미니멀, 캐주얼",,
3,koko.iron,"니트, 반팔 티",,데님팬츠,구두/로퍼,,2023년 11월 1일,70,180,"미니멀, 캐주얼",,
3,koko.iron,맨투맨,,면바지,스니커즈/캔버스,,2023년 10월 31일,70,180,"미니멀, 캐주얼",,
3,koko.iron,"니트, 반팔 티",,데님팬츠,스니커즈/캔버스,머플러,2023년 10월 30일,70,180,"미니멀, 캐주얼",,
3,koko.iron,"니트, 반팔 티, 셔츠/블라우스",,데님팬츠,구두/로퍼,,2023년 10월 28일,70,180,"미니멀, 캐주얼",,
3,koko.iron,반팔 티,집업,데님팬츠,구두/로퍼,,2023년 10월 27일,70,180,"미니멀, 캐주얼",,
3,koko.iron,긴팔 티,재킷,데님팬츠,스니커즈/캔버스,,2023년 10월 26일,70,180,"미니멀, 캐주얼",,
3,koko.iron,반팔 티,재킷,데님팬츠,스니커즈/캔버스,,2023년 10월 25일,70,180,"미니멀, 캐주얼",,
3,koko.iron,"반팔 티, 후드티",패딩조끼,데님팬츠,스니커즈/캔버스,기타 모자,2023년 10월 24일,70,180,"미니멀, 캐주얼",,
3,koko.iron,"맨투맨, 반팔 티",,데님팬츠,구두/로퍼,,2023년 10월 23일,70,180,"미니멀, 캐주얼",,
3,koko.iron,"맨투맨, 반팔 티",,카고바지,운동화,,2023년 10월 22일,70,180,"미니멀, 캐주얼",,
3,koko.iron,"니트, 반팔 티",,트레이닝/조거 팬츠,운동화,,2023년 10월 19일,70,180,"미니멀, 캐주얼",,
3,koko.iron,긴팔 티,집업,데님팬츠,운동화,,2023년 10월 19일,70,180,"미니멀, 캐주얼",,
3,koko.iron,"니트, 반팔 티",,데님팬츠,스니커즈/캔버스,,2023년 10월 19일,70,180,"미니멀, 캐주얼",,
3,koko.iron,"긴팔 티, 반팔 티",,데님팬츠,구두/로퍼,,2023년 10월 16일,70,180,"미니멀, 캐주얼",,
3,koko.iron,"반팔 티, 후드티",,데님팬츠,스니커즈/캔버스,,2023년 10월 16일,70,180,"미니멀, 캐주얼",,
3,koko.iron,"맨투맨, 반팔 티",,데님팬츠,스니커즈/캔버스,,2023년 10월 13일,70,180,"미니멀, 캐주얼",,
3,koko.iron,"맨투맨, 반팔 티",,면바지,구두/로퍼,,2023년 10월 13일,70,180,"미니멀, 캐주얼",,
3,koko.iron,"맨투맨, 반팔 티",,데님팬츠,스니커즈/캔버스,,2023년 10월 12일,70,180,"미니멀, 캐주얼",,
3,koko.iron,"맨투맨, 반팔 티",,트레이닝/조거 팬츠,운동화,,2023년 10월 11일,70,180,"미니멀, 캐주얼",,
3,koko.iron,"니트, 반팔 티",,데님팬츠,구두/로퍼,,2023년 10월 10일,70,180,"미니멀, 캐주얼",,
3,koko.iron,"맨투맨, 반팔 티",,데님팬츠,스니커즈/캔버스,,2023년 10월 9일,70,180,"미니멀, 캐주얼",,
3,koko.iron,"맨투맨, 반팔 티",,데님팬츠,스니커즈/캔버스,기타 모자,2023년 10월 8일,70,180,"미니멀, 캐주얼",,
3,koko.iron,"맨투맨, 반팔 티",,면바지,운동화,,2023년 10월 8일,70,180,"미니멀, 캐주얼",,
3,koko.iron,반팔 티,재킷,데님팬츠,레더부츠,,2023년 10월 6일,70,180,"미니멀, 캐주얼",,
3,koko.iron,"니트, 반팔 티",재킷,데님팬츠,구두/로퍼,,2023년 10월 5일,70,180,"미니멀, 캐주얼",,
3,koko.iron,"니트, 반팔 티",,반바지,구두/로퍼,,2023년 10월 3일,70,180,"미니멀, 캐주얼",,
3,koko.iron,"니트, 반팔 티",,면바지,스니커즈/캔버스,,2023년 10월 2일,70,180,"미니멀, 캐주얼",,
3,koko.iron,반팔 티,재킷,데님팬츠,스니커즈/캔버스,,2023년 10월 1일,70,180,"미니멀, 캐주얼",,
3,koko.iron,"니트, 반팔 티",,데님팬츠,스니커즈/캔버스,,2023년 9월 30일,70,180,"미니멀, 캐주얼",,
3,koko.iron,"반팔 티, 셔츠/블라우스",,면바지,스니커즈/캔버스,,2023년 9월 28일,70,180,"미니멀, 캐주얼",,
3,koko.iron,"니트, 반팔 티",,데님팬츠,스니커즈/캔버스,,2023년 9월 27일,70,180,"미니멀, 캐주얼",,
3,koko.iron,"니트, 반팔 티",,반바지,스니커즈/캔버스,장목양말,2023년 9월 26일,70,180,"미니멀, 캐주얼",,
3,koko.iron,반팔 티,재킷,데님팬츠,구두/로퍼,,2023년 9월 25일,70,180,"미니멀, 캐주얼",,
3,koko.iron,"맨투맨, 반팔 티",,데님팬츠,스니커즈/캔버스,,2023년 9월 22일,70,180,"미니멀, 캐주얼",,
3,koko.iron,긴팔 티,재킷,반바지,구두/로퍼,"기타 모자, 장목양말",2023년 9월 21일,70,180,"미니멀, 캐주얼",,
3,koko.iron,"니트, 반팔 티",,데님팬츠,스니커즈/캔버스,,2023년 9월 20일,70,180,"미니멀, 캐주얼",,
3,koko.iron,후드티,,반바지,구두/로퍼,,2023년 9월 19일,70,180,"미니멀, 캐주얼",,
3,koko.iron,긴팔 티,,데님팬츠,스니커즈/캔버스,,2023년 9월 18일,70,180,"미니멀, 캐주얼",,
3,koko.iron,반팔 티,가디건,면바지,스니커즈/캔버스,,2023년 9월 16일,70,180,"미니멀, 캐주얼",,
3,koko.iron,긴팔 티,,반바지,구두/로퍼,장목양말,2023년 9월 15일,70,180,"미니멀, 캐주얼",,
3,koko.iron,"니트, 반팔 티",,데님팬츠,레더부츠,,2023년 9월 14일,70,180,"미니멀, 캐주얼",,
3,koko.iron,반팔 티,재킷,면바지,스니커즈/캔버스,,2023년 9월 13일,70,180,"미니멀, 캐주얼",,
3,koko.iron,"반팔 티, 셔츠/블라우스",,면바지,구두/로퍼,,2023년 9월 12일,70,180,"미니멀, 캐주얼",,
3,koko.iron,"반팔 티, 셔츠/블라우스",,데님팬츠,운동화,,2023년 9월 12일,70,180,"미니멀, 캐주얼",,
3,koko.iron,"맨투맨, 반팔 티",,트레이닝/조거 팬츠,스니커즈/캔버스,비니,2023년 9월 9일,70,180,"미니멀, 캐주얼",,
3,koko.iron,반팔 티,,면바지,스니커즈/캔버스,,2023년 9월 9일,70,180,"미니멀, 캐주얼",,
3,koko.iron,"반팔 티, 셔츠/블라우스",,반바지,구두/로퍼,장목양말,2023년 9월 7일,70,180,"미니멀, 캐주얼",,
3,koko.iron,"맨투맨, 반팔 티",,트레이닝/조거 팬츠,스니커즈/캔버스,,2023년 9월 6일,70,180,"미니멀, 캐주얼",,
3,koko.iron,"반팔 티, 셔츠/블라우스",,데님팬츠,구두/로퍼,,2023년 9월 5일,70,180,"미니멀, 캐주얼",,
3,koko.iron,반팔 티,,데님팬츠,스니커즈/캔버스,,2023년 9월 4일,70,180,"미니멀, 캐주얼",,
3,koko.iron,반팔 티,바람막이,반바지,운동화,"기타 모자, 장목양말",2023년 9월 2일,70,180,"미니멀, 캐주얼",,
3,koko.iron,반팔 티,,반바지,스니커즈/캔버스,,2023년 9월 1일,70,180,"미니멀, 캐주얼",,
3,koko.iron,"반팔 티, 셔츠/블라우스",,반바지,스니커즈/캔버스,,2023년 8월 31일,70,180,"미니멀, 캐주얼",,
3,koko.iron,반팔 티,,반바지,스니커즈/캔버스,장목양말,2023년 8월 30일,70,180,"미니멀, 캐주얼",,
3,koko.iron,"반팔 셔츠/블라우스, 반팔 티",,반바지,스니커즈/캔버스,장목양말,2023년 8월 29일,70,180,"미니멀, 캐주얼",,
3,koko.iron,반팔 티,재킷,반바지,구두/로퍼,장목양말,2023년 8월 29일,70,180,"미니멀, 캐주얼",,
3,koko.iron,"반팔 티, 셔츠/블라우스",,데님팬츠,스니커즈/캔버스,,2023년 8월 28일,70,180,"미니멀, 캐주얼",,
3,koko.iron,"반팔 티, 셔츠/블라우스",,반바지,구두/로퍼,장목양말,2023년 8월 27일,70,180,"미니멀, 캐주얼",,
3,koko.iron,반팔 티,,면바지,스니커즈/캔버스,,2023년 8월 25일,70,180,"미니멀, 캐주얼",,
3,koko.iron,긴팔 티,,데님팬츠,스니커즈/캔버스,,2023년 8월 24일,70,180,"미니멀, 캐주얼",,
3,koko.iron,반팔 티,,데님팬츠,구두/로퍼,,2023년 8월 23일,70,180,"미니멀, 캐주얼",,
3,koko.iron,반팔 티,,반바지,샌들/슬리퍼,,2023년 8월 22일,70,180,"미니멀, 캐주얼",,
3,koko.iron,"반팔 셔츠/블라우스, 반팔 티",,면바지,구두/로퍼,,2023년 8월 21일,70,180,"미니멀, 캐주얼",,
3,koko.iron,"반팔 셔츠/블라우스, 반팔 티",,면바지,스니커즈/캔버스,,2023년 8월 19일,70,180,"미니멀, 캐주얼",,
3,koko.iron,"반팔 티, 셔츠/블라우스",,반바지,구두/로퍼,,2023년 8월 19일,70,180,"미니멀, 캐주얼",,
3,koko.iron,반팔 티,,데님팬츠,스니커즈/캔버스,,2023년 8월 17일,70,180,"미니멀, 캐주얼",,
3,koko.iron,반팔 티,,반바지,스니커즈/캔버스,장목양말,2023년 8월 16일,70,180,"미니멀, 캐주얼",,
3,koko.iron,반팔 티,,면바지,스니커즈/캔버스,,2023년 8월 16일,70,180,"미니멀, 캐주얼",,
3,koko.iron,"반팔 티, 셔츠/블라우스",,데님팬츠,스니커즈/캔버스,,2023년 8월 14일,70,180,"미니멀, 캐주얼",,
3,koko.iron,반팔 티,,데님팬츠,운동화,,2023년 8월 11일,70,180,"미니멀, 캐주얼",,
3,koko.iron,맨투맨,,반바지,샌들/슬리퍼,,2023년 8월 10일,70,180,"미니멀, 캐주얼",,
3,koko.iron,"반팔 셔츠/블라우스, 반팔 티",,반바지,샌들/슬리퍼,기타 모자,2023년 8월 9일,70,180,"미니멀, 캐주얼",,
3,koko.iron,반팔 티,,데님팬츠,스니커즈/캔버스,,2023년 8월 8일,70,180,"미니멀, 캐주얼",,
3,koko.iron,반팔 티,,면바지,스니커즈/캔버스,,2023년 8월 7일,70,180,"미니멀, 캐주얼",,
3,koko.iron,반팔 티,,면바지,샌들/슬리퍼,,2023년 8월 4일,70,180,"미니멀, 캐주얼",,
3,koko.iron,긴팔 티,,반바지,샌들/슬리퍼,,2023년 8월 3일,70,180,"미니멀, 캐주얼",,
3,koko.iron,반팔 티,,반바지,운동화,장목양말,2023년 8월 1일,70,180,"미니멀, 캐주얼",,
3,koko.iron,"반팔 셔츠/블라우스, 반팔 티",,데님팬츠,샌들/슬리퍼,,2023년 7월 31일,70,180,"미니멀, 캐주얼",,
3,koko.iron,"반팔 티, 셔츠/블라우스",,데님팬츠,운동화,,2023년 7월 28일,70,180,"미니멀, 캐주얼",,
3,koko.iron,반팔 티,,데님팬츠,운동화,,2023년 7월 27일,70,180,"미니멀, 캐주얼",,
3,koko.iron,반팔 티,,반바지,샌들/슬리퍼,기타 모자,2023년 7월 26일,70,180,"미니멀, 캐주얼",,
3,koko.iron,반팔 티,,데님팬츠,구두/로퍼,,2023년 7월 25일,70,180,"미니멀, 캐주얼",,
3,koko.iron,반팔 티,,면바지,스니커즈/캔버스,,2023년 7월 24일,70,180,"미니멀, 캐주얼",,
3,koko.iron,반팔 티,,데님팬츠,구두/로퍼,,2023년 7월 21일,70,180,"미니멀, 캐주얼",,
3,koko.iron,반팔 티,,데님팬츠,샌들/슬리퍼,,2023년 7월 20일,70,180,"미니멀, 캐주얼",,
3,koko.iron,반팔 티,,반바지,스니커즈/캔버스,장목양말,2023년 7월 19일,70,180,"미니멀, 캐주얼",,
3,koko.iron,반팔 티,,데님팬츠,스니커즈/캔버스,,2023년 7월 18일,70,180,"미니멀, 캐주얼",,
3,koko.iron,반팔 티,,반바지,샌들/슬리퍼,,2023년 7월 17일,70,180,"미니멀, 캐주얼",,
3,koko.iron,반팔 티,,반바지,운동화,장목양말,2023년 7월 14일,70,180,"미니멀, 캐주얼",,
3,koko.iron,반팔 티,,데님팬츠,스니커즈/캔버스,,2023년 7월 13일,70,180,"미니멀, 캐주얼",,
3,koko.iron,반팔 티,,데님팬츠,스니커즈/캔버스,,2023년 7월 12일,70,180,"미니멀, 캐주얼",,
3,koko.iron,반팔 티,,데님팬츠,스니커즈/캔버스,,2023년 7월 11일,70,180,"미니멀, 캐주얼",,
3,koko.iron,반팔 티,,반바지,스니커즈/캔버스,장목양말,2023년 7월 10일,70,180,"미니멀, 캐주얼",,
3,koko.iron,반팔 티,,반바지,샌들/슬리퍼,,2023년 7월 7일,70,180,"미니멀, 캐주얼",,
3,koko.iron,반팔 티,,데님팬츠,구두/로퍼,,2023년 7월 6일,70,180,"미니멀, 캐주얼",,
3,koko.iron,반팔 티,,데님팬츠,운동화,,2023년 7월 5일,70,180,"미니멀, 캐주얼",,
3,koko.iron,반팔 티,,데님팬츠,스니커즈/캔버스,,2023년 7월 4일,70,180,"미니멀, 캐주얼",,
3,koko.iron,반팔 티,,반바지,스니커즈/캔버스,장목양말,2023년 7월 3일,70,180,"미니멀, 캐주얼",,
3,koko.iron,반팔 티 2,,데님팬츠,스니커즈/캔버스,,2023년 7월 1일,70,180,"미니멀, 캐주얼",,
3,koko.iron,"반팔 티, 셔츠/블라우스",,반바지,구두/로퍼,장목양말,2023년 6월 30일,70,180,"미니멀, 캐주얼",,
3,koko.iron,반팔 티,,트레이닝/조거 팬츠,샌들/슬리퍼,기타 모자,2023년 6월 29일,70,180,"미니멀, 캐주얼",,
3,koko.iron,반팔 티,,면바지,스니커즈/캔버스,,2023년 6월 28일,70,180,"미니멀, 캐주얼",,
3,koko.iron,반팔 티,,데님팬츠,스니커즈/캔버스,,2023년 6월 27일,70,180,"미니멀, 캐주얼",,
3,koko.iron,반팔 티 2,,면바지,샌들/슬리퍼,,2023년 6월 26일,70,180,"미니멀, 캐주얼",,
3,koko.iron,반팔 티,,데님팬츠,스니커즈/캔버스,,2023년 6월 25일,70,180,"미니멀, 캐주얼",,
3,koko.iron,반팔 티,,데님팬츠,스니커즈/캔버스,,2023년 6월 23일,70,180,"미니멀, 캐주얼",,
3,koko.iron,"긴팔 티, 반팔 티",,반바지,스니커즈/캔버스,장목양말,2023년 6월 22일,70,180,"미니멀, 캐주얼",,
3,koko.iron,반팔 티,,면바지,스니커즈/캔버스,,2023년 6월 21일,70,180,"미니멀, 캐주얼",,
3,koko.iron,반팔 티,,반바지,샌들/슬리퍼,,2023년 6월 20일,70,180,"미니멀, 캐주얼",,
3,koko.iron,반팔 티,,반바지,스니커즈/캔버스,,2023년 6월 19일,70,180,"미니멀, 캐주얼",,
3,koko.iron,반팔 티,,데님팬츠,스니커즈/캔버스,,2023년 6월 18일,70,180,"미니멀, 캐주얼",,
3,koko.iron,"반팔 티, 셔츠/블라우스",,반바지,샌들/슬리퍼,,2023년 6월 16일,70,180,"미니멀, 캐주얼",,
3,koko.iron,반팔 티,,반바지,스니커즈/캔버스,장목양말,2023년 6월 15일,70,180,"미니멀, 캐주얼",,
3,koko.iron,반팔 티,,데님팬츠,스니커즈/캔버스,,2023년 6월 14일,70,180,"미니멀, 캐주얼",,
3,koko.iron,반팔 티,,면바지,스니커즈/캔버스,,2023년 6월 13일,70,180,"미니멀, 캐주얼",,
3,koko.iron,반팔 티,,데님팬츠,스니커즈/캔버스,,2023년 6월 12일,70,180,"미니멀, 캐주얼",,
3,koko.iron,반팔 티,,반바지,스니커즈/캔버스,장목양말,2023년 6월 10일,70,180,"미니멀, 캐주얼",,
3,koko.iron,반팔 티,,데님팬츠,스니커즈/캔버스,,2023년 6월 9일,70,180,"미니멀, 캐주얼",,
3,koko.iron,반팔 티,,반바지,운동화,장목양말,2023년 6월 8일,70,180,"미니멀, 캐주얼",,
3,koko.iron,반팔 티,,면바지,샌들/슬리퍼,,2023년 6월 6일,70,180,"미니멀, 캐주얼",,
3,koko.iron,반팔 티,,데님팬츠,샌들/슬리퍼,,2023년 6월 5일,70,180,"미니멀, 캐주얼",,
3,koko.iron,반팔 티,,반바지,스니커즈/캔버스,장목양말,2023년 6월 4일,70,180,"미니멀, 캐주얼",,
3,koko.iron,반팔 티,,데님팬츠,스니커즈/캔버스,,2023년 6월 3일,70,180,"미니멀, 캐주얼",,
3,koko.iron,"반팔 티, 셔츠/블라우스",,데님팬츠,스니커즈/캔버스,,2023년 6월 2일,70,180,"미니멀, 캐주얼",,
3,koko.iron,반팔 티,,데님팬츠,스니커즈/캔버스,,2023년 6월 1일,70,180,"미니멀, 캐주얼",,
3,koko.iron,반팔 티,,면바지,스니커즈/캔버스,,2023년 5월 31일,70,180,"미니멀, 캐주얼",,
3,koko.iron,반팔 티,,데님팬츠,스니커즈/캔버스,,2023년 5월 30일,70,180,"미니멀, 캐주얼",,
3,koko.iron,"반팔 티, 셔츠/블라우스",,면바지,스니커즈/캔버스,,2023년 5월 30일,70,180,"미니멀, 캐주얼",,
3,koko.iron,"반팔 셔츠/블라우스, 반팔 티",,데님팬츠,스니커즈/캔버스,,2023년 5월 28일,70,180,"미니멀, 캐주얼",,
3,koko.iron,반팔 티,,면바지,운동화,,2023년 5월 28일,70,180,"미니멀, 캐주얼",,
3,koko.iron,반팔 셔츠/블라우스,,데님팬츠,스니커즈/캔버스,,2023년 5월 28일,70,180,"미니멀, 캐주얼",,
3,koko.iron,반팔 티,,데님팬츠,스니커즈/캔버스,,2023년 5월 27일,70,180,"미니멀, 캐주얼",,
3,koko.iron,긴팔 티,,데님팬츠,스니커즈/캔버스,,2023년 5월 26일,70,180,"미니멀, 캐주얼",,
3,koko.iron,반팔 티,,반바지,스니커즈/캔버스,,2023년 5월 25일,70,180,"미니멀, 캐주얼",,
3,koko.iron,반팔 티,,반바지,샌들/슬리퍼,,2023년 5월 24일,70,180,"미니멀, 캐주얼",,
3,koko.iron,반팔 티,,면바지,스니커즈/캔버스,,2023년 5월 23일,70,180,"미니멀, 캐주얼",,
3,koko.iron,반팔 티,,반바지,샌들/슬리퍼,,2023년 5월 22일,70,180,"미니멀, 캐주얼",,
3,koko.iron,반팔 티,,면바지,샌들/슬리퍼,,2023년 5월 21일,70,180,"미니멀, 캐주얼",,
3,koko.iron,반팔 티,조끼,반바지,샌들/슬리퍼,,2023년 5월 19일,70,180,"미니멀, 캐주얼",,
3,koko.iron,반팔 티,,면바지,구두/로퍼,,2023년 5월 18일,70,180,"미니멀, 캐주얼",,
3,koko.iron,"반팔 티, 셔츠/블라우스",,나일론 팬츠,운동화,,2023년 5월 17일,70,180,"미니멀, 캐주얼",,
3,koko.iron,"반팔 티, 후드티",,반바지,스니커즈/캔버스,장목양말,2023년 5월 16일,70,180,"미니멀, 캐주얼",,
3,koko.iron,반팔 티,,면바지,운동화,,2023년 5월 15일,70,180,"미니멀, 캐주얼",,
3,koko.iron,"반팔 티, 셔츠/블라우스",,데님팬츠,스니커즈/캔버스,,2023년 5월 14일,70,180,"미니멀, 캐주얼",,
3,koko.iron,반팔 티,재킷,데님팬츠,스니커즈/캔버스,,2023년 5월 12일,70,180,"미니멀, 캐주얼",,
3,koko.iron,"반팔 티, 셔츠/블라우스",,데님팬츠,운동화,,2023년 5월 11일,70,180,"미니멀, 캐주얼",,
3,koko.iron,맨투맨,,반바지,스니커즈/캔버스,장목양말,2023년 5월 10일,70,180,"미니멀, 캐주얼",,
3,koko.iron,후드티,,반바지,스니커즈/캔버스,,2023년 5월 10일,70,180,"미니멀, 캐주얼",,
3,koko.iron,반팔 티,가디건,데님팬츠,스니커즈/캔버스,,2023년 5월 9일,70,180,"미니멀, 캐주얼",,
3,koko.iron,긴팔 티,,데님팬츠,운동화,,2023년 5월 8일,70,180,"미니멀, 캐주얼",,
3,koko.iron,"반팔 티, 셔츠/블라우스",,면바지,레더부츠,,2023년 5월 7일,70,180,"미니멀, 캐주얼",,
3,koko.iron,반팔 티,,면바지,구두/로퍼,,2023년 5월 5일,70,180,"미니멀, 캐주얼",,
3,koko.iron,반팔 티,,데님팬츠,스니커즈/캔버스,,2023년 5월 4일,70,180,"미니멀, 캐주얼",,
3,koko.iron,반팔 티,가디건,반바지,구두/로퍼,장목양말,2023년 5월 3일,70,180,"미니멀, 캐주얼",,
3,koko.iron,"반팔 티, 셔츠/블라우스",,데님팬츠,스니커즈/캔버스,,2023년 5월 2일,70,180,"미니멀, 캐주얼",,
3,koko.iron,반팔 티,가디건,데님팬츠,스니커즈/캔버스,,2023년 5월 1일,70,180,"미니멀, 캐주얼",,
4,lewis_lemix,셔츠/블라우스,"가디건, 재킷, 코트",슬랙스,구두/로퍼,,2023년 1월 6일,105,177,클래식,,
4,lewis_lemix,"반팔 티, 셔츠/블라우스",재킷,데님팬츠,스니커즈/캔버스,,2023년 1월 27일,105,177,클래식,,
4,lewis_lemix,니트,재킷,슬랙스,구두/로퍼,,2023년 2월 8일,105,177,클래식,,
4,lewis_lemix,셔츠/블라우스,재킷,슬랙스,운동화,,2023년 3월 16일,105,177,클래식,,
4,lewis_lemix,셔츠/블라우스,재킷,데님팬츠,구두/로퍼,,2023년 3월 21일,105,177,클래식,,
4,lewis_lemix,셔츠/블라우스,재킷,슬랙스,스니커즈/캔버스,,2023년 4월 6일,105,177,클래식,,
4,lewis_lemix,셔츠/블라우스,재킷,슬랙스,구두/로퍼,,2023년 4월 25일,105,177,클래식,,
4,lewis_lemix,셔츠/블라우스,,데님팬츠,구두/로퍼,,2023년 8월 29일,105,177,클래식,,
4,lewis_lemix,셔츠/블라우스,,슬랙스,구두/로퍼,,2023년 9월 14일,105,177,클래식,,
4,lewis_lemix,셔츠/블라우스,재킷,데님팬츠,구두/로퍼,,2023년 9월 5일,105,177,클래식,,
4,lewis_lemix,셔츠/블라우스,점퍼,슬랙스,구두/로퍼,,2023년 10월 1일,105,177,클래식,,
4,lewis_lemix,셔츠/블라우스,재킷,데님팬츠,구두/로퍼,,2023년 10월 11일,105,177,클래식,,
4,lewis_lemix,긴팔 티,재킷,데님팬츠,구두/로퍼,,2023년 10월 24일,105,177,클래식,,
4,lewis_lemix,니트,"재킷, 코트",데님팬츠,구두/로퍼,,2023년 11월 8일,105,177,클래식,,
4,lewis_lemix,"니트, 셔츠/블라우스",재킷,데님팬츠,구두/로퍼,,2023년 11월 24일,105,177,클래식,,
4,lewis_lemix,긴팔 티,점퍼,데님팬츠,레인부츠,,2023년 11월 27일,105,177,클래식,,
4,lewis_lemix,"긴팔 티, 셔츠/블라우스",코트,데님팬츠,구두/로퍼,,2023년 12월 15일,105,177,클래식,,
4,lewis_lemix,"맨투맨, 셔츠/블라우스",재킷,데님팬츠,구두/로퍼,,2023년 11월 28일,105,177,클래식,,
4,lewis_lemix,"맨투맨, 셔츠/블라우스",코트,슬랙스,구두/로퍼,,2024년 1월 15일,105,177,클래식,,
4,lewis_lemix,"니트, 셔츠/블라우스",코트,데님팬츠,구두/로퍼,,2024년 1월 24일,105,177,클래식,,
4,lewis_lemix,셔츠/블라우스,"재킷, 패딩조끼",슬랙스,구두/로퍼,,2024년 2월 6일,105,177,클래식,,
4,lewis_lemix,긴팔 티,재킷,데님팬츠,스니커즈/캔버스,,2024년 2월 21일,105,177,클래식,,
5,co_mongg,셔츠/블라우스,재킷,슬랙스,구두/로퍼,,2023년 5월 11일,80,167,"아메카지, 클래식, 프레피",,
5,co_mongg,셔츠/블라우스,재킷,면바지,구두/로퍼,,2023년 5월 19일,80,167,"아메카지, 클래식, 프레피",,
5,co_mongg,"맨투맨, 반팔 티",,면바지,운동화,,2023년 5월 24일,80,167,"아메카지, 클래식, 프레피",,
5,co_mongg,후드티,재킷,면바지,스니커즈/캔버스,,2023년 4월 6일,80,167,"아메카지, 클래식, 프레피",,
5,co_mongg,반팔 티,,면바지,운동화,,2023년 4월 20일,80,167,"아메카지, 클래식, 프레피",,
5,co_mongg,긴팔 티,재킷,면바지,운동화,,2023년 5월 2일,80,167,"아메카지, 클래식, 프레피",,
5,co_mongg,반팔 티,,면바지,구두/로퍼,,2023년 5월 6일,80,167,"아메카지, 클래식, 프레피",,
5,co_mongg,반팔 티,,면바지,운동화,,2023년 6월 4일,80,167,"아메카지, 클래식, 프레피",,
5,co_mongg,반팔 티,,데님팬츠,운동화,,2023년 6월 13일,80,167,"아메카지, 클래식, 프레피",,
5,co_mongg,셔츠/블라우스,,반바지,샌들/슬리퍼,,2023년 6월 27일,80,167,"아메카지, 클래식, 프레피",,
5,co_mongg,반팔 티,,면바지,구두/로퍼,,2023년 6월 30일,80,167,"아메카지, 클래식, 프레피",,
5,co_mongg,반팔 티,,데님팬츠,구두/로퍼,,2023년 7월 4일,80,167,"아메카지, 클래식, 프레피",,
5,co_mongg,셔츠/블라우스,,데님팬츠,구두/로퍼,,2023년 8월 18일,80,167,"아메카지, 클래식, 프레피",,
5,co_mongg,반팔 티,,반바지,스니커즈/캔버스,,2023년 8월 22일,80,167,"아메카지, 클래식, 프레피",,
5,co_mongg,반팔 티,,면바지,스니커즈/캔버스,,2023년 8월 27일,80,167,"아메카지, 클래식, 프레피",,
5,co_mongg,셔츠/블라우스,,데님팬츠,구두/로퍼,기타 모자,2023년 9월 4일,80,167,"아메카지, 클래식, 프레피",,
5,co_mongg,반팔 티,재킷,트레이닝/조거 팬츠,스니커즈/캔버스,,2023년 9월 10일,80,167,"아메카지, 클래식, 프레피",,
5,co_mongg,셔츠/블라우스,재킷,데님팬츠,구두/로퍼,,2023년 9월 16일,80,167,"아메카지, 클래식, 프레피",,
5,co_mongg,셔츠/블라우스,"재킷, 조끼",슬랙스,구두/로퍼,,2023년 9월 23일,80,167,"아메카지, 클래식, 프레피",,
5,co_mongg,셔츠/블라우스,재킷,면바지,구두/로퍼,기타 모자,2023년 10월 6일,80,167,"아메카지, 클래식, 프레피",,
5,co_mongg,셔츠/블라우스,재킷,데님팬츠,구두/로퍼,스카프,2023년 10월 19일,80,167,"아메카지, 클래식, 프레피",,
5,co_mongg,셔츠/블라우스,재킷,데님팬츠,구두/로퍼,,2023년 10월 19일,80,167,"아메카지, 클래식, 프레피",,
5,co_mongg,"니트, 셔츠/블라우스",,면바지,스니커즈/캔버스,,2023년 10월 22일,80,167,"아메카지, 클래식, 프레피",,
5,co_mongg,니트,패딩,면바지,샌들/슬리퍼,,2023년 10월 26일,80,167,"아메카지, 클래식, 프레피",,
5,co_mongg,니트,재킷,면바지,구두/로퍼,기타 모자,2023년 11월 8일,80,167,"아메카지, 클래식, 프레피",,
5,co_mongg,후드티,"재킷, 패딩조끼",트레이닝/조거 팬츠,스니커즈/캔버스,기타 모자,2023년 12월 18일,80,167,"아메카지, 클래식, 프레피",,
5,co_mongg,"반팔 티, 후드티",패딩조끼,데님팬츠,스니커즈/캔버스,기타 모자,2023년 12월 22일,80,167,"아메카지, 클래식, 프레피",,
5,co_mongg,긴팔 티,"재킷, 점퍼",트레이닝/조거 팬츠,스니커즈/캔버스,머플러,2024년 1월 7일,80,167,"아메카지, 클래식, 프레피",,
5,co_mongg,긴팔 티,재킷,카고바지,구두/로퍼,,2024년 1월 13일,80,167,"아메카지, 클래식, 프레피",,
6,tt__yl,"니트, 셔츠/블라우스",재킷,면바지,운동화,기타 모자,2023년 4월 11일,71,181,"밀리터리, 아이비리그, 프레피",,
6,tt__yl,셔츠/블라우스,,면바지,운동화,기타 모자,2023년 5월 3일,71,181,"밀리터리, 아이비리그, 프레피",,
6,tt__yl,반팔 티,,데님팬츠,운동화,기타 모자,2023년 5월 15일,71,181,"밀리터리, 아이비리그, 프레피",,
6,tt__yl,반팔 티,,면바지,운동화,기타 모자,2023년 5월 24일,71,181,"밀리터리, 아이비리그, 프레피",,
6,tt__yl,반팔 티,,반바지,구두/로퍼,,2023년 6월 8일,71,181,"밀리터리, 아이비리그, 프레피",,
6,tt__yl,반팔 티,,데님팬츠,운동화,기타 모자,2023년 6월 16일,71,181,"밀리터리, 아이비리그, 프레피",,
6,tt__yl,반팔 티,,반바지,구두/로퍼,기타 모자,2023년 6월 26일,71,181,"밀리터리, 아이비리그, 프레피",,
6,tt__yl,반팔 티,,반바지,구두/로퍼,기타 모자,2023년 7월 4일,71,181,"밀리터리, 아이비리그, 프레피",,
6,tt__yl,반팔 티,,면바지,운동화,기타 모자,2023년 7월 12일,71,181,"밀리터리, 아이비리그, 프레피",,
6,tt__yl,반팔 티,,반바지,구두/로퍼,기타 모자,2023년 7월 24일,71,181,"밀리터리, 아이비리그, 프레피",,
6,tt__yl,반팔 티,,반바지,스니커즈/캔버스,기타 모자,2023년 7월 31일,71,181,"밀리터리, 아이비리그, 프레피",,
6,tt__yl,셔츠/블라우스,재킷,반바지,구두/로퍼,기타 모자,2023년 8월 18일,71,181,"밀리터리, 아이비리그, 프레피",,
6,tt__yl,셔츠/블라우스,,반바지,구두/로퍼,기타 모자,2023년 8월 24일,71,181,"밀리터리, 아이비리그, 프레피",,
6,tt__yl,셔츠/블라우스,,면바지,스니커즈/캔버스,기타 모자,2023년 9월 4일,71,181,"밀리터리, 아이비리그, 프레피",,
6,tt__yl,셔츠/블라우스,,면바지,스니커즈/캔버스,기타 모자,2023년 9월 16일,71,181,"밀리터리, 아이비리그, 프레피",,
6,tt__yl,셔츠/블라우스,재킷,면바지,구두/로퍼,,2023년 9월 23일,71,181,"밀리터리, 아이비리그, 프레피",,
6,tt__yl,반팔 티,점퍼,데님팬츠,구두/로퍼,기타 모자,2023년 10월 5일,71,181,"밀리터리, 아이비리그, 프레피",,
6,tt__yl,셔츠/블라우스,재킷,면바지,구두/로퍼,기타 모자,2023년 10월 12일,71,181,"밀리터리, 아이비리그, 프레피",,
6,tt__yl,"맨투맨, 셔츠/블라우스",,슬랙스,구두/로퍼,기타 모자,2023년 10월 22일,71,181,"밀리터리, 아이비리그, 프레피",,
6,tt__yl,"맨투맨, 셔츠/블라우스",재킷,슬랙스,스니커즈/캔버스,기타 모자,2023년 11월 4일,71,181,"밀리터리, 아이비리그, 프레피",,
6,tt__yl,셔츠/블라우스,재킷,면바지,구두/로퍼,기타 모자,2023년 11월 13일,71,181,"밀리터리, 아이비리그, 프레피",,
6,tt__yl,셔츠/블라우스,"재킷 2, 조끼",데님팬츠,구두/로퍼,기타 모자,2023년 12월 7일,71,181,"밀리터리, 아이비리그, 프레피",,
6,tt__yl,셔츠/블라우스,"재킷, 조끼, 코트",면바지,구두/로퍼,기타 모자,2023년 12월 14일,71,181,"밀리터리, 아이비리그, 프레피",,
6,tt__yl,셔츠/블라우스,"재킷, 패딩",면바지,스니커즈/캔버스,,2023년 12월 19일,71,181,"밀리터리, 아이비리그, 프레피",,
6,tt__yl,"니트, 셔츠/블라우스",패딩,데님팬츠,구두/로퍼,,2023년 12월 26일,71,181,"밀리터리, 아이비리그, 프레피",,
6,tt__yl,셔츠/블라우스,"조끼, 코트",데님팬츠,구두/로퍼,,2024년 1월 2일,71,181,"밀리터리, 아이비리그, 프레피",,
6,tt__yl,"니트, 셔츠/블라우스",재킷,면바지,스니커즈/캔버스,기타 모자,2024년 1월 7일,71,181,"밀리터리, 아이비리그, 프레피",,
6,tt__yl,셔츠/블라우스,"재킷, 패딩조끼",면바지,스니커즈/캔버스,기타 모자,2024년 1월 13일,71,181,"밀리터리, 아이비리그, 프레피",,
6,tt__yl,"니트, 셔츠/블라우스",재킷,면바지,스니커즈/캔버스,,2024년 1월 18일,71,181,"밀리터리, 아이비리그, 프레피",,
6,tt__yl,셔츠/블라우스,"재킷, 패딩",데님팬츠,구두/로퍼,,2024년 1월 25일,71,181,"밀리터리, 아이비리그, 프레피",,
6,tt__yl,셔츠/블라우스,"재킷, 조끼",슬랙스,스니커즈/캔버스,기타 모자,2024년 2월 1일,71,181,"밀리터리, 아이비리그, 프레피",,
6,tt__yl,셔츠/블라우스,재킷,면바지,구두/로퍼,,2024년 2월 2일,71,181,"밀리터리, 아이비리그, 프레피",,
6,tt__yl,셔츠/블라우스,"재킷, 조끼",면바지,구두/로퍼,,2024년 2월 7일,71,181,"밀리터리, 아이비리그, 프레피",,
6,tt__yl,셔츠/블라우스,재킷,면바지,구두/로퍼,,2024년 2월 18일,71,181,"밀리터리, 아이비리그, 프레피",,
6,tt__yl,셔츠/블라우스,재킷,슬랙스,구두/로퍼,,2024년 2월 24일,71,181,"밀리터리, 아이비리그, 프레피",,
6,tt__yl,"맨투맨, 셔츠/블라우스",재킷,데님팬츠,구두/로퍼,,2024년 2월 29일,71,181,"밀리터리, 아이비리그, 프레피",,
6,tt__yl,셔츠/블라우스,재킷,면바지,스니커즈/캔버스,,2024년 3월 25일,71,181,"밀리터리, 아이비리그, 프레피",,
6,tt__yl,"맨투맨, 셔츠/블라우스",재킷,슬랙스,구두/로퍼,,2024년 4월 3일,71,181,"밀리터리, 아이비리그, 프레피",,
6,tt__yl,셔츠/블라우스,재킷,데님팬츠,구두/로퍼,,2024년 4월 10일,71,181,"밀리터리, 아이비리그, 프레피",,
7,yoooon_b,긴팔 티,"집업, 패딩",트레이닝/조거 팬츠,운동화,,2022년 12월 7일,73,180,캐주얼,,
7,yoooon_b,셔츠/블라우스,코트,데님팬츠,구두/로퍼,,2022년 12월 16일,73,180,캐주얼,,
7,yoooon_b,"니트, 반팔 티",,트레이닝/조거 팬츠,운동화,,2023년 1월 5일,73,180,캐주얼,,
7,yoooon_b,긴팔 티,재킷,데님팬츠,구두/로퍼,,2023년 1월 28일,73,180,캐주얼,,
7,yoooon_b,긴팔 티,바람막이,트레이닝/조거 팬츠,운동화,,2023년 2월 23일,73,180,캐주얼,,
7,yoooon_b,긴팔 티,재킷,데님팬츠,운동화,,2023년 3월 10일,73,180,캐주얼,,
7,yoooon_b,긴팔 티,재킷,트레이닝/조거 팬츠,운동화,,2023년 3월 12일,73,180,캐주얼,,
7,yoooon_b,반팔 티,재킷,데님팬츠,구두/로퍼,,2023년 3월 18일,73,180,캐주얼,,
7,yoooon_b,"반팔 티, 후드티",,면바지,운동화,,2023년 3월 19일,73,180,캐주얼,,
7,yoooon_b,셔츠/블라우스,재킷,데님팬츠,운동화,,2023년 3월 20일,73,180,캐주얼,,
7,yoooon_b,"민소매 티, 셔츠/블라우스",재킷,카고바지,운동화,,2023년 3월 22일,73,180,캐주얼,,
7,yoooon_b,반팔 티,바람막이,카고바지,운동화,,2023년 3월 23일,73,180,캐주얼,,
7,yoooon_b,반팔 티,재킷,데님팬츠,운동화,기타 모자,2023년 4월 2일,73,180,캐주얼,,
7,yoooon_b,반팔 티,,트레이닝/조거 팬츠,스니커즈/캔버스,기타 모자,2023년 4월 7일,73,180,캐주얼,,
7,yoooon_b,셔츠/블라우스,재킷,트레이닝/조거 팬츠,구두/로퍼,,2023년 4월 10일,73,180,캐주얼,,
7,yoooon_b,반팔 티 2,,반바지,운동화,장목양말,2023년 4월 12일,73,180,캐주얼,,
7,yoooon_b,반팔 티,바람막이,반바지,운동화,장목양말,2023년 4월 14일,73,180,캐주얼,,
7,yoooon_b,"반팔 티, 셔츠/블라우스",,데님팬츠,스니커즈/캔버스,,2023년 4월 19일,73,180,캐주얼,,
7,yoooon_b,니트,,데님팬츠,샌들/슬리퍼,,2023년 4월 26일,73,180,캐주얼,,
7,yoooon_b,"반팔 셔츠/블라우스, 반팔 티",,데님팬츠,샌들/슬리퍼,,2023년 4월 29일,73,180,캐주얼,,
7,yoooon_b,반팔 티,,카고바지,구두/로퍼,기타 모자,2023년 5월 3일,73,180,캐주얼,,
7,yoooon_b,"반팔 셔츠/블라우스, 반팔 티",,면바지,구두/로퍼,,2023년 5월 9일,73,180,캐주얼,,
7,yoooon_b,반팔 티,재킷,데님팬츠,운동화,,2023년 5월 11일,73,180,캐주얼,,
7,yoooon_b,"맨투맨, 반팔 티",,반바지,샌들/슬리퍼,장목양말,2023년 5월 12일,73,180,캐주얼,,
7,yoooon_b,반팔 셔츠/블라우스,,면바지,구두/로퍼,,2023년 5월 14일,73,180,캐주얼,,
7,yoooon_b,반팔 티,바람막이,면바지,구두/로퍼,,2023년 5월 15일,73,180,캐주얼,,
7,yoooon_b,반팔 셔츠/블라우스,,데님팬츠,샌들/슬리퍼,,2023년 5월 17일,73,180,캐주얼,,
7,yoooon_b,반팔 티,조끼,반바지,운동화,장목양말,2023년 5월 24일,73,180,캐주얼,,
7,yoooon_b,반팔 티,,카고바지,구두/로퍼,,2023년 5월 25일,73,180,캐주얼,,
7,yoooon_b,반팔 티,조끼,반바지,스니커즈/캔버스,장목양말,2023년 5월 28일,73,180,캐주얼,,
7,yoooon_b,니트,,데님팬츠,샌들/슬리퍼,,2023년 6월 2일,73,180,캐주얼,,
7,yoooon_b,반팔 티,,카고바지,샌들/슬리퍼,,2023년 6월 5일,73,180,캐주얼,,
7,yoooon_b,셔츠/블라우스,,면바지,구두/로퍼,,2023년 6월 9일,73,180,캐주얼,,
7,yoooon_b,후드티,,반바지,스니커즈/캔버스,장목양말,2023년 6월 13일,73,180,캐주얼,,
7,yoooon_b,반팔 셔츠/블라우스,,데님팬츠,샌들/슬리퍼,,2023년 6월 19일,73,180,캐주얼,,
7,yoooon_b,반팔 티,,카고바지,샌들/슬리퍼,,2023년 6월 22일,73,180,캐주얼,,
7,yoooon_b,반팔 티,집업,카고바지,샌들/슬리퍼,,2023년 6월 22일,73,180,캐주얼,,
7,yoooon_b,반팔 티,,카고바지,구두/로퍼,,2023년 6월 23일,73,180,캐주얼,,
7,yoooon_b,반팔 티,,반바지,운동화,장목양말,2023년 6월 26일,73,180,캐주얼,,
7,yoooon_b,반팔 티,,데님팬츠,샌들/슬리퍼,,2023년 6월 27일,73,180,캐주얼,,
7,yoooon_b,반팔 티,,카고바지,구두/로퍼,,2023년 6월 27일,73,180,캐주얼,,
7,yoooon_b,반팔 티,,반바지,운동화,장목양말,2023년 6월 27일,73,180,캐주얼,,
7,yoooon_b,반팔 티,,트레이닝/조거 팬츠,스니커즈/캔버스,,2023년 6월 28일,73,180,캐주얼,,
7,yoooon_b,반팔 셔츠/블라우스,,반바지,스니커즈/캔버스,장목양말,2023년 7월 3일,73,180,캐주얼,,
7,yoooon_b,반팔 티,,반바지,샌들/슬리퍼,,2023년 7월 9일,73,180,캐주얼,,
7,yoooon_b,반팔 티,,카고바지,샌들/슬리퍼,,2023년 7월 14일,73,180,캐주얼,,
7,yoooon_b,"반팔 티, 셔츠/블라우스",,면바지,샌들/슬리퍼,,2023년 7월 17일,73,180,캐주얼,,
7,yoooon_b,반팔 티,,반바지,샌들/슬리퍼,,2023년 7월 22일,73,180,캐주얼,,
7,yoooon_b,"반팔 티, 셔츠/블라우스",,데님팬츠,샌들/슬리퍼,,2023년 7월 27일,73,180,캐주얼,,
7,yoooon_b,반팔 니트,,데님팬츠,샌들/슬리퍼,,2023년 8월 12일,73,180,캐주얼,,
7,yoooon_b,반팔 티,,데님팬츠,운동화,기타 모자,2023년 8월 16일,73,180,캐주얼,,
7,yoooon_b,니트,,면바지,샌들/슬리퍼,,2023년 8월 28일,73,180,캐주얼,,
7,yoooon_b,긴팔 티,재킷,데님팬츠,구두/로퍼,,2023년 10월 31일,73,180,캐주얼,,
7,yoooon_b,긴팔 티,재킷,데님팬츠,구두/로퍼,,2024년 4월 2일,73,180,캐주얼,,
7,yoooon_b,긴팔 티,재킷,데님팬츠,구두/로퍼,,2024년 4월 6일,73,180,캐주얼,,
7,yoooon_b,"니트, 반팔 티 2",재킷,면바지,구두/로퍼,,2024년 4월 11일,73,180,캐주얼,,
8,610179_,긴팔 티,,데님팬츠,스니커즈/캔버스,,2023년 4월 19일,64,171,"스트릿, 캐주얼",,
8,610179_,긴팔 티,,면바지,스니커즈/캔버스,,2023년 4월 27일,64,171,"스트릿, 캐주얼",,
8,610179_,"반팔 티, 후드티",,카고바지,스니커즈/캔버스,,2023년 4월 21일,64,171,"스트릿, 캐주얼",,
8,610179_,반팔 티,,카고바지,스니커즈/캔버스,,2023년 5월 3일,64,171,"스트릿, 캐주얼",,
8,610179_,"반팔 티, 셔츠/블라우스",,데님팬츠,운동화,,2023년 4월 30일,64,171,"스트릿, 캐주얼",,
8,610179_,반팔 티,,데님팬츠,스니커즈/캔버스,,2023년 4월 28일,64,171,"스트릿, 캐주얼",,
8,610179_,반팔 티,재킷 2,면바지,구두/로퍼,,2023년 5월 8일,64,171,"스트릿, 캐주얼",,
8,610179_,반팔 티,,카고바지,구두/로퍼,기타 모자,2023년 5월 14일,64,171,"스트릿, 캐주얼",,
8,610179_,반팔 티,,데님팬츠,스니커즈/캔버스,,2023년 5월 17일,64,171,"스트릿, 캐주얼",,
8,610179_,반팔 티,,면바지,운동화,기타 모자,2023년 5월 18일,64,171,"스트릿, 캐주얼",,
8,610179_,반팔 티,,데님팬츠,스니커즈/캔버스,,2023년 5월 25일,64,171,"스트릿, 캐주얼",,
8,610179_,반팔 티,,카고바지,스니커즈/캔버스,,2023년 5월 23일,64,171,"스트릿, 캐주얼",,
8,610179_,반팔 티,,데님팬츠,스니커즈/캔버스,,2023년 5월 30일,64,171,"스트릿, 캐주얼",,
8,610179_,반팔 티,조끼,카고바지,스니커즈/캔버스,,2023년 6월 3일,64,171,"스트릿, 캐주얼",,
8,610179_,"민소매 티, 셔츠/블라우스",,카고바지,스니커즈/캔버스,기타 모자,2023년 6월 5일,64,171,"스트릿, 캐주얼",,
8,610179_,반팔 티,,면바지,스니커즈/캔버스,기타 모자,2023년 5월 31일,64,171,"스트릿, 캐주얼",,
8,610179_,반팔 티,,면바지,구두/로퍼,,2023년 6월 8일,64,171,"스트릿, 캐주얼",,
8,610179_,반팔 티,,데님팬츠,구두/로퍼,,2023년 6월 18일,64,171,"스트릿, 캐주얼",,
8,610179_,반팔 티,,데님팬츠,운동화,,2023년 6월 13일,64,171,"스트릿, 캐주얼",,
8,610179_,반팔 티,,데님팬츠,구두/로퍼,,2023년 6월 23일,64,171,"스트릿, 캐주얼",,
8,610179_,"반팔 셔츠/블라우스, 반팔 티",,카고바지,샌들/슬리퍼,,2023년 6월 21일,64,171,"스트릿, 캐주얼",,
8,610179_,반팔 티,,데님팬츠,스니커즈/캔버스,,2023년 6월 27일,64,171,"스트릿, 캐주얼",,
8,610179_,반팔 티,,카고바지,스니커즈/캔버스,,2023년 6월 26일,64,171,"스트릿, 캐주얼",,
8,610179_,반팔 티,,데님팬츠,구두/로퍼,,2023년 6월 25일,64,171,"스트릿, 캐주얼",,
8,610179_,반팔 티,,면바지,샌들/슬리퍼,,2023년 6월 28일,64,171,"스트릿, 캐주얼",,
8,610179_,반팔 티,,카고바지,운동화,기타 모자,2023년 7월 1일,64,171,"스트릿, 캐주얼",,
8,610179_,반팔 티,,데님팬츠,구두/로퍼,기타 모자,2023년 7월 6일,64,171,"스트릿, 캐주얼",,
8,610179_,셔츠/블라우스,,트레이닝/조거 팬츠,스니커즈/캔버스,기타 모자,2023년 7월 17일,64,171,"스트릿, 캐주얼",,
8,610179_,반팔 티,,카고바지,스니커즈/캔버스,,2023년 7월 11일,64,171,"스트릿, 캐주얼",,
8,610179_,반팔 티,,카고바지,운동화,,2023년 7월 8일,64,171,"스트릿, 캐주얼",,
8,610179_,반팔 티,,데님팬츠,스니커즈/캔버스,,2023년 7월 21일,64,171,"스트릿, 캐주얼",,
8,610179_,반팔 티,,데님팬츠,구두/로퍼,,2023년 7월 18일,64,171,"스트릿, 캐주얼",,
8,610179_,반팔 티,,카고바지,스니커즈/캔버스,,2023년 7월 24일,64,171,"스트릿, 캐주얼",,
8,610179_,반팔 셔츠/블라우스,,면바지,샌들/슬리퍼,,2023년 7월 28일,64,171,"스트릿, 캐주얼",,
8,610179_,반팔 티,,카고바지,스니커즈/캔버스,,2023년 7월 31일,64,171,"스트릿, 캐주얼",,
8,610179_,반팔 티,,데님팬츠,구두/로퍼,,2023년 7월 30일,64,171,"스트릿, 캐주얼",,
8,610179_,반팔 티,,면바지,샌들/슬리퍼,,2023년 8월 2일,64,171,"스트릿, 캐주얼",,
8,610179_,반팔 티,,데님팬츠,운동화,,2023년 8월 3일,64,171,"스트릿, 캐주얼",,
8,610179_,반팔 티,,카고바지,스니커즈/캔버스,,2023년 8월 7일,64,171,"스트릿, 캐주얼",,
8,610179_,반팔 티,,데님팬츠,스니커즈/캔버스,,2023년 8월 10일,64,171,"스트릿, 캐주얼",,
8,610179_,반팔 티,,면바지,구두/로퍼,,2023년 8월 11일,64,171,"스트릿, 캐주얼",,
8,610179_,반팔 티,,카고바지,스니커즈/캔버스,,2023년 8월 14일,64,171,"스트릿, 캐주얼",,
8,610179_,반팔 티,,카고바지,구두/로퍼,,2023년 8월 12일,64,171,"스트릿, 캐주얼",,
8,610179_,반팔 티,,데님팬츠,스니커즈/캔버스,기타 모자,2023년 8월 15일,64,171,"스트릿, 캐주얼",,
8,610179_,반팔 셔츠/블라우스,,트레이닝/조거 팬츠,운동화,기타 모자,2023년 8월 17일,64,171,"스트릿, 캐주얼",,
8,610179_,"반팔 티, 셔츠/블라우스",,트레이닝/조거 팬츠,스니커즈/캔버스,,2023년 8월 18일,64,171,"스트릿, 캐주얼",,
8,610179_,반팔 티,,데님팬츠,스니커즈/캔버스,비니,2023년 8월 19일,64,171,"스트릿, 캐주얼",,
8,610179_,반팔 티,,데님팬츠,스니커즈/캔버스,기타 모자,2023년 8월 20일,64,171,"스트릿, 캐주얼",,
8,610179_,셔츠/블라우스,,트레이닝/조거 팬츠,운동화,비니,2023년 8월 23일,64,171,"스트릿, 캐주얼",,
8,610179_,긴팔 티,,트레이닝/조거 팬츠,운동화,비니,2023년 8월 27일,64,171,"스트릿, 캐주얼",,
8,610179_,반팔 티,,트레이닝/조거 팬츠,운동화,,2023년 8월 29일,64,171,"스트릿, 캐주얼",,
8,610179_,맨투맨,,카고바지,운동화,,2023년 9월 6일,64,171,"스트릿, 캐주얼",,
8,610179_,반팔 셔츠/블라우스,,데님팬츠,운동화,기타 모자,2023년 9월 7일,64,171,"스트릿, 캐주얼",,
8,610179_,반팔 티,바람막이,데님팬츠,구두/로퍼,,2023년 9월 14일,64,171,"스트릿, 캐주얼",,
8,610179_,맨투맨,,카고바지,운동화,,2023년 10월 2일,64,171,"스트릿, 캐주얼",,
8,610179_,긴팔 티,,데님팬츠,스니커즈/캔버스,비니,2023년 9월 29일,64,171,"스트릿, 캐주얼",,
8,610179_,긴팔 티,바람막이,데님팬츠,운동화,기타 모자,2023년 10월 10일,64,171,"스트릿, 캐주얼",,
8,610179_,"반팔 티, 셔츠/블라우스",,카고바지,스니커즈/캔버스,,2023년 10월 7일,64,171,"스트릿, 캐주얼",,
8,610179_,"반팔 티, 후드티",,데님팬츠,구두/로퍼,,2023년 11월 4일,64,171,"스트릿, 캐주얼",,
8,610179_,셔츠/블라우스,패딩,카고바지,스니커즈/캔버스,기타 모자,2023년 11월 6일,64,171,"스트릿, 캐주얼",,
8,610179_,긴팔 티,코트,데님팬츠,구두/로퍼,,2024년 4월 10일,64,171,"스트릿, 캐주얼",,
9,183.h.g,"니트, 반팔 티",코트,데님팬츠,스니커즈/캔버스,,2022년 12월 2일,82,183,스트릿,,
9,183.h.g,"반팔 티, 후드티",,카고바지,운동화,기타 모자,2022년 12월 5일,82,183,스트릿,,
9,183.h.g,"니트, 반팔 티",,카고바지,운동화,비니,2022년 12월 8일,82,183,스트릿,,
9,183.h.g,"반팔 티, 후드티",코트,데님팬츠,스니커즈/캔버스,,2022년 12월 10일,82,183,스트릿,,
9,183.h.g,긴팔 티,패딩,카고바지,스니커즈/캔버스,머플러,2022년 12월 12일,82,183,스트릿,,
9,183.h.g,"니트, 반팔 티",,데님팬츠,스니커즈/캔버스,머플러,2022년 12월 9일,82,183,스트릿,,
9,183.h.g,니트,코트,데님팬츠,스니커즈/캔버스,,2022년 12월 27일,82,183,스트릿,,
9,183.h.g,니트,코트,데님팬츠,스니커즈/캔버스,머플러,2023년 1월 2일,82,183,스트릿,,
9,183.h.g,니트,코트,카고바지,운동화,"기타 모자, 머플러",2022년 12월 16일,82,183,스트릿,,
9,183.h.g,"니트, 반팔 티",패딩,데님팬츠,스니커즈/캔버스,머플러,2023년 1월 9일,82,183,스트릿,,
9,183.h.g,니트,재킷,데님팬츠,스니커즈/캔버스,,2023년 1월 5일,82,183,스트릿,,
9,183.h.g,긴팔 티,재킷,카고바지,운동화,,2023년 1월 30일,82,183,스트릿,,
9,183.h.g,긴팔 티,재킷,카고바지,스니커즈/캔버스,,2023년 1월 26일,82,183,스트릿,,
9,183.h.g,긴팔 티,코트,데님팬츠,운동화,,2023년 1월 31일,82,183,스트릿,,
9,183.h.g,"니트, 반팔 티",재킷,데님팬츠,스니커즈/캔버스,,2023년 2월 3일,82,183,스트릿,,
9,183.h.g,긴팔 티,재킷,트레이닝/조거 팬츠,스니커즈/캔버스,,2023년 2월 7일,82,183,스트릿,,
9,183.h.g,긴팔 티,재킷,데님팬츠,구두/로퍼,,2023년 2월 12일,82,183,스트릿,,
9,183.h.g,긴팔 티,재킷,면바지,운동화,,2023년 2월 18일,82,183,스트릿,,
9,183.h.g,셔츠/블라우스,조끼,데님팬츠,운동화,,2023년 2월 15일,82,183,스트릿,,
9,183.h.g,긴팔 티,재킷,데님팬츠,스니커즈/캔버스,,2023년 2월 24일,82,183,스트릿,,
9,183.h.g,긴팔 티,재킷,데님팬츠,스니커즈/캔버스,,2023년 2월 22일,82,183,스트릿,,
9,183.h.g,"니트, 반팔 티",,데님팬츠,스니커즈/캔버스,,2023년 3월 1일,82,183,스트릿,,
9,183.h.g,긴팔 티,바람막이,카고바지,운동화,,2023년 3월 3일,82,183,스트릿,,
9,183.h.g,긴팔 티,점퍼,카고바지,스니커즈/캔버스,,2023년 3월 7일,82,183,스트릿,,
9,183.h.g,"반팔 티, 후드티",,트레이닝/조거 팬츠,스니커즈/캔버스,,2023년 3월 9일,82,183,스트릿,,
9,183.h.g,니트,,데님팬츠,운동화,,2023년 3월 10일,82,183,스트릿,,
9,183.h.g,긴팔 티,재킷,데님팬츠,운동화,,2023년 3월 18일,82,183,스트릿,,
9,183.h.g,니트,,트레이닝/조거 팬츠,스니커즈/캔버스,,2023년 3월 15일,82,183,스트릿,,
9,183.h.g,반팔 티,재킷,데님팬츠,운동화,,2023년 3월 31일,82,183,스트릿,,
9,183.h.g,니트,,데님팬츠,운동화,,2023년 3월 27일,82,183,스트릿,,
9,183.h.g,긴팔 티,재킷,데님팬츠,레인부츠,,2023년 3월 21일,82,183,스트릿,,
9,183.h.g,반팔 티,재킷,트레이닝/조거 팬츠,스니커즈/캔버스,,2023년 4월 2일,82,183,스트릿,,
9,183.h.g,반팔 티,,반바지,스니커즈/캔버스,,2023년 8월 1일,82,183,스트릿,,
9,183.h.g,반팔 티,집업,데님팬츠,구두/로퍼,,2023년 9월 15일,82,183,스트릿,,
9,183.h.g,반팔 티,재킷,데님팬츠,구두/로퍼,,2023년 9월 14일,82,183,스트릿,,
9,183.h.g,반팔 티,재킷,카고바지,운동화,,2023년 9월 17일,82,183,스트릿,,
9,183.h.g,"반팔 티, 후드티",,반바지,운동화,장목양말,2023년 9월 18일,82,183,스트릿,,
9,183.h.g,반팔 티,재킷,데님팬츠,구두/로퍼,,2023년 9월 16일,82,183,스트릿,,
9,183.h.g,반팔 티,집업,트레이닝/조거 팬츠,운동화,,2023년 9월 19일,82,183,스트릿,,
9,183.h.g,"니트, 반팔 티",,데님팬츠,운동화,,2023년 9월 20일,82,183,스트릿,,
9,183.h.g,"반팔 티, 후드티",,반바지,운동화,장목양말,2023년 9월 22일,82,183,스트릿,,
9,183.h.g,맨투맨,재킷,데님팬츠,운동화,,2023년 9월 26일,82,183,스트릿,,
9,183.h.g,반팔 티,재킷,데님팬츠,운동화,,2023년 9월 28일,82,183,스트릿,,
9,183.h.g,니트,,데님팬츠,구두/로퍼,,2023년 9월 29일,82,183,스트릿,,
9,183.h.g,반팔 티,바람막이,카고바지,운동화,,2023년 10월 1일,82,183,스트릿,,
9,183.h.g,"맨투맨, 반팔 티",,트레이닝/조거 팬츠,운동화,,2023년 10월 5일,82,183,스트릿,,
9,183.h.g,반팔 티,재킷,트레이닝/조거 팬츠,운동화,,2023년 10월 2일,82,183,스트릿,,
9,183.h.g,긴팔 티,바람막이,데님팬츠,운동화,,2023년 10월 7일,82,183,스트릿,,
9,183.h.g,"반팔 티, 후드티",코트,데님팬츠,운동화,,2023년 10월 8일,82,183,스트릿,,
9,183.h.g,맨투맨,,데님팬츠,운동화,,2023년 10월 10일,82,183,스트릿,,
9,183.h.g,긴팔 티,바람막이,카고바지,스니커즈/캔버스,,2023년 11월 22일,82,183,스트릿,,
9,183.h.g,니트,,데님팬츠,스니커즈/캔버스,,2023년 10월 13일,82,183,스트릿,,
9,183.h.g,맨투맨,패딩,카고바지,운동화,,2023년 12월 4일,82,183,스트릿,,
9,183.h.g,"반팔 티, 후드티",,카고바지,운동화,기타 모자,2023년 11월 25일,82,183,스트릿,,
9,183.h.g,긴팔 티,패딩,카고바지,운동화,,2023년 12월 12일,82,183,스트릿,,
9,183.h.g,"맨투맨, 반팔 티",패딩,카고바지,스니커즈/캔버스,,2023년 12월 19일,82,183,스트릿,,
9,183.h.g,후드티,,카고바지,운동화,,2023년 12월 20일,82,183,스트릿,,
9,183.h.g,"반팔 티, 셔츠/블라우스, 후드티",패딩,카고바지,운동화,기타 모자,2023년 12월 26일,82,183,스트릿,,
9,183.h.g,"맨투맨, 반팔 티",패딩,트레이닝/조거 팬츠,스니커즈/캔버스,기타 모자,2023년 12월 24일,82,183,스트릿,,
9,183.h.g,"니트, 반팔 티",코트,트레이닝/조거 팬츠,스니커즈/캔버스,,2023년 12월 30일,82,183,스트릿,,
9,183.h.g,니트,점퍼,카고바지,구두/로퍼,,2024년 1월 11일,82,183,스트릿,,
9,183.h.g,니트,패딩,카고바지,운동화,기타 모자,2024년 1월 7일,82,183,스트릿,,
9,183.h.g,셔츠/블라우스,재킷,트레이닝/조거 팬츠,운동화,기타 모자,2024년 1월 21일,82,183,스트릿,,
9,183.h.g,셔츠/블라우스,,트레이닝/조거 팬츠,스니커즈/캔버스,,2024년 1월 22일,82,183,스트릿,,
9,183.h.g,반팔 티,점퍼,트레이닝/조거 팬츠,운동화,,2024년 3월 19일,82,183,스트릿,,
9,183.h.g,니트,,데님팬츠,스니커즈/캔버스,머플러,2024년 2월 2일,82,183,스트릿,,
9,183.h.g,셔츠/블라우스,,면바지,구두/로퍼,,2024년 3월 21일,82,183,스트릿,,
9,183.h.g,긴팔 티,가디건,트레이닝/조거 팬츠,운동화,,2024년 3월 22일,82,183,스트릿,,
9,183.h.g,후드티,,카고바지,레더부츠,,2024년 3월 28일,82,183,스트릿,,
10,juju_daily__,후드티,,데님팬츠,스니커즈/캔버스,기타 모자,2022년 11월 3일,64,183,"스트릿, 캐주얼",,
10,juju_daily__,긴팔 티,가디건,데님팬츠,스니커즈/캔버스,기타 모자,2022년 11월 2일,64,183,"스트릿, 캐주얼",,
10,juju_daily__,"반팔 티, 후드티",,데님팬츠,운동화,,2022년 11월 7일,64,183,"스트릿, 캐주얼",,
10,juju_daily__,긴팔 티,집업,데님팬츠,스니커즈/캔버스,,2022년 11월 4일,64,183,"스트릿, 캐주얼",,
10,juju_daily__,반팔 티,바람막이,카고바지,스니커즈/캔버스,,2022년 11월 24일,64,183,"스트릿, 캐주얼",,
10,juju_daily__,"니트, 반팔 티",,데님팬츠,운동화,,2022년 11월 10일,64,183,"스트릿, 캐주얼",,
10,juju_daily__,반팔 티,집업,데님팬츠,스니커즈/캔버스,기타 모자,2022년 11월 13일,64,183,"스트릿, 캐주얼",,
10,juju_daily__,후드티,,데님팬츠,스니커즈/캔버스,,2022년 12월 1일,64,183,"스트릿, 캐주얼",,
10,juju_daily__,"반팔 티, 후드티",,카고바지,스니커즈/캔버스,,2022년 12월 4일,64,183,"스트릿, 캐주얼",,
10,juju_daily__,맨투맨,,데님팬츠,스니커즈/캔버스,,2022년 12월 10일,64,183,"스트릿, 캐주얼",,
10,juju_daily__,후드티,,트레이닝/조거 팬츠,레더부츠,,2022년 12월 16일,64,183,"스트릿, 캐주얼",,
10,juju_daily__,후드티,,트레이닝/조거 팬츠,스니커즈/캔버스,,2022년 12월 26일,64,183,"스트릿, 캐주얼",,
10,juju_daily__,긴팔 티,패딩,트레이닝/조거 팬츠,레더부츠,머플러,2023년 1월 13일,64,183,"스트릿, 캐주얼",,
10,juju_daily__,후드티,코트,데님팬츠,스니커즈/캔버스,,2023년 1월 6일,64,183,"스트릿, 캐주얼",,
10,juju_daily__,긴팔 티,재킷,데님팬츠,구두/로퍼,,2023년 2월 28일,64,183,"스트릿, 캐주얼",,
10,juju_daily__,후드티,재킷,트레이닝/조거 팬츠,스니커즈/캔버스,,2023년 2월 28일,64,183,"스트릿, 캐주얼",,
10,juju_daily__,"니트, 반팔 티",,트레이닝/조거 팬츠,스니커즈/캔버스,기타 모자,2023년 3월 12일,64,183,"스트릿, 캐주얼",,
10,juju_daily__,반팔 티,바람막이,트레이닝/조거 팬츠,스니커즈/캔버스,기타 모자,2023년 3월 30일,64,183,"스트릿, 캐주얼",,
10,juju_daily__,긴팔 티,가디건,데님팬츠,구두/로퍼,,2023년 3월 21일,64,183,"스트릿, 캐주얼",,
10,juju_daily__,반팔 티,,데님팬츠,스니커즈/캔버스,기타 모자,2023년 4월 21일,64,183,"스트릿, 캐주얼",,
10,juju_daily__,반팔 티,,카고바지,스니커즈/캔버스,기타 모자,2023년 4월 16일,64,183,"스트릿, 캐주얼",,
10,juju_daily__,반팔 티,바람막이,데님팬츠,운동화,기타 모자,2023년 4월 2일,64,183,"스트릿, 캐주얼",,
10,juju_daily__,"반팔 셔츠/블라우스, 반팔 티",,데님팬츠,스니커즈/캔버스,기타 모자,2023년 5월 3일,64,183,"스트릿, 캐주얼",,
10,juju_daily__,반팔 티,,데님팬츠,스니커즈/캔버스,기타 모자,2023년 4월 26일,64,183,"스트릿, 캐주얼",,
10,juju_daily__,반팔 티,,트레이닝/조거 팬츠,스니커즈/캔버스,기타 모자,2023년 7월 24일,64,183,"스트릿, 캐주얼",,
10,juju_daily__,반팔 티,,카고바지,스니커즈/캔버스,기타 모자,2023년 8월 23일,64,183,"스트릿, 캐주얼",,
10,juju_daily__,반팔 티,집업,데님팬츠,운동화,기타 모자,2023년 9월 23일,64,183,"스트릿, 캐주얼",,
10,juju_daily__,"반팔 티, 후드티",,트레이닝/조거 팬츠,스니커즈/캔버스,,2023년 10월 7일,64,183,"스트릿, 캐주얼",,
10,juju_daily__,긴팔 티,,데님팬츠,운동화,비니,2023년 12월 5일,64,183,"스트릿, 캐주얼",,
10,juju_daily__,니트 2,패딩조끼,카고바지,스니커즈/캔버스,비니,2023년 12월 12일,64,183,"스트릿, 캐주얼",,
10,juju_daily__,후드티,,데님팬츠,구두/로퍼,기타 모자,2024년 1월 10일,64,183,"스트릿, 캐주얼",,
10,juju_daily__,니트,패딩,카고바지,레더부츠,비니,2023년 12월 29일,64,183,"스트릿, 캐주얼",,
10,juju_daily__,"니트, 셔츠/블라우스",,데님팬츠,구두/로퍼,,2024년 1월 26일,64,183,"스트릿, 캐주얼",,
10,juju_daily__,후드티,,데님팬츠,구두/로퍼,비니,2024년 2월 5일,64,183,"스트릿, 캐주얼",,
10,juju_daily__,긴팔 티,패딩,데님팬츠,레더부츠,머플러,2024년 1월 16일,64,183,"스트릿, 캐주얼",,
10,juju_daily__,후드티,패딩조끼,카고바지,구두/로퍼,,2024년 3월 20일,64,183,"스트릿, 캐주얼",,
11,2dae_han,반팔 티,재킷,데님팬츠,구두/로퍼,,2023년 3월 30일,60,170,"미니멀, 스트릿, 캐주얼",,
11,2dae_han,"반팔 티, 셔츠/블라우스",,카고바지,구두/로퍼,기타 모자,2023년 3월 29일,60,170,"미니멀, 스트릿, 캐주얼",,
11,2dae_han,반팔 티,재킷,데님팬츠,스니커즈/캔버스,기타 모자,2023년 3월 31일,60,170,"미니멀, 스트릿, 캐주얼",,
11,2dae_han,"반팔 티, 후드티",,데님팬츠,스니커즈/캔버스,,2023년 4월 4일,60,170,"미니멀, 스트릿, 캐주얼",,
11,2dae_han,반팔 티,재킷,데님팬츠,스니커즈/캔버스,,2023년 4월 3일,60,170,"미니멀, 스트릿, 캐주얼",,
11,2dae_han,반팔 티,재킷,데님팬츠,구두/로퍼,,2023년 4월 5일,60,170,"미니멀, 스트릿, 캐주얼",,
11,2dae_han,"반팔 티, 셔츠/블라우스",,데님팬츠,구두/로퍼,,2023년 4월 7일,60,170,"미니멀, 스트릿, 캐주얼",,
11,2dae_han,"반팔 티, 셔츠/블라우스",재킷,데님팬츠,스니커즈/캔버스,,2023년 4월 6일,60,170,"미니멀, 스트릿, 캐주얼",,
11,2dae_han,긴팔 티,코트,데님팬츠,구두/로퍼,,2023년 4월 11일,60,170,"미니멀, 스트릿, 캐주얼",,
11,2dae_han,"반팔 티, 셔츠/블라우스",재킷,데님팬츠,구두/로퍼,,2023년 4월 10일,60,170,"미니멀, 스트릿, 캐주얼",,
11,2dae_han,"반팔 티, 셔츠/블라우스",,데님팬츠,구두/로퍼,,2023년 4월 13일,60,170,"미니멀, 스트릿, 캐주얼",,
11,2dae_han,"반팔 티, 셔츠/블라우스",재킷,데님팬츠,구두/로퍼,,2023년 4월 14일,60,170,"미니멀, 스트릿, 캐주얼",,
11,2dae_han,후드티,,데님팬츠,구두/로퍼,,2023년 4월 12일,60,170,"미니멀, 스트릿, 캐주얼",,
11,2dae_han,반팔 티,재킷,데님팬츠,구두/로퍼,,2023년 4월 18일,60,170,"미니멀, 스트릿, 캐주얼",,
11,2dae_han,반팔 티,"재킷, 집업",데님팬츠,구두/로퍼,,2023년 4월 17일,60,170,"미니멀, 스트릿, 캐주얼",,
11,2dae_han,반팔 티,,데님팬츠,구두/로퍼,,2023년 4월 19일,60,170,"미니멀, 스트릿, 캐주얼",,
11,2dae_han,반팔 티,재킷,데님팬츠,구두/로퍼,기타 모자,2023년 4월 21일,60,170,"미니멀, 스트릿, 캐주얼",,
11,2dae_han,긴팔 티,조끼,데님팬츠,스니커즈/캔버스,,2023년 4월 20일,60,170,"미니멀, 스트릿, 캐주얼",,
11,2dae_han,반팔 티,재킷,데님팬츠,구두/로퍼,,2023년 4월 24일,60,170,"미니멀, 스트릿, 캐주얼",,
11,2dae_han,반팔 티,,데님팬츠,구두/로퍼,,2023년 4월 25일,60,170,"미니멀, 스트릿, 캐주얼",,
11,2dae_han,반팔 티,,데님팬츠,구두/로퍼,기타 모자,2023년 4월 26일,60,170,"미니멀, 스트릿, 캐주얼",,
11,2dae_han,반팔 티,가디건,데님팬츠,구두/로퍼,기타 모자,2023년 4월 28일,60,170,"미니멀, 스트릿, 캐주얼",,
11,2dae_han,"니트, 반팔 티",,데님팬츠,구두/로퍼,,2023년 5월 2일,60,170,"미니멀, 스트릿, 캐주얼",,
11,2dae_han,"반팔 티, 셔츠/블라우스",,데님팬츠,구두/로퍼,,2023년 4월 27일,60,170,"미니멀, 스트릿, 캐주얼",,
11,2dae_han,"반팔 티, 셔츠/블라우스",재킷,데님팬츠,샌들/슬리퍼,,2023년 5월 8일,60,170,"미니멀, 스트릿, 캐주얼",,
11,2dae_han,반팔 티,재킷,데님팬츠,샌들/슬리퍼,,2023년 5월 10일,60,170,"미니멀, 스트릿, 캐주얼",,
11,2dae_han,"반팔 티, 셔츠/블라우스",,데님팬츠,구두/로퍼,,2023년 5월 16일,60,170,"미니멀, 스트릿, 캐주얼",,
11,2dae_han,반팔 티,재킷,데님팬츠,샌들/슬리퍼,,2023년 5월 18일,60,170,"미니멀, 스트릿, 캐주얼",,
11,2dae_han,"반팔 티, 셔츠/블라우스",,데님팬츠,샌들/슬리퍼,,2023년 5월 19일,60,170,"미니멀, 스트릿, 캐주얼",,
11,2dae_han,긴팔 티,,데님팬츠,구두/로퍼,기타 모자,2023년 5월 30일,60,170,"미니멀, 스트릿, 캐주얼",,
11,2dae_han,반팔 티,조끼,데님팬츠,구두/로퍼,,2023년 5월 25일,60,170,"미니멀, 스트릿, 캐주얼",,
11,2dae_han,반팔 티,재킷,반바지,스니커즈/캔버스,"기타 모자, 장목양말",2023년 5월 31일,60,170,"미니멀, 스트릿, 캐주얼",,
11,2dae_han,반팔 티,재킷,데님팬츠,구두/로퍼,,2023년 6월 1일,60,170,"미니멀, 스트릿, 캐주얼",,
11,2dae_han,반팔 티,,데님팬츠,샌들/슬리퍼,,2023년 6월 2일,60,170,"미니멀, 스트릿, 캐주얼",,
11,2dae_han,반팔 티,,데님팬츠,샌들/슬리퍼,,2023년 6월 5일,60,170,"미니멀, 스트릿, 캐주얼",,
11,2dae_han,반팔 티,,데님팬츠,구두/로퍼,,2023년 6월 7일,60,170,"미니멀, 스트릿, 캐주얼",,
11,2dae_han,"반팔 티, 셔츠/블라우스",,데님팬츠,구두/로퍼,기타 모자,2023년 6월 8일,60,170,"미니멀, 스트릿, 캐주얼",,
11,2dae_han,반팔 티,,반바지,레인부츠,"기타 모자, 장목양말",2023년 6월 28일,60,170,"미니멀, 스트릿, 캐주얼",,
11,2dae_han,"반팔 티, 셔츠/블라우스",,반바지,스니커즈/캔버스,"기타 모자, 장목양말",2023년 6월 29일,60,170,"미니멀, 스트릿, 캐주얼",,
11,2dae_han,반팔 티,,데님팬츠,샌들/슬리퍼,,2023년 6월 26일,60,170,"미니멀, 스트릿, 캐주얼",,
11,2dae_han,셔츠/블라우스,,반바지,운동화,장목양말,2023년 7월 6일,60,170,"미니멀, 스트릿, 캐주얼",,
11,2dae_han,"반팔 티, 셔츠/블라우스",,반바지,구두/로퍼,장목양말,2023년 7월 5일,60,170,"미니멀, 스트릿, 캐주얼",,
11,2dae_han,"반팔 셔츠/블라우스, 반팔 티",,반바지,스니커즈/캔버스,장목양말,2023년 7월 4일,60,170,"미니멀, 스트릿, 캐주얼",,
11,2dae_han,반팔 티,,데님팬츠,샌들/슬리퍼,기타 모자,2023년 7월 10일,60,170,"미니멀, 스트릿, 캐주얼",,
11,2dae_han,반팔 티,조끼,반바지,레인부츠,장목양말,2023년 7월 11일,60,170,"미니멀, 스트릿, 캐주얼",,
11,2dae_han,반팔 티,,데님팬츠,구두/로퍼,,2023년 7월 13일,60,170,"미니멀, 스트릿, 캐주얼",,
11,2dae_han,"반팔 티, 셔츠/블라우스",,데님팬츠,레인부츠,장목양말,2023년 7월 19일,60,170,"미니멀, 스트릿, 캐주얼",,
11,2dae_han,"반팔 셔츠/블라우스, 반팔 티",,데님팬츠,구두/로퍼,기타 모자,2023년 7월 12일,60,170,"미니멀, 스트릿, 캐주얼",,
11,2dae_han,반팔 티,,데님팬츠,구두/로퍼,기타 모자,2023년 7월 20일,60,170,"미니멀, 스트릿, 캐주얼",,
11,2dae_han,반팔 티,,반바지,운동화,"기타 모자, 장목양말",2023년 7월 21일,60,170,"미니멀, 스트릿, 캐주얼",,
11,2dae_han,"반팔 셔츠/블라우스, 반팔 티",,데님팬츠,구두/로퍼,,2023년 7월 26일,60,170,"미니멀, 스트릿, 캐주얼",,
11,2dae_han,반팔 티,,데님팬츠,구두/로퍼,기타 모자,2023년 7월 25일,60,170,"미니멀, 스트릿, 캐주얼",,
11,2dae_han,반팔 셔츠/블라우스,,데님팬츠,운동화,기타 모자,2023년 7월 24일,60,170,"미니멀, 스트릿, 캐주얼",,
11,2dae_han,반팔 티,,데님팬츠,구두/로퍼,,2023년 7월 27일,60,170,"미니멀, 스트릿, 캐주얼",,
11,2dae_han,"반팔 티, 셔츠/블라우스",,데님팬츠,구두/로퍼,기타 모자,2023년 7월 28일,60,170,"미니멀, 스트릿, 캐주얼",,
11,2dae_han,"반팔 셔츠/블라우스, 반팔 티",,데님팬츠,샌들/슬리퍼,기타 모자,2023년 8월 2일,60,170,"미니멀, 스트릿, 캐주얼",,
11,2dae_han,"반팔 셔츠/블라우스, 반팔 티",,데님팬츠,샌들/슬리퍼,,2023년 8월 3일,60,170,"미니멀, 스트릿, 캐주얼",,
11,2dae_han,반팔 티,,데님팬츠,스니커즈/캔버스,,2023년 8월 7일,60,170,"미니멀, 스트릿, 캐주얼",,
11,2dae_han,반팔 티,,트레이닝/조거 팬츠,운동화,기타 모자,2023년 8월 9일,60,170,"미니멀, 스트릿, 캐주얼",,
11,2dae_han,"반팔 셔츠/블라우스, 반팔 티",,데님팬츠,운동화,,2023년 8월 8일,60,170,"미니멀, 스트릿, 캐주얼",,
11,2dae_han,반팔 티,,면바지,스니커즈/캔버스,기타 모자,2023년 8월 18일,60,170,"미니멀, 스트릿, 캐주얼",,
11,2dae_han,셔츠/블라우스,,데님팬츠,운동화,,2023년 8월 11일,60,170,"미니멀, 스트릿, 캐주얼",,
11,2dae_han,"반팔 티, 셔츠/블라우스",,데님팬츠,운동화,기타 모자,2023년 8월 17일,60,170,"미니멀, 스트릿, 캐주얼",,
11,2dae_han,반팔 티,,데님팬츠,운동화,,2023년 8월 21일,60,170,"미니멀, 스트릿, 캐주얼",,
11,2dae_han,반팔 티,,데님팬츠,운동화,,2023년 8월 23일,60,170,"미니멀, 스트릿, 캐주얼",,
11,2dae_han,반팔 티,,반바지,레인부츠,,2023년 8월 22일,60,170,"미니멀, 스트릿, 캐주얼",,
11,2dae_han,반팔 티,,데님팬츠,샌들/슬리퍼,기타 모자,2023년 8월 25일,60,170,"미니멀, 스트릿, 캐주얼",,
11,2dae_han,반팔 티,,데님팬츠,운동화,기타 모자,2023년 8월 28일,60,170,"미니멀, 스트릿, 캐주얼",,
11,2dae_han,반팔 티,,데님팬츠,구두/로퍼,,2023년 9월 4일,60,170,"미니멀, 스트릿, 캐주얼",,
11,2dae_han,반팔 티,,데님팬츠,운동화,기타 모자,2023년 8월 30일,60,170,"미니멀, 스트릿, 캐주얼",,
11,2dae_han,후드티,,데님팬츠,구두/로퍼,기타 모자,2023년 9월 5일,60,170,"미니멀, 스트릿, 캐주얼",,
11,2dae_han,반팔 티,,데님팬츠,운동화,,2023년 9월 8일,60,170,"미니멀, 스트릿, 캐주얼",,
11,2dae_han,긴팔 티,,데님팬츠,샌들/슬리퍼,,2023년 9월 6일,60,170,"미니멀, 스트릿, 캐주얼",,
11,2dae_han,맨투맨,,카고바지,샌들/슬리퍼,장목양말,2023년 9월 12일,60,170,"미니멀, 스트릿, 캐주얼",,
11,2dae_han,긴팔 티,,,운동화,기타 모자,2023년 9월 18일,60,170,"미니멀, 스트릿, 캐주얼",,
11,2dae_han,"반팔 셔츠/블라우스, 반팔 티",,데님팬츠,스니커즈/캔버스,,2023년 9월 14일,60,170,"미니멀, 스트릿, 캐주얼",,
11,2dae_han,긴팔 티,,데님팬츠,스니커즈/캔버스,기타 모자,2023년 9월 15일,60,170,"미니멀, 스트릿, 캐주얼",,
11,2dae_han,"반팔 티, 셔츠/블라우스",,데님팬츠,구두/로퍼,,2023년 9월 19일,60,170,"미니멀, 스트릿, 캐주얼",,
11,2dae_han,반팔 티,,트레이닝/조거 팬츠,운동화,,2023년 9월 20일,60,170,"미니멀, 스트릿, 캐주얼",,
11,2dae_han,긴팔 티,,데님팬츠,구두/로퍼,기타 모자,2023년 9월 27일,60,170,"미니멀, 스트릿, 캐주얼",,
11,2dae_han,반팔 티,,데님팬츠,운동화,기타 모자,2023년 9월 28일,60,170,"미니멀, 스트릿, 캐주얼",,
11,2dae_han,반팔 티,,데님팬츠,운동화,,2023년 9월 29일,60,170,"미니멀, 스트릿, 캐주얼",,
11,2dae_han,"맨투맨, 반팔 티",,,운동화,기타 모자,2023년 10월 5일,60,170,"미니멀, 스트릿, 캐주얼",,
11,2dae_han,"반팔 티, 셔츠/블라우스",,데님팬츠,구두/로퍼,,2023년 10월 4일,60,170,"미니멀, 스트릿, 캐주얼",,
11,2dae_han,"반팔 티, 후드티",,데님팬츠,운동화,기타 모자,2023년 10월 6일,60,170,"미니멀, 스트릿, 캐주얼",,
11,2dae_han,"반팔 티, 셔츠/블라우스",,데님팬츠,운동화,,2023년 10월 10일,60,170,"미니멀, 스트릿, 캐주얼",,
11,2dae_han,후드티,,데님팬츠,운동화,기타 모자,2023년 10월 11일,60,170,"미니멀, 스트릿, 캐주얼",,
11,2dae_han,"반팔 티, 셔츠/블라우스",,데님팬츠,운동화,기타 모자,2023년 10월 13일,60,170,"미니멀, 스트릿, 캐주얼",,
11,2dae_han,반팔 티,재킷,데님팬츠,운동화,,2023년 10월 17일,60,170,"미니멀, 스트릿, 캐주얼",,
11,2dae_han,긴팔 티,,데님팬츠,운동화,기타 모자,2023년 10월 20일,60,170,"미니멀, 스트릿, 캐주얼",,
11,2dae_han,긴팔 티,,데님팬츠,운동화,기타 모자,2023년 10월 19일,60,170,"미니멀, 스트릿, 캐주얼",,
11,2dae_han,"맨투맨, 반팔 티",,데님팬츠,운동화,기타 모자,2023년 10월 18일,60,170,"미니멀, 스트릿, 캐주얼",,
11,2dae_han,긴팔 티,재킷,,운동화,기타 모자,2023년 10월 23일,60,170,"미니멀, 스트릿, 캐주얼",,
11,2dae_han,"맨투맨, 반팔 티",,데님팬츠,운동화,기타 모자,2023년 10월 24일,60,170,"미니멀, 스트릿, 캐주얼",,
11,2dae_han,긴팔 티,재킷,데님팬츠,운동화,,2023년 10월 26일,60,170,"미니멀, 스트릿, 캐주얼",,
11,2dae_han,"반팔 티, 후드티",,트레이닝/조거 팬츠,운동화,기타 모자,2023년 10월 27일,60,170,"미니멀, 스트릿, 캐주얼",,
11,2dae_han,맨투맨,,데님팬츠,운동화,기타 모자,2023년 10월 31일,60,170,"미니멀, 스트릿, 캐주얼",,
11,2dae_han,긴팔 티,재킷,면바지,운동화,기타 모자,2023년 11월 2일,60,170,"미니멀, 스트릿, 캐주얼",,
11,2dae_han,"반팔 티, 셔츠/블라우스",,데님팬츠,운동화,기타 모자,2023년 11월 1일,60,170,"미니멀, 스트릿, 캐주얼",,
11,2dae_han,반팔 티,재킷,데님팬츠,운동화,,2023년 11월 3일,60,170,"미니멀, 스트릿, 캐주얼",,
11,2dae_han,후드티,,데님팬츠,운동화,기타 모자,2023년 11월 7일,60,170,"미니멀, 스트릿, 캐주얼",,
11,2dae_han,반팔 티,재킷,면바지,운동화,기타 모자,2023년 11월 8일,60,170,"미니멀, 스트릿, 캐주얼",,
11,2dae_han,맨투맨,점퍼,데님팬츠,운동화,기타 모자,2023년 11월 9일,60,170,"미니멀, 스트릿, 캐주얼",,
11,2dae_han,니트,재킷,데님팬츠,구두/로퍼,비니,2023년 11월 10일,60,170,"미니멀, 스트릿, 캐주얼",,
11,2dae_han,"맨투맨, 반팔 티",,트레이닝/조거 팬츠,운동화,기타 모자,2023년 11월 14일,60,170,"미니멀, 스트릿, 캐주얼",,
11,2dae_han,"니트, 반팔 티",,데님팬츠,운동화,기타 모자,2023년 11월 12일,60,170,"미니멀, 스트릿, 캐주얼",,
11,2dae_han,반팔 티,점퍼,카고바지,운동화,,2023년 11월 13일,60,170,"미니멀, 스트릿, 캐주얼",,
11,2dae_han,긴팔 티,재킷,데님팬츠,운동화,기타 모자,2023년 11월 18일,60,170,"미니멀, 스트릿, 캐주얼",,
11,2dae_han,후드티,재킷,데님팬츠,운동화,,2023년 11월 15일,60,170,"미니멀, 스트릿, 캐주얼",,
11,2dae_han,"반팔 티, 후드티",,데님팬츠,운동화,기타 모자,2023년 11월 16일,60,170,"미니멀, 스트릿, 캐주얼",,
11,2dae_han,"반팔 티, 후드티",,데님팬츠,운동화,기타 모자,2023년 11월 19일,60,170,"미니멀, 스트릿, 캐주얼",,
11,2dae_han,"니트, 반팔 티",집업,데님팬츠,운동화,기타 모자,2023년 11월 20일,60,170,"미니멀, 스트릿, 캐주얼",,
11,2dae_han,긴팔 티,패딩,트레이닝/조거 팬츠,운동화,기타 모자,2023년 11월 23일,60,170,"미니멀, 스트릿, 캐주얼",,
11,2dae_han,반팔 티,재킷,데님팬츠,운동화,,2023년 11월 22일,60,170,"미니멀, 스트릿, 캐주얼",,
11,2dae_han,"반팔 티, 후드티",,데님팬츠,운동화,기타 모자,2023년 11월 30일,60,170,"미니멀, 스트릿, 캐주얼",,
11,2dae_han,후드티,,카고바지,운동화,,2023년 11월 27일,60,170,"미니멀, 스트릿, 캐주얼",,
11,2dae_han,긴팔 티,재킷,데님팬츠,운동화,,2023년 12월 4일,60,170,"미니멀, 스트릿, 캐주얼",,
11,2dae_han,"니트, 반팔 티",,트레이닝/조거 팬츠,운동화,,2023년 12월 6일,60,170,"미니멀, 스트릿, 캐주얼",,
11,2dae_han,"반팔 티, 후드티",패딩,데님팬츠,운동화,비니,2023년 12월 7일,60,170,"미니멀, 스트릿, 캐주얼",,
11,2dae_han,긴팔 티,집업,트레이닝/조거 팬츠,운동화,기타 모자,2023년 12월 11일,60,170,"미니멀, 스트릿, 캐주얼",,
11,2dae_han,"반팔 티, 후드티",,데님팬츠,운동화,기타 모자,2023년 12월 8일,60,170,"미니멀, 스트릿, 캐주얼",,
11,2dae_han,긴팔 티,집업,데님팬츠,운동화,"기타 모자, 털 모자",2023년 12월 15일,60,170,"미니멀, 스트릿, 캐주얼",,
11,2dae_han,긴팔 티,점퍼,데님팬츠,운동화,,2023년 12월 18일,60,170,"미니멀, 스트릿, 캐주얼",,
11,2dae_han,"반팔 티, 후드티",점퍼,데님팬츠,운동화,,2023년 12월 26일,60,170,"미니멀, 스트릿, 캐주얼",,
11,2dae_han,"맨투맨, 반팔 티",,데님팬츠,운동화,기타 모자,2023년 12월 21일,60,170,"미니멀, 스트릿, 캐주얼",,
11,2dae_han,긴팔 티,집업,데님팬츠,운동화,기타 모자,2024년 1월 2일,60,170,"미니멀, 스트릿, 캐주얼",,
11,2dae_han,"긴팔 티, 셔츠/블라우스",패딩,데님팬츠,운동화,기타 모자,2024년 1월 16일,60,170,"미니멀, 스트릿, 캐주얼",,
11,2dae_han,"맨투맨, 반팔 티",패딩,데님팬츠,운동화,"기타 모자, 머플러",2024년 1월 26일,60,170,"미니멀, 스트릿, 캐주얼",,
11,2dae_han,긴팔 티,점퍼,데님팬츠,운동화,기타 모자,2024년 1월 25일,60,170,"미니멀, 스트릿, 캐주얼",,
11,2dae_han,긴팔 티,"재킷, 집업",데님팬츠,스니커즈/캔버스,기타 모자,2024년 1월 30일,60,170,"미니멀, 스트릿, 캐주얼",,
11,2dae_han,긴팔 티,"재킷, 집업",데님팬츠,구두/로퍼,기타 모자,2024년 2월 6일,60,170,"미니멀, 스트릿, 캐주얼",,
11,2dae_han,"니트, 반팔 티",,데님팬츠,운동화,,2024년 2월 14일,60,170,"미니멀, 스트릿, 캐주얼",,
11,2dae_han,"반팔 티, 셔츠/블라우스",,데님팬츠,운동화,기타 모자,2024년 2월 19일,60,170,"미니멀, 스트릿, 캐주얼",,
11,2dae_han,후드티,재킷,데님팬츠,운동화,,2024년 2월 28일,60,170,"미니멀, 스트릿, 캐주얼",,
11,2dae_han,긴팔 티,재킷,데님팬츠,운동화,기타 모자,2024년 2월 23일,60,170,"미니멀, 스트릿, 캐주얼",,
11,2dae_han,후드티,재킷,데님팬츠,운동화,,2024년 3월 5일,60,170,"미니멀, 스트릿, 캐주얼",,
11,2dae_han,"니트, 반팔 티",,데님팬츠,운동화,기타 모자,2024년 3월 8일,60,170,"미니멀, 스트릿, 캐주얼",,
11,2dae_han,반팔 티,가디건,데님팬츠,운동화,기타 모자,2024년 3월 15일,60,170,"미니멀, 스트릿, 캐주얼",,
11,2dae_han,반팔 티,재킷,데님팬츠,운동화,기타 모자,2024년 3월 22일,60,170,"미니멀, 스트릿, 캐주얼",,
11,2dae_han,셔츠/블라우스,가디건,데님팬츠,운동화,기타 모자,2024년 3월 19일,60,170,"미니멀, 스트릿, 캐주얼",,
11,2dae_han,반팔 티,점퍼,면바지,운동화,기타 모자,2024년 3월 26일,60,170,"미니멀, 스트릿, 캐주얼",,
11,2dae_han,"반팔 티, 셔츠/블라우스",,데님팬츠,구두/로퍼,,2024년 3월 29일,60,170,"미니멀, 스트릿, 캐주얼",,
11,2dae_han,반팔 티,재킷,데님팬츠,운동화,기타 모자,2024년 4월 2일,60,170,"미니멀, 스트릿, 캐주얼",,
11,2dae_han,반팔 티,,데님팬츠,운동화,기타 모자,2024년 4월 23일,60,170,"미니멀, 스트릿, 캐주얼",,
12,nyeong_ootd,맨투맨,재킷,데님팬츠,구두/로퍼,,2022년 10월 30일,70,179,"미니멀, 캐주얼",,
12,nyeong_ootd,"니트, 반팔 티",코트,데님팬츠,레더부츠,,2022년 11월 6일,70,179,"미니멀, 캐주얼",,
12,nyeong_ootd,"맨투맨, 반팔 티",,면바지,구두/로퍼,,2022년 11월 18일,70,179,"미니멀, 캐주얼",,
12,nyeong_ootd,맨투맨,재킷,데님팬츠,구두/로퍼,,2022년 11월 19일,70,179,"미니멀, 캐주얼",,
12,nyeong_ootd,"맨투맨, 반팔 티",,데님팬츠,스니커즈/캔버스,,2022년 11월 27일,70,179,"미니멀, 캐주얼",,
12,nyeong_ootd,맨투맨,패딩조끼,트레이닝/조거 팬츠,스니커즈/캔버스,,2022년 12월 4일,70,179,"미니멀, 캐주얼",,
12,nyeong_ootd,"니트, 반팔 티",코트,면바지,구두/로퍼,,2022년 12월 11일,70,179,"미니멀, 캐주얼",,
12,nyeong_ootd,후드티,코트,면바지,구두/로퍼,기타 모자,2022년 12월 20일,70,179,"미니멀, 캐주얼",,
12,nyeong_ootd,"니트, 반팔 티",,데님팬츠,스니커즈/캔버스,,2023년 3월 5일,70,179,"미니멀, 캐주얼",,
12,nyeong_ootd,"반팔 티, 셔츠/블라우스",가디건,데님팬츠,스니커즈/캔버스,,2023년 4월 8일,70,179,"미니멀, 캐주얼",,
12,nyeong_ootd,"반팔 셔츠/블라우스, 반팔 티",,면바지,구두/로퍼,,2023년 8월 25일,70,179,"미니멀, 캐주얼",,
12,nyeong_ootd,반팔 티,,면바지,스니커즈/캔버스,,2023년 8월 27일,70,179,"미니멀, 캐주얼",,
12,nyeong_ootd,반팔 티,,면바지,구두/로퍼,,2023년 8월 29일,70,179,"미니멀, 캐주얼",,
12,nyeong_ootd,반팔 티,,데님팬츠,스니커즈/캔버스,,2023년 9월 1일,70,179,"미니멀, 캐주얼",,
12,nyeong_ootd,"반팔 티, 셔츠/블라우스",,데님팬츠,스니커즈/캔버스,,2023년 9월 8일,70,179,"미니멀, 캐주얼",,
12,nyeong_ootd,"반팔 티, 셔츠/블라우스",,데님팬츠,스니커즈/캔버스,,2023년 9월 18일,70,179,"미니멀, 캐주얼",,
12,nyeong_ootd,긴팔 티,집업,데님팬츠,구두/로퍼,,2023년 10월 5일,70,179,"미니멀, 캐주얼",,
12,nyeong_ootd,"반팔 티, 셔츠/블라우스",재킷,면바지,스니커즈/캔버스,,2023년 10월 15일,70,179,"미니멀, 캐주얼",,
12,nyeong_ootd,"맨투맨, 반팔 티",재킷,데님팬츠,스니커즈/캔버스,,2023년 10월 23일,70,179,"미니멀, 캐주얼",,
12,nyeong_ootd,"반팔 티, 셔츠/블라우스",가디건,면바지,스니커즈/캔버스,,2023년 11월 1일,70,179,"미니멀, 캐주얼",,
12,nyeong_ootd,"맨투맨, 반팔 티",,카고바지,스니커즈/캔버스,기타 모자,2023년 11월 1일,70,179,"미니멀, 캐주얼",,
12,nyeong_ootd,"맨투맨, 반팔 티",,데님팬츠,구두/로퍼,,2023년 11월 3일,70,179,"미니멀, 캐주얼",,
12,nyeong_ootd,맨투맨,재킷,데님팬츠,스니커즈/캔버스,,2023년 11월 4일,70,179,"미니멀, 캐주얼",,
12,nyeong_ootd,"반팔 티, 셔츠/블라우스",가디건,면바지,스니커즈/캔버스,,2023년 11월 6일,70,179,"미니멀, 캐주얼",,
12,nyeong_ootd,"반팔 티, 셔츠/블라우스",가디건,면바지,스니커즈/캔버스,,2023년 11월 7일,70,179,"미니멀, 캐주얼",,
12,nyeong_ootd,"니트, 반팔 티, 셔츠/블라우스",가디건,면바지,스니커즈/캔버스,,2023년 11월 8일,70,179,"미니멀, 캐주얼",,
12,nyeong_ootd,니트,가디건,면바지,스니커즈/캔버스,,2023년 11월 9일,70,179,"미니멀, 캐주얼",,
12,nyeong_ootd,"니트, 반팔 티",바람막이,데님팬츠,구두/로퍼,,2023년 11월 10일,70,179,"미니멀, 캐주얼",,
12,nyeong_ootd,후드티,점퍼,트레이닝/조거 팬츠,스니커즈/캔버스,,2023년 11월 11일,70,179,"미니멀, 캐주얼",,
12,nyeong_ootd,"반팔 티, 후드티",코트,데님팬츠,스니커즈/캔버스,,2023년 11월 11일,70,179,"미니멀, 캐주얼",,
12,nyeong_ootd,긴팔 티,"가디건, 코트",데님팬츠,구두/로퍼,,2023년 11월 12일,70,179,"미니멀, 캐주얼",,
12,nyeong_ootd,"반팔 티, 셔츠/블라우스",가디건,면바지,스니커즈/캔버스,,2023년 11월 13일,70,179,"미니멀, 캐주얼",,
12,nyeong_ootd,"반팔 티, 셔츠/블라우스",집업,면바지,스니커즈/캔버스,,2023년 11월 15일,70,179,"미니멀, 캐주얼",,
12,nyeong_ootd,"반팔 티, 셔츠/블라우스",재킷,면바지,구두/로퍼,,2023년 11월 16일,70,179,"미니멀, 캐주얼",,
12,nyeong_ootd,"니트, 반팔 티",패딩,데님팬츠,구두/로퍼,,2023년 11월 17일,70,179,"미니멀, 캐주얼",,
12,nyeong_ootd,"반팔 티, 후드티",패딩조끼,데님팬츠,스니커즈/캔버스,,2023년 11월 18일,70,179,"미니멀, 캐주얼",,
12,nyeong_ootd,"니트, 반팔 티",코트,데님팬츠,구두/로퍼,,2023년 11월 19일,70,179,"미니멀, 캐주얼",,
12,nyeong_ootd,"니트, 반팔 티",재킷,면바지,스니커즈/캔버스,,2023년 11월 20일,70,179,"미니멀, 캐주얼",,
12,nyeong_ootd,"맨투맨, 반팔 티",,면바지,스니커즈/캔버스,,2023년 11월 21일,70,179,"미니멀, 캐주얼",,
12,nyeong_ootd,"니트, 반팔 티, 셔츠/블라우스",재킷,면바지,구두/로퍼,,2023년 11월 22일,70,179,"미니멀, 캐주얼",,
12,nyeong_ootd,"반팔 티, 셔츠/블라우스",재킷,면바지,스니커즈/캔버스,,2023년 11월 23일,70,179,"미니멀, 캐주얼",,
12,nyeong_ootd,"니트, 반팔 티",,면바지,스니커즈/캔버스,,2023년 11월 24일,70,179,"미니멀, 캐주얼",,
12,nyeong_ootd,"맨투맨, 반팔 티",,면바지,스니커즈/캔버스,,2023년 11월 27일,70,179,"미니멀, 캐주얼",,
12,nyeong_ootd,긴팔 티,재킷,면바지,구두/로퍼,,2023년 11월 29일,70,179,"미니멀, 캐주얼",,
12,nyeong_ootd,"반팔 티, 셔츠/블라우스",재킷,면바지,구두/로퍼,,2023년 11월 30일,70,179,"미니멀, 캐주얼",,
12,nyeong_ootd,"맨투맨, 반팔 티",,면바지,스니커즈/캔버스,,2023년 12월 1일,70,179,"미니멀, 캐주얼",,
12,nyeong_ootd,"니트, 반팔 티",패딩조끼,데님팬츠,스니커즈/캔버스,,2023년 12월 2일,70,179,"미니멀, 캐주얼",,
12,nyeong_ootd,"니트, 반팔 티",,면바지,스니커즈/캔버스,,2023년 12월 4일,70,179,"미니멀, 캐주얼",,
12,nyeong_ootd,"맨투맨, 셔츠/블라우스",,면바지,구두/로퍼,,2023년 12월 5일,70,179,"미니멀, 캐주얼",,
12,nyeong_ootd,"반팔 티, 셔츠/블라우스","재킷, 집업",면바지,스니커즈/캔버스,,2023년 12월 6일,70,179,"미니멀, 캐주얼",,
12,nyeong_ootd,긴팔 티,재킷,면바지,구두/로퍼,,2023년 12월 7일,70,179,"미니멀, 캐주얼",,
12,nyeong_ootd,"니트, 반팔 티",패딩조끼,데님팬츠,스니커즈/캔버스,,2023년 12월 8일,70,179,"미니멀, 캐주얼",,
12,nyeong_ootd,"긴팔 티, 반팔 티",재킷,면바지,구두/로퍼,,2023년 12월 9일,70,179,"미니멀, 캐주얼",,
12,nyeong_ootd,"맨투맨, 반팔 티",집업,면바지,스니커즈/캔버스,,2023년 12월 12일,70,179,"미니멀, 캐주얼",,
12,nyeong_ootd,"니트, 반팔 티",코트,면바지,스니커즈/캔버스,,2023년 12월 13일,70,179,"미니멀, 캐주얼",,
12,nyeong_ootd,"반팔 티, 셔츠/블라우스",가디건,면바지,스니커즈/캔버스,,2023년 12월 14일,70,179,"미니멀, 캐주얼",,
12,nyeong_ootd,"긴팔 티, 니트",코트,데님팬츠,구두/로퍼,머플러,2023년 12월 19일,70,179,"미니멀, 캐주얼",,
12,nyeong_ootd,긴팔 티,재킷,면바지,구두/로퍼,머플러,2023년 12월 24일,70,179,"미니멀, 캐주얼",,
12,nyeong_ootd,"니트, 반팔 티",재킷,면바지,구두/로퍼,,2023년 12월 26일,70,179,"미니멀, 캐주얼",,
12,nyeong_ootd,"맨투맨, 반팔 티",,면바지,스니커즈/캔버스,,2023년 12월 27일,70,179,"미니멀, 캐주얼",,
12,nyeong_ootd,"반팔 티, 셔츠/블라우스","가디건, 코트",데님팬츠,스니커즈/캔버스,,2023년 12월 28일,70,179,"미니멀, 캐주얼",,
12,nyeong_ootd,"니트, 반팔 티",재킷,데님팬츠,스니커즈/캔버스,,2023년 12월 29일,70,179,"미니멀, 캐주얼",,
12,nyeong_ootd,"반팔 티, 후드티",패딩조끼,데님팬츠,스니커즈/캔버스,,2023년 12월 30일,70,179,"미니멀, 캐주얼",,
12,nyeong_ootd,"긴팔 티, 맨투맨",패딩조끼,트레이닝/조거 팬츠,구두/로퍼,,2024년 1월 3일,70,179,"미니멀, 캐주얼",,
12,nyeong_ootd,긴팔 티,가디건,면바지,구두/로퍼,,2024년 1월 6일,70,179,"미니멀, 캐주얼",,
12,nyeong_ootd,긴팔 티,"가디건, 재킷",면바지,구두/로퍼,,2024년 1월 20일,70,179,"미니멀, 캐주얼",,
12,nyeong_ootd,니트,가디건,데님팬츠,구두/로퍼,,2024년 1월 30일,70,179,"미니멀, 캐주얼",,
12,nyeong_ootd,긴팔 티,집업,면바지,스니커즈/캔버스,,2024년 2월 2일,70,179,"미니멀, 캐주얼",,
12,nyeong_ootd,긴팔 티,"재킷, 코트",데님팬츠,구두/로퍼,,2024년 2월 8일,70,179,"미니멀, 캐주얼",,
12,nyeong_ootd,"반팔 티, 셔츠/블라우스",집업,면바지,구두/로퍼,,2024년 2월 15일,70,179,"미니멀, 캐주얼",,
12,nyeong_ootd,긴팔 티,"가디건, 재킷",면바지,구두/로퍼,,2024년 2월 16일,70,179,"미니멀, 캐주얼",,
12,nyeong_ootd,"니트, 반팔 티",점퍼,면바지,스니커즈/캔버스,,2024년 2월 20일,70,179,"미니멀, 캐주얼",,
12,nyeong_ootd,"니트, 반팔 티",재킷,데님팬츠,스니커즈/캔버스,,2024년 2월 22일,70,179,"미니멀, 캐주얼",,
12,nyeong_ootd,"맨투맨, 반팔 티",,면바지,레인부츠,,2024년 2월 23일,70,179,"미니멀, 캐주얼",,
12,nyeong_ootd,긴팔 티,재킷,면바지,구두/로퍼,,2024년 2월 24일,70,179,"미니멀, 캐주얼",,
12,nyeong_ootd,"니트, 반팔 티",재킷,데님팬츠,구두/로퍼,,2024년 2월 27일,70,179,"미니멀, 캐주얼",,
12,nyeong_ootd,"니트, 반팔 티",,데님팬츠,구두/로퍼,,2024년 2월 29일,70,179,"미니멀, 캐주얼",,
12,nyeong_ootd,"니트, 반팔 티",패딩조끼,데님팬츠,스니커즈/캔버스,,2024년 3월 5일,70,179,"미니멀, 캐주얼",,
12,nyeong_ootd,"반팔 티, 셔츠/블라우스",코트,면바지,스니커즈/캔버스,,2024년 3월 7일,70,179,"미니멀, 캐주얼",,
12,nyeong_ootd,"반팔 티, 셔츠/블라우스",코트,면바지,구두/로퍼,,2024년 3월 11일,70,179,"미니멀, 캐주얼",,
12,nyeong_ootd,"반팔 티, 셔츠/블라우스",집업,면바지,구두/로퍼,,2024년 3월 13일,70,179,"미니멀, 캐주얼",,
12,nyeong_ootd,"반팔 티, 셔츠/블라우스",재킷,면바지,구두/로퍼,,2024년 3월 14일,70,179,"미니멀, 캐주얼",,
12,nyeong_ootd,"반팔 티, 셔츠/블라우스",코트,면바지,구두/로퍼,,2024년 3월 15일,70,179,"미니멀, 캐주얼",,
12,nyeong_ootd,긴팔 티,재킷,데님팬츠,구두/로퍼,,2024년 3월 20일,70,179,"미니멀, 캐주얼",,
12,nyeong_ootd,긴팔 티,재킷,데님팬츠,구두/로퍼,,2024년 3월 23일,70,179,"미니멀, 캐주얼",,
12,nyeong_ootd,"맨투맨, 반팔 티",패딩조끼,데님팬츠,스니커즈/캔버스,,2024년 3월 28일,70,179,"미니멀, 캐주얼",,
12,nyeong_ootd,"반팔 티, 셔츠/블라우스",재킷,데님팬츠,스니커즈/캔버스,,2024년 4월 8일,70,179,"미니멀, 캐주얼",,
12,nyeong_ootd,"니트, 반팔 티",,데님팬츠,구두/로퍼,,2024년 4월 10일,70,179,"미니멀, 캐주얼",,
12,nyeong_ootd,"반팔 티, 셔츠/블라우스",집업,면바지,구두/로퍼,,2024년 4월 12일,70,179,"미니멀, 캐주얼",,
12,nyeong_ootd,"반팔 티, 셔츠/블라우스",재킷,면바지,구두/로퍼,,2024년 4월 13일,70,179,"미니멀, 캐주얼",,
12,nyeong_ootd,긴팔 티,재킷,데님팬츠,스니커즈/캔버스,,2024년 4월 14일,70,179,"미니멀, 캐주얼",,
12,nyeong_ootd,"반팔 티, 셔츠/블라우스",재킷,데님팬츠,구두/로퍼,,2024년 4월 17일,70,179,"미니멀, 캐주얼",,
12,nyeong_ootd,"니트, 반팔 티",,면바지,샌들/슬리퍼,,2024년 4월 24일,70,179,"미니멀, 캐주얼",,
12,nyeong_ootd,"니트, 반팔 티",바람막이,데님팬츠,스니커즈/캔버스,,2024년 4월 25일,70,179,"미니멀, 캐주얼",,
13,seooo_mj,반팔 티,,면바지,구두/로퍼,,2022년 8월 4일,70,174,캐주얼,,
13,seooo_mj,반팔 티 2,,반바지,스니커즈/캔버스,장목양말,2022년 8월 11일,70,174,캐주얼,,
13,seooo_mj,"반팔 셔츠/블라우스, 반팔 티",,나일론 팬츠,레더부츠,,2022년 8월 17일,70,174,캐주얼,,
13,seooo_mj,반팔 티,재킷,데님팬츠,스니커즈/캔버스,기타 모자,2022년 8월 21일,70,174,캐주얼,,
13,seooo_mj,"반팔 셔츠/블라우스, 반팔 티",,면바지,샌들/슬리퍼,,2022년 8월 26일,70,174,캐주얼,,
13,seooo_mj,맨투맨,,데님팬츠,스니커즈/캔버스,,2022년 8월 30일,70,174,캐주얼,,
13,seooo_mj,맨투맨,,트레이닝/조거 팬츠,스니커즈/캔버스,기타 모자,2022년 9월 3일,70,174,캐주얼,,
13,seooo_mj,맨투맨,,데님팬츠,스니커즈/캔버스,,2022년 9월 12일,70,174,캐주얼,,
13,seooo_mj,맨투맨,,면바지,구두/로퍼,,2022년 9월 16일,70,174,캐주얼,,
13,seooo_mj,반팔 티,재킷,데님팬츠,구두/로퍼,,2022년 9월 19일,70,174,캐주얼,,
13,seooo_mj,반팔 티,재킷,면바지,구두/로퍼,,2022년 9월 24일,70,174,캐주얼,,
13,seooo_mj,반팔 티,점퍼,트레이닝/조거 팬츠,레더부츠,기타 모자,2022년 10월 2일,70,174,캐주얼,,
13,seooo_mj,"반팔 티, 셔츠/블라우스",,면바지,구두/로퍼,,2022년 10월 4일,70,174,캐주얼,,
13,seooo_mj,긴팔 티,바람막이,면바지,구두/로퍼,,2022년 10월 10일,70,174,캐주얼,,
13,seooo_mj,"니트, 반팔 티",,데님팬츠,스니커즈/캔버스,기타 모자,2022년 10월 13일,70,174,캐주얼,,
13,seooo_mj,"니트, 반팔 티",,데님팬츠,구두/로퍼,기타 모자,2022년 10월 16일,70,174,캐주얼,,
13,seooo_mj,긴팔 티,패딩,나일론 팬츠,스니커즈/캔버스,,2022년 10월 20일,70,174,캐주얼,,
13,seooo_mj,긴팔 티,재킷,면바지,구두/로퍼,,2022년 11월 7일,70,174,캐주얼,,
13,seooo_mj,긴팔 티,집업,면바지,스니커즈/캔버스,기타 모자,2022년 11월 12일,70,174,캐주얼,,
13,seooo_mj,긴팔 티,바람막이,나일론 팬츠,스니커즈/캔버스,,2022년 11월 18일,70,174,캐주얼,,
13,seooo_mj,긴팔 티,가디건,면바지,구두/로퍼,,2022년 11월 21일,70,174,캐주얼,,
13,seooo_mj,"니트, 반팔 티",코트,면바지,구두/로퍼,,2022년 11월 26일,70,174,캐주얼,,
13,seooo_mj,긴팔 티,재킷,트레이닝/조거 팬츠,구두/로퍼,머플러,2022년 11월 29일,70,174,캐주얼,,
13,seooo_mj,긴팔 티,패딩,트레이닝/조거 팬츠,구두/로퍼,머플러,2022년 12월 3일,70,174,캐주얼,,
13,seooo_mj,긴팔 티,재킷,면바지,구두/로퍼,머플러,2022년 12월 9일,70,174,캐주얼,,
13,seooo_mj,후드티,코트,트레이닝/조거 팬츠,구두/로퍼,,2022년 12월 12일,70,174,캐주얼,,
13,seooo_mj,긴팔 티,패딩,트레이닝/조거 팬츠,구두/로퍼,머플러,2022년 12월 16일,70,174,캐주얼,,
13,seooo_mj,"니트, 반팔 티",코트,면바지,구두/로퍼,,2022년 12월 23일,70,174,캐주얼,,
13,seooo_mj,긴팔 티,재킷,면바지,구두/로퍼,머플러,2023년 1월 6일,70,174,캐주얼,,
13,seooo_mj,긴팔 티,패딩,카고바지,스니커즈/캔버스,비니,2023년 1월 27일,70,174,캐주얼,,
13,seooo_mj,긴팔 티,재킷,트레이닝/조거 팬츠,스니커즈/캔버스,,2023년 2월 4일,70,174,캐주얼,,
13,seooo_mj,긴팔 티,바람막이,나일론 팬츠,운동화,기타 모자,2023년 2월 17일,70,174,캐주얼,,
13,seooo_mj,긴팔 티,재킷,트레이닝/조거 팬츠,구두/로퍼,기타 모자,2023년 2월 24일,70,174,캐주얼,,
13,seooo_mj,맨투맨,점퍼,카고바지,스니커즈/캔버스,기타 모자,2023년 2월 26일,70,174,캐주얼,,
13,seooo_mj,"맨투맨, 반팔 티",,데님팬츠,스니커즈/캔버스,기타 모자,2023년 3월 6일,70,174,캐주얼,,
13,seooo_mj,긴팔 티,재킷,카고바지,구두/로퍼,,2023년 3월 8일,70,174,캐주얼,,
13,seooo_mj,긴팔 티,재킷,카고바지,구두/로퍼,,2023년 3월 13일,70,174,캐주얼,,
13,seooo_mj,반팔 티,재킷,데님팬츠,스니커즈/캔버스,,2023년 3월 24일,70,174,캐주얼,,
13,seooo_mj,긴팔 티,가디건,면바지,스니커즈/캔버스,,2023년 3월 27일,70,174,캐주얼,,
13,seooo_mj,반팔 티,재킷,데님팬츠,스니커즈/캔버스,,2023년 4월 1일,70,174,캐주얼,,
13,seooo_mj,반팔 티,점퍼,데님팬츠,구두/로퍼,,2023년 4월 6일,70,174,캐주얼,,
13,seooo_mj,반팔 티,재킷,데님팬츠,스니커즈/캔버스,,2023년 4월 29일,70,174,캐주얼,,
13,seooo_mj,반팔 티,가디건,면바지,구두/로퍼,,2023년 4월 18일,70,174,캐주얼,,
13,seooo_mj,"반팔 티, 셔츠/블라우스",,카고바지,스니커즈/캔버스,,2023년 4월 28일,70,174,캐주얼,,
13,seooo_mj,반팔 티,재킷,반바지,구두/로퍼,장목양말,2023년 5월 7일,70,174,캐주얼,,
13,seooo_mj,반팔 티,,데님팬츠,구두/로퍼,,2023년 5월 18일,70,174,캐주얼,,
13,seooo_mj,"반팔 티, 셔츠/블라우스",,데님팬츠,스니커즈/캔버스,,2023년 6월 18일,70,174,캐주얼,,
13,seooo_mj,반팔 티,,면바지,샌들/슬리퍼,,2023년 6월 25일,70,174,캐주얼,,
13,seooo_mj,반팔 티,재킷,반바지,스니커즈/캔버스,장목양말,2023년 7월 1일,70,174,캐주얼,,
13,seooo_mj,"반팔 셔츠/블라우스, 반팔 티",,면바지,샌들/슬리퍼,,2023년 7월 7일,70,174,캐주얼,,
13,seooo_mj,"반팔 셔츠/블라우스, 반팔 티",,면바지,샌들/슬리퍼,,2023년 7월 15일,70,174,캐주얼,,
13,seooo_mj,반팔 티,,데님팬츠,스니커즈/캔버스,기타 모자,2023년 7월 21일,70,174,캐주얼,,
13,seooo_mj,"반팔 셔츠/블라우스, 반팔 티",,데님팬츠,스니커즈/캔버스,,2023년 8월 2일,70,174,캐주얼,,
13,seooo_mj,반팔 티,,반바지,스니커즈/캔버스,"기타 모자, 장목양말",2023년 8월 6일,70,174,캐주얼,,
13,seooo_mj,반팔 티,,데님팬츠,구두/로퍼,,2023년 8월 8일,70,174,캐주얼,,
13,seooo_mj,반팔 티,,트레이닝/조거 팬츠,스니커즈/캔버스,,2023년 8월 11일,70,174,캐주얼,,
13,seooo_mj,반팔 티,,데님팬츠,샌들/슬리퍼,,2023년 8월 20일,70,174,캐주얼,,
13,seooo_mj,반팔 티,,데님팬츠,구두/로퍼,,2023년 9월 22일,70,174,캐주얼,,
13,seooo_mj,반팔 티,,반바지,스니커즈/캔버스,장목양말,2023년 10월 13일,70,174,캐주얼,,
13,seooo_mj,반팔 티,재킷,나일론 팬츠,스니커즈/캔버스,,2023년 10월 27일,70,174,캐주얼,,
13,seooo_mj,긴팔 티,재킷,데님팬츠,구두/로퍼,,2023년 11월 3일,70,174,캐주얼,,
13,seooo_mj,"니트, 반팔 티",재킷,데님팬츠,구두/로퍼,,2023년 11월 26일,70,174,캐주얼,,
13,seooo_mj,"니트, 반팔 티",코트,카고바지,스니커즈/캔버스,,2023년 12월 13일,70,174,캐주얼,,
13,seooo_mj,긴팔 티,점퍼,데님팬츠,운동화,,2023년 12월 29일,70,174,캐주얼,,
13,seooo_mj,긴팔 티,재킷,데님팬츠,구두/로퍼,,2024년 1월 15일,70,174,캐주얼,,
13,seooo_mj,긴팔 티,재킷,면바지,구두/로퍼,,2024년 1월 22일,70,174,캐주얼,,
13,seooo_mj,"반팔 티, 셔츠/블라우스",재킷,면바지,운동화,,2024년 3월 13일,70,174,캐주얼,,
13,seooo_mj,"반팔 티, 셔츠/블라우스",재킷,데님팬츠,구두/로퍼,,2024년 4월 3일,70,174,캐주얼,,
13,seooo_mj,"맨투맨, 반팔 티, 셔츠/블라우스",,데님팬츠,스니커즈/캔버스,,2024년 4월 15일,70,174,캐주얼,,
13,seooo_mj,반팔 티,재킷,데님팬츠,스니커즈/캔버스,,2024년 4월 25일,70,174,캐주얼,,
14,_jongh0,긴팔 티,재킷,면바지,스니커즈/캔버스,,2023년 1월 3일,65,178,캐주얼,,
14,_jongh0,긴팔 티,"가디건, 코트",데님팬츠,스니커즈/캔버스,기타 모자,2023년 1월 5일,65,178,캐주얼,,
14,_jongh0,"니트, 반팔 티","코트, 패딩조끼",데님팬츠,스니커즈/캔버스,기타 모자,2023년 1월 8일,65,178,캐주얼,,
14,_jongh0,긴팔 티,재킷,데님팬츠,레더부츠,,2023년 1월 14일,65,178,캐주얼,,
14,_jongh0,"반팔 티, 후드티",,데님팬츠,스니커즈/캔버스,기타 모자,2023년 1월 18일,65,178,캐주얼,,
14,_jongh0,"반팔 티, 후드티",,트레이닝/조거 팬츠,스니커즈/캔버스,기타 모자,2023년 1월 23일,65,178,캐주얼,,
14,_jongh0,"니트, 반팔 티",점퍼,데님팬츠,운동화,기타 모자,2023년 1월 25일,65,178,캐주얼,,
14,_jongh0,긴팔 티,재킷,면바지,레더부츠,기타 모자,2023년 1월 30일,65,178,캐주얼,,
14,_jongh0,긴팔 티,재킷,트레이닝/조거 팬츠,스니커즈/캔버스,기타 모자,2023년 2월 5일,65,178,캐주얼,,
14,_jongh0,긴팔 티,"점퍼, 집업",데님팬츠,운동화,기타 모자,2023년 2월 6일,65,178,캐주얼,,
14,_jongh0,긴팔 티,가디건,트레이닝/조거 팬츠,구두/로퍼,"기타 모자, 장목양말",2023년 2월 7일,65,178,캐주얼,,
14,_jongh0,"맨투맨, 반팔 티",,트레이닝/조거 팬츠,구두/로퍼,기타 모자,2023년 3월 1일,65,178,캐주얼,,
14,_jongh0,"맨투맨, 반팔 티",,데님팬츠,스니커즈/캔버스,기타 모자,2023년 3월 2일,65,178,캐주얼,,
14,_jongh0,"반팔 티, 후드티",,반바지,구두/로퍼,"기타 모자, 장목양말",2023년 3월 27일,65,178,캐주얼,,
14,_jongh0,반팔 티,,나일론 팬츠,스니커즈/캔버스,기타 모자,2023년 3월 28일,65,178,캐주얼,,
14,_jongh0,반팔 티,,나일론 팬츠,구두/로퍼,기타 모자,2023년 4월 2일,65,178,캐주얼,,
14,_jongh0,반팔 티,바람막이,반바지,운동화,"기타 모자, 장목양말",2023년 4월 24일,65,178,캐주얼,,
14,_jongh0,반팔 티,바람막이,나일론 팬츠,샌들/슬리퍼,"기타 모자, 장목양말",2023년 4월 26일,65,178,캐주얼,,
14,_jongh0,반팔 티,,나일론 팬츠,스니커즈/캔버스,기타 모자,2023년 4월 27일,65,178,캐주얼,,
14,_jongh0,반팔 티,,나일론 팬츠,운동화,기타 모자,2023년 4월 28일,65,178,캐주얼,,
14,_jongh0,반팔 티,바람막이,반바지,스니커즈/캔버스,"기타 모자, 장목양말",2023년 4월 30일,65,178,캐주얼,,
14,_jongh0,"반팔 셔츠/블라우스, 반팔 티",,반바지,운동화,"기타 모자, 장목양말",2023년 5월 1일,65,178,캐주얼,,
14,_jongh0,반팔 티,,데님팬츠,스니커즈/캔버스,기타 모자,2023년 5월 3일,65,178,캐주얼,,
14,_jongh0,반팔 티,바람막이,나일론 팬츠,스니커즈/캔버스,기타 모자,2023년 5월 4일,65,178,캐주얼,,
14,_jongh0,반팔 티,,면바지,스니커즈/캔버스,기타 모자,2023년 5월 5일,65,178,캐주얼,,
14,_jongh0,반팔 티,,반바지,샌들/슬리퍼,"기타 모자, 장목양말",2023년 5월 6일,65,178,캐주얼,,
14,_jongh0,"반팔 셔츠/블라우스, 반팔 티",가디건,면바지,샌들/슬리퍼,기타 모자,2023년 5월 7일,65,178,캐주얼,,
14,_jongh0,반팔 티,,나일론 팬츠,스니커즈/캔버스,기타 모자,2023년 5월 7일,65,178,캐주얼,,
14,_jongh0,반팔 티,,나일론 팬츠,스니커즈/캔버스,기타 모자,2023년 5월 8일,65,178,캐주얼,,
14,_jongh0,긴팔 티,조끼,반바지,샌들/슬리퍼,장목양말,2023년 5월 9일,65,178,캐주얼,크룩스,
14,_jongh0,반팔 티,바람막이,반바지,스니커즈/캔버스,"기타 모자, 장목양말",2023년 5월 10일,65,178,캐주얼,,
14,_jongh0,반팔 티,,반바지,스니커즈/캔버스,"기타 모자, 장목양말",2023년 5월 12일,65,178,캐주얼,,
14,_jongh0,"니트, 반팔 티",,반바지,구두/로퍼,"기타 모자, 장목양말",2023년 5월 14일,65,178,캐주얼,,
14,_jongh0,반팔 티,,데님팬츠,운동화,기타 모자,2023년 5월 15일,65,178,캐주얼,,
14,_jongh0,반팔 티,,반바지,구두/로퍼,"기타 모자, 장목양말",2023년 5월 16일,65,178,캐주얼,,
14,_jongh0,반팔 티,,반바지,스니커즈/캔버스,"기타 모자, 장목양말",2023년 5월 17일,65,178,캐주얼,,
14,_jongh0,반팔 티,,카고바지,스니커즈/캔버스,기타 모자,2023년 5월 18일,65,178,캐주얼,,
14,_jongh0,반팔 티,,반바지,스니커즈/캔버스,"기타 모자, 장목양말",2023년 5월 19일,65,178,캐주얼,,
14,_jongh0,반팔 티,,나일론 팬츠,구두/로퍼,기타 모자,2023년 5월 21일,65,178,캐주얼,,
14,_jongh0,반팔 티,,데님팬츠,스니커즈/캔버스,기타 모자,2023년 5월 22일,65,178,캐주얼,,
14,_jongh0,반팔 티,,반바지,스니커즈/캔버스,"기타 모자, 장목양말",2023년 5월 23일,65,178,캐주얼,,
14,_jongh0,반팔 티,,나일론 팬츠,스니커즈/캔버스,기타 모자,2023년 5월 24일,65,178,캐주얼,,
14,_jongh0,반팔 티,,나일론 팬츠,스니커즈/캔버스,기타 모자,2023년 5월 25일,65,178,캐주얼,,
14,_jongh0,반팔 티,,나일론 팬츠,운동화,기타 모자,2023년 5월 26일,65,178,캐주얼,,
14,_jongh0,반팔 티,,나일론 팬츠,스니커즈/캔버스,기타 모자,2023년 5월 28일,65,178,캐주얼,,
14,_jongh0,반팔 티,,데님팬츠,스니커즈/캔버스,기타 모자,2023년 5월 31일,65,178,캐주얼,,
14,_jongh0,반팔 티,,카고바지,스니커즈/캔버스,기타 모자,2023년 6월 1일,65,178,캐주얼,,
14,_jongh0,반팔 티,,데님팬츠,레더부츠,,2023년 6월 4일,65,178,캐주얼,,
14,_jongh0,"반팔 셔츠/블라우스, 반팔 티",,반바지,샌들/슬리퍼,장목양말,2023년 6월 6일,65,178,캐주얼,,
14,_jongh0,반팔 티,,나일론 팬츠,운동화,기타 모자,2023년 6월 8일,65,178,캐주얼,,
14,_jongh0,반팔 티,,반바지,스니커즈/캔버스,장목양말,2023년 6월 12일,65,178,캐주얼,,
14,_jongh0,반팔 티,,나일론 팬츠,스니커즈/캔버스,기타 모자,2023년 6월 13일,65,178,캐주얼,,
14,_jongh0,반팔 티,,반바지,스니커즈/캔버스,"기타 모자, 장목양말",2023년 6월 14일,65,178,캐주얼,,
14,_jongh0,반팔 티,,면바지,스니커즈/캔버스,기타 모자,2023년 6월 15일,65,178,캐주얼,,
14,_jongh0,반팔 티,,반바지,운동화,"기타 모자, 장목양말",2023년 6월 17일,65,178,캐주얼,,
14,_jongh0,반팔 티,,반바지,샌들/슬리퍼,기타 모자,2023년 6월 18일,65,178,캐주얼,,
14,_jongh0,반팔 티,,나일론 팬츠,스니커즈/캔버스,기타 모자,2023년 6월 19일,65,178,캐주얼,,
14,_jongh0,반팔 티,,카고바지,스니커즈/캔버스,기타 모자,2023년 6월 20일,65,178,캐주얼,,
14,_jongh0,반팔 티,,카고바지,스니커즈/캔버스,기타 모자,2023년 6월 22일,65,178,캐주얼,,
14,_jongh0,반팔 티,,면바지,스니커즈/캔버스,기타 모자,2023년 6월 23일,65,178,캐주얼,,
14,_jongh0,반팔 티,,반바지,샌들/슬리퍼,기타 모자,2023년 6월 24일,65,178,캐주얼,,
14,_jongh0,반팔 티,,반바지,스니커즈/캔버스,"기타 모자, 장목양말",2023년 6월 27일,65,178,캐주얼,,
14,_jongh0,반팔 티,,카고바지,스니커즈/캔버스,기타 모자,2023년 6월 28일,65,178,캐주얼,,
14,_jongh0,반팔 티,,나일론 팬츠,운동화,기타 모자,2023년 7월 1일,65,178,캐주얼,,
14,_jongh0,반팔 티,,카고바지,스니커즈/캔버스,기타 모자,2023년 7월 2일,65,178,캐주얼,,
14,_jongh0,"반팔 셔츠/블라우스, 반팔 티",,반바지,구두/로퍼,장목양말,2023년 7월 3일,65,178,캐주얼,,
14,_jongh0,민소매 티,,나일론 팬츠,샌들/슬리퍼,기타 모자,2023년 7월 4일,65,178,캐주얼,,
14,_jongh0,반팔 티,,면바지,샌들/슬리퍼,기타 모자,2023년 7월 5일,65,178,캐주얼,,
14,_jongh0,반팔 티,,반바지,스니커즈/캔버스,"기타 모자, 장목양말",2023년 7월 6일,65,178,캐주얼,,
14,_jongh0,반팔 티,바람막이,반바지,샌들/슬리퍼,장목양말,2023년 7월 7일,65,178,캐주얼,,
14,_jongh0,반팔 티,,카고바지,스니커즈/캔버스,기타 모자,2023년 7월 9일,65,178,캐주얼,,
14,_jongh0,"반팔 티, 셔츠/블라우스",,데님팬츠,샌들/슬리퍼,기타 모자,2023년 7월 10일,65,178,캐주얼,,
14,_jongh0,반팔 티,,데님팬츠,스니커즈/캔버스,기타 모자,2023년 7월 12일,65,178,캐주얼,,
14,_jongh0,반팔 티,,반바지,스니커즈/캔버스,장목양말,2023년 7월 13일,65,178,캐주얼,,
14,_jongh0,반팔 티,,데님팬츠,구두/로퍼,기타 모자,2023년 7월 14일,65,178,캐주얼,,
14,_jongh0,"반팔 티, 셔츠/블라우스",,반바지,구두/로퍼,장목양말,2023년 7월 15일,65,178,캐주얼,,
14,_jongh0,반팔 티,,데님팬츠,구두/로퍼,기타 모자,2023년 7월 16일,65,178,캐주얼,,
14,_jongh0,민소매 티,,트레이닝/조거 팬츠,샌들/슬리퍼,기타 모자,2023년 7월 18일,65,178,캐주얼,,
14,_jongh0,반팔 티,바람막이,반바지,스니커즈/캔버스,"기타 모자, 장목양말",2023년 7월 20일,65,178,캐주얼,,
14,_jongh0,반팔 티,,카고바지,스니커즈/캔버스,기타 모자,2023년 7월 21일,65,178,캐주얼,,
14,_jongh0,"반팔 셔츠/블라우스, 반팔 티",,반바지,구두/로퍼,장목양말,2023년 7월 22일,65,178,캐주얼,,
14,_jongh0,반팔 티,,반바지,운동화,"기타 모자, 장목양말",2023년 7월 23일,65,178,캐주얼,,
14,_jongh0,반팔 티,,반바지,스니커즈/캔버스,"기타 모자, 장목양말",2023년 7월 25일,65,178,캐주얼,,
14,_jongh0,반팔 티,,반바지,스니커즈/캔버스,"기타 모자, 장목양말",2023년 7월 26일,65,178,캐주얼,,
14,_jongh0,"반팔 티, 셔츠/블라우스",,반바지,운동화,기타 모자,2023년 7월 27일,65,178,캐주얼,,
14,_jongh0,반팔 티,,데님팬츠,운동화,기타 모자,2023년 7월 28일,65,178,캐주얼,,
14,_jongh0,반팔 티,,나일론 팬츠,샌들/슬리퍼,기타 모자,2023년 7월 29일,65,178,캐주얼,,
14,_jongh0,반팔 티,,나일론 팬츠,스니커즈/캔버스,기타 모자,2023년 7월 30일,65,178,캐주얼,,
14,_jongh0,"니트, 반팔 티",,반바지,스니커즈/캔버스,"기타 모자, 장목양말",2023년 8월 1일,65,178,캐주얼,,
14,_jongh0,맨투맨,,반바지,구두/로퍼,"기타 모자, 장목양말",2023년 8월 4일,65,178,캐주얼,,
14,_jongh0,반팔 티,,면바지,스니커즈/캔버스,기타 모자,2023년 8월 9일,65,178,캐주얼,,
14,_jongh0,"반팔 티, 셔츠/블라우스",,반바지,운동화,"기타 모자, 장목양말",2023년 8월 27일,65,178,캐주얼,,
14,_jongh0,반팔 티,바람막이,반바지,구두/로퍼,"기타 모자, 장목양말",2023년 8월 30일,65,178,캐주얼,,
14,_jongh0,"반팔 티, 셔츠/블라우스",,데님팬츠,운동화,기타 모자,2023년 8월 31일,65,178,캐주얼,,
14,_jongh0,니트,,반바지,구두/로퍼,"기타 모자, 장목양말",2023년 9월 2일,65,178,캐주얼,,
14,_jongh0,반팔 티,,나일론 팬츠,스니커즈/캔버스,기타 모자,2023년 9월 3일,65,178,캐주얼,,
14,_jongh0,긴팔 티,,데님팬츠,스니커즈/캔버스,기타 모자,2023년 9월 4일,65,178,캐주얼,,
14,_jongh0,반팔 티,,카고바지,스니커즈/캔버스,기타 모자,2023년 9월 5일,65,178,캐주얼,,
14,_jongh0,"반팔 티, 셔츠/블라우스",,데님팬츠,스니커즈/캔버스,비니,2023년 9월 6일,65,178,캐주얼,,
14,_jongh0,반팔 티,재킷,데님팬츠,스니커즈/캔버스,기타 모자,2023년 9월 7일,65,178,캐주얼,,
14,_jongh0,"반팔 티, 셔츠/블라우스",,면바지,스니커즈/캔버스,기타 모자,2023년 9월 8일,65,178,캐주얼,,
14,_jongh0,반팔 티,집업,카고바지,스니커즈/캔버스,기타 모자,2023년 9월 9일,65,178,캐주얼,,
14,_jongh0,"반팔 티, 셔츠/블라우스",,데님팬츠,운동화,기타 모자,2023년 9월 15일,65,178,캐주얼,,
14,_jongh0,"반팔 티, 후드티",,카고바지,운동화,기타 모자,2023년 9월 16일,65,178,캐주얼,,
14,_jongh0,후드티,,반바지,스니커즈/캔버스,"비니, 장목양말",2023년 9월 17일,65,178,캐주얼,,
14,_jongh0,반팔 티,바람막이,데님팬츠,운동화,기타 모자,2023년 9월 20일,65,178,캐주얼,,
14,_jongh0,반팔 티,점퍼,데님팬츠,스니커즈/캔버스,기타 모자,2023년 9월 26일,65,178,캐주얼,,
14,_jongh0,반팔 티,바람막이,나일론 팬츠,운동화,기타 모자,2023년 9월 30일,65,178,캐주얼,,
14,_jongh0,반팔 티,점퍼,데님팬츠,운동화,기타 모자,2023년 10월 9일,65,178,캐주얼,,
14,_jongh0,긴팔 티,가디건,데님팬츠,스니커즈/캔버스,기타 모자,2023년 10월 14일,65,178,캐주얼,,
14,_jongh0,"반팔 티, 셔츠/블라우스",,반바지,스니커즈/캔버스,기타 모자,2023년 10월 21일,65,178,캐주얼,,
14,_jongh0,긴팔 티,점퍼,트레이닝/조거 팬츠,운동화,기타 모자,2023년 10월 22일,65,178,캐주얼,,
14,_jongh0,긴팔 티,재킷,데님팬츠,레더부츠,기타 모자,2023년 10월 24일,65,178,캐주얼,,
14,_jongh0,긴팔 티,재킷,데님팬츠,레더부츠,기타 모자,2023년 10월 25일,65,178,캐주얼,,
14,_jongh0,"니트, 반팔 티",,카고바지,운동화,기타 모자,2023년 10월 30일,65,178,캐주얼,,
14,_jongh0,니트,,카고바지,스니커즈/캔버스,기타 모자,2023년 10월 31일,65,178,캐주얼,,
14,_jongh0,"니트, 반팔 티",,데님팬츠,구두/로퍼,기타 모자,2023년 11월 1일,65,178,캐주얼,,
14,_jongh0,긴팔 티,패딩,데님팬츠,스니커즈/캔버스,기타 모자,2023년 11월 2일,65,178,캐주얼,,
14,_jongh0,긴팔 티,코트,데님팬츠,레더부츠,기타 모자,2023년 11월 5일,65,178,캐주얼,,
14,_jongh0,긴팔 티,패딩,데님팬츠,구두/로퍼,기타 모자,2023년 11월 9일,65,178,캐주얼,,
14,_jongh0,"반팔 티, 셔츠/블라우스",,데님팬츠,구두/로퍼,기타 모자,2023년 11월 11일,65,178,캐주얼,,
14,_jongh0,"니트, 반팔 티",,데님팬츠,레더부츠,기타 모자,2023년 11월 14일,65,178,캐주얼,,
14,_jongh0,긴팔 티,패딩,데님팬츠,스니커즈/캔버스,기타 모자,2023년 11월 15일,65,178,캐주얼,,
14,_jongh0,긴팔 티,패딩,카고바지,구두/로퍼,기타 모자,2023년 11월 16일,65,178,캐주얼,,
14,_jongh0,긴팔 티,코트,데님팬츠,구두/로퍼,기타 모자,2023년 11월 20일,65,178,캐주얼,,
14,_jongh0,후드티,패딩,카고바지,레더부츠,기타 모자,2023년 11월 21일,65,178,캐주얼,,
14,_jongh0,긴팔 티,코트,데님팬츠,레더부츠,기타 모자,2023년 11월 22일,65,178,캐주얼,,
14,_jongh0,"반팔 티, 셔츠/블라우스",점퍼,카고바지,레더부츠,기타 모자,2023년 11월 23일,65,178,캐주얼,,
14,_jongh0,후드티,,면바지,스니커즈/캔버스,기타 모자,2023년 11월 24일,65,178,캐주얼,,
14,_jongh0,긴팔 티,재킷,데님팬츠,구두/로퍼,기타 모자,2023년 11월 26일,65,178,캐주얼,,
14,_jongh0,"맨투맨, 반팔 티",,데님팬츠,구두/로퍼,기타 모자,2023년 11월 28일,65,178,캐주얼,,
14,_jongh0,긴팔 티,코트,데님팬츠,레더부츠,기타 모자,2023년 11월 29일,65,178,캐주얼,,
14,_jongh0,긴팔 티,코트,데님팬츠,구두/로퍼,기타 모자,2023년 11월 30일,65,178,캐주얼,,
14,_jongh0,긴팔 티,코트,데님팬츠,구두/로퍼,기타 모자,2023년 12월 1일,65,178,캐주얼,,
14,_jongh0,긴팔 티,점퍼,데님팬츠,스니커즈/캔버스,기타 모자,2023년 12월 3일,65,178,캐주얼,,
14,_jongh0,후드티,코트,데님팬츠,구두/로퍼,기타 모자,2023년 12월 9일,65,178,캐주얼,,
14,_jongh0,긴팔 티,"가디건, 코트",트레이닝/조거 팬츠,구두/로퍼,기타 모자,2023년 12월 11일,65,178,캐주얼,,
14,_jongh0,"니트, 반팔 티",재킷,데님팬츠,구두/로퍼,기타 모자,2023년 12월 14일,65,178,캐주얼,,
14,_jongh0,긴팔 티,점퍼,카고바지,운동화,기타 모자,2023년 12월 17일,65,178,캐주얼,,
14,_jongh0,긴팔 티,패딩,데님팬츠,스니커즈/캔버스,기타 모자,2023년 12월 20일,65,178,캐주얼,,
14,_jongh0,긴팔 티,"재킷, 코트",데님팬츠,구두/로퍼,기타 모자,2023년 12월 25일,65,178,캐주얼,,
14,_jongh0,"반팔 티, 후드티",,데님팬츠,운동화,기타 모자,2023년 12월 26일,65,178,캐주얼,,
14,_jongh0,긴팔 티,재킷,데님팬츠,구두/로퍼,기타 모자,2003년 12월 27일,65,178,캐주얼,,
14,_jongh0,긴팔 티,재킷,데님팬츠,스니커즈/캔버스,기타 모자,2023년 12월 28일,65,178,캐주얼,,
14,_jongh0,"반팔 티, 후드티",코트,데님팬츠,운동화,기타 모자,2023년 12월 30일,65,178,캐주얼,,
14,_jongh0,"반팔 티, 후드티",,데님팬츠,운동화,기타 모자,2024년 1월 2일,65,178,캐주얼,,
14,_jongh0,긴팔 티,가디건,카고바지,스니커즈/캔버스,기타 모자,2024년 1월 3일,65,178,캐주얼,,
14,_jongh0,맨투맨,패딩,데님팬츠,구두/로퍼,기타 모자,2024년 1월 4일,65,178,캐주얼,,
14,_jongh0,긴팔 티,코트,데님팬츠,레더부츠,기타 모자,2024년 1월 5일,65,178,캐주얼,,
14,_jongh0,"긴팔 티, 맨투맨",,데님팬츠,구두/로퍼,기타 모자,2024년 1월 6일,65,178,캐주얼,,
14,_jongh0,"긴팔 티, 후드티",,트레이닝/조거 팬츠,운동화,기타 모자,2024년 1월 9일,65,178,캐주얼,,
14,_jongh0,긴팔 티,점퍼,트레이닝/조거 팬츠,운동화,비니,2024년 1월 10일,65,178,캐주얼,,
14,_jongh0,"긴팔 티, 후드티",코트,트레이닝/조거 팬츠,패딩슈즈,기타 모자,2024년 1월 11일,65,178,캐주얼,,
14,_jongh0,긴팔 티,코트,데님팬츠,스니커즈/캔버스,기타 모자,2024년 1월 28일,65,178,캐주얼,,
14,_jongh0,긴팔 티,점퍼,데님팬츠,스니커즈/캔버스,기타 모자,2024년 1월 29일,65,178,캐주얼,,
14,_jongh0,긴팔 티,"재킷, 코트",데님팬츠,구두/로퍼,"기타 모자, 머플러",2024년 1월 30일,65,178,캐주얼,,
14,_jongh0,긴팔 티,"재킷, 패딩",데님팬츠,스니커즈/캔버스,기타 모자,2024년 2월 2일,65,178,캐주얼,경량패딩,
14,_jongh0,"맨투맨, 반팔 티",,카고바지,운동화,기타 모자,2024년 2월 3일,65,178,캐주얼,,
14,_jongh0,긴팔 티,가디건,데님팬츠,스니커즈/캔버스,기타 모자,2024년 2월 5일,65,178,캐주얼,,
14,_jongh0,반팔 티,"집업, 코트",데님팬츠,운동화,기타 모자,2024년 2월 6일,65,178,캐주얼,,
14,_jongh0,"반팔 티, 후드티",패딩,데님팬츠,스니커즈/캔버스,기타 모자,2024년 2월 8일,65,178,캐주얼,경량패딩?,
14,_jongh0,"반팔 티, 후드티",,데님팬츠,구두/로퍼,기타 모자,2024년 2월 9일,65,178,캐주얼,,
14,_jongh0,"반팔 티, 후드티",,데님팬츠,스니커즈/캔버스,기타 모자,2024년 2월 10일,65,178,캐주얼,,
14,_jongh0,"니트, 반팔 티",,데님팬츠,구두/로퍼,기타 모자,2024년 2월 11일,65,178,캐주얼,,
14,_jongh0,긴팔 티,바람막이,나일론 팬츠,운동화,기타 모자,2024년 2월 12일,65,178,캐주얼,,
14,_jongh0,"니트, 반팔 티",코트,데님팬츠,구두/로퍼,기타 모자,2024년 2월 14일,65,178,캐주얼,,
14,_jongh0,"반팔 티, 후드티",,데님팬츠,스니커즈/캔버스,기타 모자,2024년 2월 16일,65,178,캐주얼,,
14,_jongh0,"반팔 티, 후드티",,데님팬츠,스니커즈/캔버스,기타 모자,2024년 2월 18일,65,178,캐주얼,,
14,_jongh0,"맨투맨, 반팔 티",,카고바지,스니커즈/캔버스,기타 모자,2024년 2월 19일,65,178,캐주얼,,
14,_jongh0,후드티,점퍼,데님팬츠,레더부츠,기타 모자,2024년 2월 20일,65,178,캐주얼,,
14,_jongh0,"반팔 티, 후드티",,카고바지,운동화,기타 모자,2024년 2월 21일,65,178,캐주얼,,
14,_jongh0,후드티,점퍼,데님팬츠,구두/로퍼,기타 모자,2024년 2월 22일,65,178,캐주얼,,
14,_jongh0,"반팔 티, 셔츠/블라우스",점퍼,카고바지,운동화,기타 모자,2024년 2월 23일,65,178,캐주얼,,
14,_jongh0,긴팔 티,재킷,데님팬츠,스니커즈/캔버스,기타 모자,2024년 2월 25일,65,178,캐주얼,,
14,_jongh0,"반팔 티, 후드티",,데님팬츠,스니커즈/캔버스,기타 모자,2024년 2월 26일,65,178,캐주얼,,
14,_jongh0,"맨투맨, 반팔 티",,카고바지,구두/로퍼,기타 모자,2024년 2월 27일,65,178,캐주얼,,
14,_jongh0,맨투맨,,카고바지,스니커즈/캔버스,기타 모자,2024년 2월 28일,65,178,캐주얼,,
14,_jongh0,후드티,,데님팬츠,운동화,기타 모자,2024년 2월 29일,65,178,캐주얼,,
14,_jongh0,긴팔 티,재킷,면바지,운동화,기타 모자,2024년 3월 1일,65,178,캐주얼,,
14,_jongh0,긴팔 티,집업,데님팬츠,레더부츠,기타 모자,2024년 3월 2일,65,178,캐주얼,,
14,_jongh0,"맨투맨, 반팔 티",코트,데님팬츠,구두/로퍼,기타 모자,2024년 3월 3일,65,178,캐주얼,,
14,_jongh0,긴팔 티,집업,데님팬츠,구두/로퍼,기타 모자,2024년 3월 4일,65,178,캐주얼,,
14,_jongh0,"맨투맨, 반팔 티",,데님팬츠,운동화,기타 모자,2024년 3월 5일,65,178,캐주얼,,
14,_jongh0,맨투맨,재킷,면바지,구두/로퍼,기타 모자,2024년 3월 6일,65,178,캐주얼,,
14,_jongh0,"반팔 티, 셔츠/블라우스",,카고바지,운동화,기타 모자,2024년 3월 7일,65,178,캐주얼,,
14,_jongh0,긴팔 티,집업,데님팬츠,구두/로퍼,기타 모자,2024년 3월 8일,65,178,캐주얼,,
14,_jongh0,긴팔 티,바람막이,나일론 팬츠,운동화,기타 모자,2024년 3월 9일,65,178,캐주얼,,
14,_jongh0,맨투맨,,카고바지,운동화,기타 모자,2024년 3월 10일,65,178,캐주얼,,
14,_jongh0,반팔 티,점퍼,데님팬츠,운동화,기타 모자,2024년 3월 11일,65,178,캐주얼,,
14,_jongh0,"니트, 반팔 티",,반바지,스니커즈/캔버스,"기타 모자, 장목양말",2024년 3월 12일,65,178,캐주얼,,
14,_jongh0,반팔 티,바람막이,데님팬츠,운동화,기타 모자,2024년 3월 13일,65,178,캐주얼,,
14,_jongh0,반팔 티,조끼,데님팬츠,구두/로퍼,기타 모자,2024년 3월 15일,65,178,캐주얼,,
14,_jongh0,긴팔 티,코트,데님팬츠,구두/로퍼,기타 모자,2024년 3월 17일,65,178,캐주얼,,
14,_jongh0,"반팔 티, 셔츠/블라우스",,데님팬츠,스니커즈/캔버스,기타 모자,2024년 3월 18일,65,178,캐주얼,,
14,_jongh0,반팔 티,재킷,데님팬츠,샌들/슬리퍼,기타 모자,2024년 3월 19일,65,178,캐주얼,,
14,_jongh0,반팔 티,바람막이,반바지,운동화,"기타 모자, 장목양말",2024년 3월 20일,65,178,캐주얼,,
14,_jongh0,긴팔 티,바람막이,데님팬츠,구두/로퍼,기타 모자,2024년 3월 21일,65,178,캐주얼,,
14,_jongh0,긴팔 티,가디건,데님팬츠,샌들/슬리퍼,기타 모자,2024년 3월 22일,65,178,캐주얼,,
14,_jongh0,반팔 티,재킷,데님팬츠,운동화,기타 모자,2024년 3월 23일,65,178,캐주얼,,
14,_jongh0,반팔 티,재킷,데님팬츠,스니커즈/캔버스,기타 모자,2024년 3월 24일,65,178,캐주얼,,
14,_jongh0,"반팔 티, 셔츠/블라우스",,면바지,샌들/슬리퍼,기타 모자,2024년 3월 25일,65,178,캐주얼,,
14,_jongh0,반팔 티,바람막이,데님팬츠,운동화,기타 모자,2024년 3월 26일,65,178,캐주얼,,
14,_jongh0,반팔 티,,카고바지,운동화,기타 모자,2024년 3월 27일,65,178,캐주얼,,
14,_jongh0,긴팔 티,재킷,데님팬츠,레더부츠,기타 모자,2024년 3월 28일,65,178,캐주얼,,
14,_jongh0,반팔 티,재킷,반바지,스니커즈/캔버스,"기타 모자, 장목양말",2024년 3월 30일,65,178,캐주얼,,
14,_jongh0,"맨투맨, 반팔 티",,반바지,운동화,"기타 모자, 장목양말",2024년 3월 31일,65,178,캐주얼,,
14,_jongh0,반팔 티,,나일론 팬츠,운동화,기타 모자,2024년 4월 1일,65,178,캐주얼,,
14,_jongh0,반팔 티,집업,트레이닝/조거 팬츠,스니커즈/캔버스,기타 모자,2024년 4월 3일,65,178,캐주얼,,
14,_jongh0,반팔 티,,카고바지,스니커즈/캔버스,기타 모자,2024년 4월 4일,65,178,캐주얼,,
14,_jongh0,긴팔 티,재킷,데님팬츠,구두/로퍼,기타 모자,2024년 4월 5일,65,178,캐주얼,,
14,_jongh0,반팔 티,바람막이,나일론 팬츠,스니커즈/캔버스,기타 모자,2024년 4월 6일,65,178,캐주얼,,
14,_jongh0,반팔 티,,반바지,스니커즈/캔버스,장목양말,2024년 4월 7일,65,178,캐주얼,,
14,_jongh0,반팔 티,바람막이,반바지,스니커즈/캔버스,"기타 모자, 장목양말",2024년 4월 8일,65,178,캐주얼,,
14,_jongh0,반팔 티,바람막이,데님팬츠,스니커즈/캔버스,기타 모자,2024년 4월 9일,65,178,캐주얼,,
14,_jongh0,후드티,,반바지,스니커즈/캔버스,"기타 모자, 장목양말",2024년 4월 10일,65,178,캐주얼,,
14,_jongh0,반팔 티,바람막이,카고바지,스니커즈/캔버스,기타 모자,2024년 4월 11일,65,178,캐주얼,,
14,_jongh0,맨투맨,,반바지,구두/로퍼,"기타 모자, 장목양말",2024년 4월 12일,65,178,캐주얼,,
14,_jongh0,반팔 티,,나일론 팬츠,운동화,기타 모자,2024년 4월 13일,65,178,캐주얼,,
14,_jongh0,반팔 티,재킷,데님팬츠,스니커즈/캔버스,기타 모자,2024년 4월 14일,65,178,캐주얼,,
14,_jongh0,"반팔 티, 셔츠/블라우스",,데님팬츠,구두/로퍼,기타 모자,2024년 4월 15일,65,178,캐주얼,,
14,_jongh0,긴팔 티,,카고바지,스니커즈/캔버스,기타 모자,2024년 4월 17일,65,178,캐주얼,,
14,_jongh0,반팔 티,,반바지,스니커즈/캔버스,장목양말,2024년 4월 18일,65,178,캐주얼,,
14,_jongh0,"반팔 셔츠/블라우스, 반팔 티",,카고바지,스니커즈/캔버스,기타 모자,2024년 4월 19일,65,178,캐주얼,,
14,_jongh0,긴팔 티,,반바지,운동화,장목양말,2024년 4월 20일,65,178,캐주얼,,
14,_jongh0,반팔 티,바람막이,나일론 팬츠,스니커즈/캔버스,기타 모자,2024년 4월 21일,65,178,캐주얼,,
14,_jongh0,반팔 티,,데님팬츠,구두/로퍼,기타 모자,2024년 4월 22일,65,178,캐주얼,,
14,_jongh0,반팔 티,,반바지,운동화,"기타 모자, 장목양말",2024년 4월 23일,65,178,캐주얼,,
14,_jongh0,반팔 티,,카고바지,운동화,기타 모자,2024년 4월 24일,65,178,캐주얼,,
14,_jongh0,반팔 티,집업,나일론 팬츠,스니커즈/캔버스,기타 모자,2024년 4월 25일,65,178,캐주얼,,
14,_jongh0,"반팔 티, 셔츠/블라우스",,반바지,구두/로퍼,장목양말,2024년 4월 26일,65,178,캐주얼,,
14,_jongh0,반팔 티,,데님팬츠,운동화,기타 모자,2024년 4월 27일,65,178,캐주얼,,